project,instrument all,instrument source
thrau-jarchivelib,32.154,6.997
Mastercard-client-encryption-java,247.892,11.167
alessio29-savagebot,73.272,21.472
dubasdey-portable-ftp-server,17.543,5.791
LarryDpk-Google-Bard,266.04,13.899
f4b6a3-tsid-creator,7.776,7.686
google-escapevelocity,74.514,10.151
cm-heclouds-onenet-studio-api-java-sdk,19.358,11.71
deniswsrosa-liquicouch,113.976,8.65
massigerardi-ta4j-strategy-parser,23.048,8.311
meteoinfo-wContour,20.745,20.635
matthiaszimmermann-ethereum-paper-wallet,111.641,9.974
eclipse-jbom,38.241,9.514
jai-imageio-jai-imageio-core,28.454,28.36
seintur-jmixer,35.813,6.041
davidmoten-rtree,267.087,37.78
apache-commons-graph,19.988,19.917
devopshydclub-vprofile-repo,150.276,7.119
Nilhcem-FakeSMTP,12.534,7.611
bernardosulzbach-dungeon,45.223,29.199
ExpediaGroup-jasvorno,76.027,9.833
xjodoin-torpedoquery,217.523,14.738
gitbucket-markedj,325.451,8.154
getodk-javarosa,324.32,42.003
open-eid-cdoc4j,133.188,10.296
sritejakv-splitwise-java,217.672,6.7
rsatrio-Keycloak-Federation-ExistingDB,239.127,6.551
actiontech-dble,235.78,228.868
twitter-netty-http2,17.647,9.248
codelibs-elasticsearch-sstmpl,360.665,9.781
lzgabel-camunda-cloud-bpmn-converter,67.309,22.208
BingAds-BingAds-Java-SDK,213.458,213.353
sgoertzen-sonar-break-maven-plugin,30.934,7.953
steveash-jopenfst,58.386,11.533
TheCookieLab-poloniex-api-java,55.302,10.389
qzw1210-JustAuth,88.93,15.158
yuqi1129-calcite-test,153.275,29.35
amzn-amazon-pay-api-sdk-java,218.699,11.222
liudongdong0909-mybatis-generator-core-fix,49.83,37.504
gabrie-allaigre-sonar-gitlab-plugin,115.272,21.259
Celos-avro-json-decoder,47.973,6.579
usnistgov-Lineage-Mapper,35.511,11.506
sachin-handiekar-jInstagram,17.803,13.39
jhalterman-lyra,18.954,11.31
zhining-lu-netty-websocket-proxy,108.773,9.284
webbynet-protostuff-runtime-proto,14.939,7.805
soot-oss-heros,221.343,19.058
alipay-ams-java-sdk,16.139,11.675
ZhongAnTech-dmds,86.849,39.305
xcsp3team-XCSP3-Java-Tools,31.657,31.574
xspec-xspec-maven-plugin-1,332.272,14.774
sagiegurari-fax4j,235.274,20.951
Sweetiee-yi-Jaba,7.574,7.505
niesfisch-java-code-tracer,16.741,7.651
sonian-elasticsearch-jetty,301.53,13.738
opentimestamps-java-opentimestamps,63.811,13.337
pagehelper-Mybatis-PageHelper,116.636,16.552
saoj-mentabean,21.696,18.296
HdrHistogram-HdrHistogram,12.28,12.208
twitter-sbf,439.187,12.854
mesosphere-marathon-client,187.673,9.817
inversoft-jackson5,67.631,6.706
sigopt-sigopt-java,213.418,9.883
InfoSec812-sonar-auth-google,134.065,7.003
JodaOrg-joda-time-hibernate,84.83,8.055
mocnik-science-geogrid,22.993,8.616
StarlangSoftware-TurkishSentiNet,5.722,5.639
btrplace-scheduler,279.4,90.301
Isaac315-sql-translator,113.3,9.17
jpenren-thymeleaf-ui-dialect,32.275,14.935
Thare-Lam-fast-elasticsearch-query-builder,238.664,17.317
Coreoz-Wisp,314.793,12.503
raydac-java-binary-block-parser,33.628,32.678
hsiafan-apk-parser,96.58,12.085
razorpay-razorpay-java,321.161,10.231
weibocom-yar-java,86.432,8.321
AlexP11223-JavaSpringMvcBlog,161.508,12.755
macacajs-wd.java,65.537,11.053
spotify-async-datastore-client,72.997,12.313
wang007-vertx-start,145.431,15.802
palatable-shoki,36.318,35.063
apache-dubbo-hessian-lite,328.519,14.624
RestExpress-PluginExpress,137.753,14.117
games647-ColorConsole,74.097,9.751
mattdavey-EuronextClone,53.167,10.732
vangj-jbayes,30.454,14.276
zman2013-scuttlebutt,219.33,11.285
awslabs-aws-glue-catalog-sync-agent-for-hive,2970.344,11.23
Fundynamic-dune2themaker4j,317.234,17.742
braintree-braintree_java,221.345,40.547
xingePush-xinge-api-java,28.305,8.313
sdorra-shiro-unit,253.266,5.667
ForgeRock-OpenBanking-UK-Datamodel-Java-SDK,62.423,46.206
TakahikoKawasaki-nv-i18n,16.885,16.79
danielwegener-logback-kafka-appender,217.867,9.018
davidmoten-rtree2,268.186,26.168
ThangLeQuoc-aqi-calculator,326.198,7.475
chocoteam-choco-graph,58.396,18.671
GoogleCloudPlatform-app-maven-plugin,216.307,15.398
mulesoft-labs-rhinodo,25.155,11.054
TheBlackChamber-commons-encryption,109.857,15.427
vashishthask-eclipse-to-maven,143.754,7.611
attoparser-attoparser,14.834,14.765
Sayi-swagger-diff,101.631,12.442
apereo-cas-server-security-filter,216.221,8.132
jnr-jnr-netdb,25.15,8.161
jetty-project-jetty-eventsource-servlet,19.29,6.359
blackdoor-hate,37.665,11.834
casbin-jcasbin,267.042,35.226
JervyShi-nacos-embedded,19.347,5.523
eyp-serfj,133.084,8.766
danieldk-dictomaton,62.293,13.581
Asana-java-asana,75.559,11.988
ben-xo-cdjscrobbler,224.805,10.164
ferstl-spring-jdbc-oracle,314.71,11.047
phax-ph-events,34.765,9.459
SpoonLabs-spooet,313.981,11.12
srikanth-lingala-zip4j,217.628,20.07
damnhandy-Handy-URI-Templates,30.861,11.347
dgroup-laconic-velocity,27.609,9.96
alexcojocaru-elasticsearch-maven-plugin,127.762,15.705
eBay-FeedSDK,331.175,11.146
f4b6a3-uuid-creator,13.834,13.764
bkatwal-kafka-util,349.68,13.555
Pablissimo-SonarTsPlugin,131.065,12.881
yomorun-hashids-java,5.171,5.072
Grundlefleck-ASM-NonClassloadingExtensions,233.736,8.594
didi-benchmark-thrift,72.846,12.458
wxynihao-book118-downloader,192.806,5.006
LiveRamp-HyperMinHash-java,40.265,7.423
mvpjava-springboot-JUnit5-tutorial,134.79,7.497
spriet2000-vertx-handlers-http,145.604,7.758
apache-commons-jxpath,135.183,23.085
jdbc-observations-datasource-proxy,130.49,27.794
aliyun-aliyun-log-logback-appender,75.423,7.552
meltmedia-jgroups-aws,68.919,8.495
resurfaceio-logger-java,10.483,10.388
taxjar-taxjar-java,13.756,13.642
rpuch-xremoting,51.397,8.48
jsunsoftware-http-request,76.073,12.279
naver-lucy-xss-servlet-filter,95.744,5.992
topwingo-zeroFlow,72.564,12.615
atteo-evo-inflector,319.214,6.358
datoin-http-requests,60.945,7.538
knowm-jspice,307.283,16.945
tupilabs-tap4j,11.932,8.927
Zlika-reproducible-build-maven-plugin,88.933,8.779
indeedeng-vowpal-wabbit-java,57.735,7.924
NTTDATA-EMEA-QAT-cherry,116.306,11.262
arangodb-jackson-dataformat-velocypack,237.528,227.868
ThoughtWire-hazelcast-locks,77.016,8.625
ChannelApe-shopify-sdk,91.877,23.366
terrestris-shogun-legacy,409.247,19.097
stackify-stackify-metrics,30.312,9.015
stupid1t-poi-excel,116.377,11.021
os72-protobuf-dynamic,21.994,8.98
lukfor-pgs-calc,129.77,15.826
DataDog-jmeter-datadog-backend-listener,732.434,13.926
aurbroszniowski-Rainfall-core,34.617,14.397
pvto-konte-art,29.002,28.923
jbrundege-taro,176.647,9.281
SAP-archive-cloud-paulpredicts,288.001,12.633
swri-robotics-bag-reader-java,130.742,15.302
theborakompanioni-thymeleaf-extras-shiro,258.124,11.733
drmacro-wordinator,345.912,17.096
denniskniep-GQLRaider,32.204,6.784
jahlborn-jackcess,65.754,58.366
maven-nar-nar-maven-plugin,152.39,35.484
sabomichal-liquibase-mssql,56.934,6.4
nicoulaj-checksum-maven-plugin,111.496,10.535
zhoujianling-PointCloudUtilities,17.588,17.484
justauth-JustAuth,167.381,21.728
ThinkingDataAnalytics-java-sdk,36.518,9.266
apache-pdfbox-jbig2,10.728,10.647
thomasmueller-minperf,33.862,22.456
narupley-not-going-to-be-commons-ssl,137.803,11.789
etsy-statsd-jvm-profiler,128.054,10.661
jordw-heftydb,58.991,15.675
pablobastidasv-kc_security,210.716,7.471
pmlopes-aws-lambda-native-vertx,146.578,8.007
jprante-elasticsearch-transport-websocket,309.865,13.324
psjava-psjava,31.552,31.474
trystan-AsciiPanel,17.638,6.122
cowtowncoder-java-uuid-generator,8.376,8.298
zencoder-zencoder-java,105.251,7.61
mirabeau-nl-ceddl4j,29.656,6.35
unruly-control,122.173,14.702
davidmoten-bplustree,206.147,23.885
CarmJos-AliDDNS-Updater,111.813,8.61
kamaladafrica-codice-fiscale,13.131,13.052
AuthorizeNet-sdk-java,46.88,25.098
savantly-net-log4j2-extended-jsonlayout,43.174,6.771
apache-sling-org-apache-sling-feature,251.062,29.071
j-easy-easy-states,301.158,7.193
solita-functional-utils,154.751,154.672
j-easy-easy-flows,310.382,8.098
Barteks2x-173generator,63.296,18.791
kevin-wang001-mockj,64.342,10.982
fdinoff-neovim-java-client,60.44,8.32
sinrimin-netty-socketio-client,18.446,8.252
nutzam-nutzwx,48.979,13.763
monkeymq-jgossip,146.615,8.945
Cryptonomica-cryptonomica,1224.455,22.238
basdijkstra-tau-rest-assured,141.649,8.217
andylamp-BPlusTree,7.674,7.561
houbb-opencc4j,12.685,7.995
qoomon-banking-swift-messages-java,259.838,15.71
davidmoten-rxjava2-file,52.529,7.16
autermann-yaml,63.693,13.859
afranken-jmeter-analysis-maven-plugin,159.157,12.122
codelibs-elasticsearch-langfield,272.683,10.473
mariazevedo88-json-formatter-validator,45.673,6.416
wealthfront-thompson-sampling,220.379,6.67
amazon-archives-aws-ssm-java-caching-client,294.208,12.965
gkopff-gson-jodatime-serialisers,47.981,10.945
shibing624-crf-seg,43.116,10.588
SonarSource-sonar-auth-bitbucket,183.07,7.706
agoncal-agoncal-application-petstore-ee7,359.006,15.109
barrer-translate-online,16.085,6.69
telefonicaid-netphony-network-protocols,22.042,21.961
amihaiemil-zold-java-client,22.497,6.622
Antibrumm-jackson-antpathfilter,31.005,6.839
eurekaclinical-datastore,81.413,9.76
uia4j-uia-sim,44.722,8.337
neilswainston-FragGenie,181.849,10.605
jackhallam-weightless-orm,235.554,10.574
google-jsontoken,72.654,8.466
houbb-sensitive-word,49.025,9.477
archervanderwaal-storm-server,68.42,11.352
bohnman-squiggly,60.346,10.237
dev-aspectj-aspectj-maven-plugin,10.326,10.26
sysco-middleware-kafka-client-collector,81.278,6.799
thymeleaf-thymeleaf-itutorial,27.476,8.563
jsolve-templ4docx,338.584,12.488
javadev-sqltojava,24.253,7.467
rockt-SETH,68.728,34.151
wavefrontHQ-wftop,429.36,12.356
jlinn-quartz-redis-jobstore,63.149,16.355
lazee-freemarker-java-8,53.744,8.292
jtmelton-attack-surface-analyzer,77.033,31.996
YuboLong-MyLive,83.788,14.793
DReichLab-ADNA-Tools,59.455,13.49
lexburner-consistent-hash-algorithm,69.745,6.19
vaulttec-sonar-auth-oidc,260.37,8.968
iris-edu-stationxml-seed-converter,33.914,12.563
sandflow-regxmllib,12.13,12.059
mixer-beam-client-java,121.33,9.944
jasminb-jsonapi-converter,38.364,9.494
linux-china-plantuml-gist,164.288,7.94
twitter-nodes,69.376,13.032
inversoft-restify,67.014,9.564
contentful-contentful-management.java,101.359,76.907
aelstad-keccakj,8.075,7.962
davidmoten-predict4java,16.287,7.728
mdewilde-podcast-parser,44.387,12.514
keikai-dev-ref,323.682,17.953
yanceyZhang-wx-chatbot,37.565,7.425
huangbowen521-SpringJMSSample,142.553,6.146
MagicTheGathering-mtg-sdk-java,53.791,7.88
qubole-qds-sdk-java,123.665,15.926
jklingsporn-vertx-push-onesignal,142.018,8.386
JavaMoney-jsr354-ri-bp,21.044,20.974
forcedotcom-wsc,694.094,17.932
HarvardPL-AbcDatalog,17.839,17.771
tdunning-bandit-ranking,98.664,9.892
iost-official-java-sdk,103.843,7.662
sparkapi-SparkJava,20.043,9.814
jprante-elasticsearch-csv,327.765,8.248
zerouwar-Octopus,178.659,16.587
jhunters-jprotobuf,50.242,34.668
parship-roperty,130.129,9.323
TNG-property-loader,326.608,8.726
phax-as2-server,132.402,11.013
gongdaowen-ofdparser,113.24,11.254
revdotcom-revai-java-sdk,291.19,12.945
Afrozaar-wp-api-v2-client-java,375.715,15.4
binance-binance-futures-connector-java,144.065,20.969
OrderLab-OKLib,24.989,16.605
apache-dubbo-rpc-jsonrpc,64.071,7.524
codeine-cd-codeine,141.741,30.893
mhshams-jnbis,258.917,8.483
trganda-yaml2http,38.223,7.047
bkatwal-kafka-solr-sink-connector,126.677,12.824
greengerong-prerender-java,58.591,6.733
patriques82-alphavantage4j,15.036,14.925
tomwhite-set-game,37.03,13.6
ghaffarian-progex,29.411,29.319
pierredavidbelanger-logback-awslogs-appender,250.517,8.748
tarql-tarql,93.495,12.407
Doccrazy-keycloak-protocol-cas,110.014,10.361
openshift-openshift-restclient-java,264.909,32.673
weswilliams-GivWenZen,240.022,15.129
davidmoten-rxjava-slf4j,272.586,11.113
lastaflute-lastaflute,64.964,64.872
aerogear-aerogear-unifiedpush-java-client,217.485,7.842
ElectronicChartCentre-java-vector-tile,51.579,13.397
intoolswetrust-jsignpdf,721.184,23.649
amazon-ion-ion-docs,47.35,10.442
bazaarvoice-rison,36.662,7.012
mambu-gmbh-Mambu-APIs-Java,2794.029,24.386
msemys-esjc,38.327,38.221
SumoLogic-sumologic-kinesis-connector,191.606,9.951
indeedeng-mph-table,427.027,16.398
amazon-archives-amazon-kinesis-connectors,312.006,11.776
exchange-core-orderbook,243.867,10.407
graphhopper-jackson-datatype-jts,40.316,6.398
msigwart-fakeload,220.621,9.578
agarciadom-xeger,11.581,5.584
Col-E-Simple-Memory-Compiler,5.824,5.751
pk8est-table-printer,74.067,7.201
robshep-logback-logdna,13.984,5.34
joel-costigliola-assertj-neo4j,298.789,12.735
jinahya-bit-io,227.982,11.629
thomasmueller-tinyStats,8.125,8.025
locationtech-spatial4j,35.314,14.804
amihaiemil-docker-java-api,27.44,13.057
ctrl-alt-dev-tps-parse,13.535,11.974
serg472-htmlcompressor,93.527,11.067
BarcodeAPI-server,87.064,10.508
BellaDati-belladati-sdk-java,30.518,21.481
baswerc-routes,329.652,14.794
inreachventures-aws-signing-request-interceptor,60.498,8.455
smartrics-RestFixture,35.999,14.216
jnr-jnr-ffi,44.676,44.588
googleapis-java-pubsub-group-kafka-connector,391.821,22.702
graphstream-gs-core,47.372,47.279
gchq-synthetic-data-generator,61.206,8.337
spdx-Spdx-Java-Library,45.72,45.634
koen-serneels-ws-proxy,123.47,11.86
FasterXML-jackson-core,266.648,34.465
ECharts-Java-ECharts-Java,118.865,48.928
geosolutions-it-geoserver-manager,23.557,19.705
contentful-contentful.java,219.829,17.351
awslabs-amazon-sns-java-extended-client-lib,229.298,8.074
reactiverse-vertx-maven-plugin,337.723,24.181
roskart-dropwizard-jaxws,556.816,14.714
simplymequeeny-json-string-schema-generator,70.871,6.968
NovatecConsulting-BeanTest,320.479,7.92
hazelcast-hazelcast-azure,608.165,16.427
reinert-JJSchema,28.453,8.822
supercargo-guice-persist-jooq,123.152,7.388
triologygmbh-reCAPTCHA-V2-java,133.933,8.474
mokiat-java-data-front,260.612,8.414
linked-solutions-jarql,143.525,8.673
ksprojects-zkcopy,332.647,8.072
graylog-labs-syslog4j-graylog2,125.525,12.975
dgroup-docker-unittests,125.149,27.314
smartystreets-smartystreets-java-sdk,268.292,11.144
netceteragroup-trema-core,260.777,11.429
echisan-wbp4j,21.344,7.653
CodeShield-Security-Log4JShell-Bytecode-Detector,86.227,7.808
aws-amazon-neptune-sigv4-signer,252.196,9.489
ngallagher-simplexml,53.127,53.052
codelibs-jcifs,321.747,37.058
hankcs-hanlp-lucene-plugin,71.966,6.982
apache-sling-org-apache-sling-servlets-resolver,281.742,29.924
Coreoz-PPT-Templates,266.515,14.375
jnr-jnr-unixsocket,88.929,9.088
spotify-simple-bigtable,105.294,14.876
amazon-archives-aws-dynamodb-stream-eventbridge-fanout,306.96,16.288
aled-jsi,53.28,9.784
stevespringett-CPE-Parser,12.183,8.552
GoogleCloudPlatform-kafka-pubsub-emulator,228.202,21.197
sarojaba-prettytable4j,327.267,6.875
alfasoftware-soapstone,247.389,14.056
oskopek-javaanpr,120.369,12.059
lrozenblyum-chess,218.504,15.945
2captcha-2captcha-java,222.68,9.321
Blazemeter-xtn5250,178.806,15.033
awslabs-aws-codepipeline-custom-job-worker,222.842,8.635
cocolian-cocolian-nlp,31.716,12.325
vlingo-xoom-cluster,279.712,15.622
houbb-segment,14.438,8.63
facebook-facebook-java-business-sdk,300.408,300.307
icgw-FCA-Map,95.155,27.582
junichi11-netbeans-color-codes-preview,36.671,26.11
jfaster-mango,223.687,35.84
StarlangSoftware-TurkishPropBank,6.523,6.427
albfernandez-javadbf,9.629,9.555
NetherlandsForensicInstitute-kafka-spout,616.854,8.382
almson-almson-refcount,10.78,10.705
EnterpriseQualityCoding-FizzBuzzEnterpriseEdition,25.203,6.271
verilylifesciences-genomewarp,137.521,32.079
vitalidze-chromecast-java-api-v2,31.358,11.657
softlayer-softlayer-java,260.987,87.639
devopshydclub-vprofile-project,267.466,7.778
ripreal-V8LogScanner,126.226,16.307
wttech-Maven-CRX-Plugin,80.262,8.111
OWASP-OWASP-WebScarab,142.388,46.763
cternes-openkeepass,40.817,12.247
ashwanthkumar-gocd-janitor,15.239,9.042
romix-java-concurrent-hash-trie-map,8.377,8.275
fsantiag-sonar-clojure,223.801,8.996
sonatype-heuristic-version,44.22,10.4
jtidy-jtidy,59.1,14.74
jprante-log4j2-elasticsearch,326.821,8.585
makersoft-mybatis-shards,138.318,13.639
neuland-jade4j,24.45,14.842
toolbox4minecraft-amidst,24.254,24.155
AgNO3-jcifs-ng,323.467,27.199
jingpeicomp-id-generator,10.581,10.467
3redronin-mu-server,53.561,52.152
elasticpath-json-unmarshaller,179.807,7.994
davidmoten-rtree-multi,266.209,23.137
vidstige-jadb,125.61,7.303
Shunshun94-discord-bcdicebot,105.6,13.282
nuxeo-onedrive-java-client,14.687,7.454
js-cookie-java-cookie,268.299,15.525
ethlo-jsons2xsd,288.299,6.886
PacktPublishing--Learn-Algorithms-and-Data-Structures-in-Java-for-Day-to-Day-Applications,417.248,7.903
studerw-td-ameritrade-client,245.436,17.654
orientechnologies-orientdb-jdbc,139.079,14.664
neil-justice-louvain,54.137,6.951
janssk1-maven-graph-plugin,135.605,8.99
vidageek-crawler,38.318,7.359
shred-commons-xml,214.416,6.573
chengdedeng-waf,371.817,35.364
dmeoli-WS4J,72.364,12.162
conveyal-osm-lib,70.514,11.654
forgemo-bittrex-java-client,25.349,6.391
MountCloud-graphql-client,29.214,6.728
floppylab-markdown2document,51.898,14.946
mikera-enlight,70.851,5.824
Kurento-kurento-module-creator,33.159,12.916
sbesada-java.math.expression.parser,6.522,6.454
gquintana-metrics-sql,283.822,8.614
spotify-futures-extra,265.673,9.338
sailthru-sailthru-java-client,231.491,10.724
eBay-bsonpatch,54.935,8.463
lukas-vlcek-elasticsearch.demo,252.615,6.884
rpau-javalang,29.098,29.02
sofastack-sofa-hessian,32.153,32.047
george-haddad-cardme,23.946,23.851
code4craft-xsoup,425.93,8.729
jitsi-otr4j,222.322,10.031
coralblocks-CoralME,262.525,8.607
leonliao-wechat-app-pay-java-sdk,23.75,7.069
lightningMan-flash-netty,73.905,11.685
dperezcabrera-jpoker,180.242,10.404
tenlee2012-elasticsearch-analysis-demo,283.032,9.046
ThreeTen-threetenbp,45.12,45.042
philihp-weblabora,59.641,17.929
HelixNetwork-pendulum,302.599,78.709
tcurdt-jdeb,269.61,14.526
ExpediaGroup-avro-compatibility,64.796,9.716
visenze-visearch-sdk-java,64.608,12.707
dmak-jaxb-xew-plugin,268.501,8.667
DataDog-java-dogstatsd-client,38.777,12.581
awslabs-route53-infima,259.788,8.448
spoofzu-DeepViolet,222.91,9.962
named-data-jndn,44.829,44.72
j256-simplemagic,12.935,9.912
apanimesh061-VaderSentimentJava,69.86,7.767
ganskef-LittleProxy-mitm,80.997,10.393
mulesoft-catalyst-mule-sonarqube-plugin,146.457,9.624
binghe001-mykit-holiday,16.84,5.992
authlete-authlete-java-common,22.099,18.784
swtcpro-jingtum-lib-java,106.949,19.413
tonysparks-leola,17.988,17.914
ysc-word,246.524,36.271
iotaledger-cliri,206.034,54.113
mpatric-mp3agic,175.774,9.455
twitter-joauth,72.454,13.986
datastax-native-protocol,306.884,21.326
vmzakharov-dataframe-ec,208.266,24.931
zhaolihe-useragent-parser,65.603,8.276
righettod-pst-digger,15.836,5.507
devcon5io-mutation-analysis-plugin,263.55,19.549
jsonld-java-jsonld-java,219.572,24.183
fizzed-jne,266.987,10.963
craigwblake-redline,107.443,14.883
iamazy-elasticsearch-sql2,281.076,25.909
scubajorgen-FitReader,176.006,9.066
codelibs-elasticsearch-dataformat,346.674,11.37
OpenLiberty-ci.common,59.543,22.443
idealo-logback-redis,60.807,13.368
klakegg-pkix-ocsp,128.111,6.388
MezereonXP-AnomalyDetectTool,8.581,6.524
mvallim-emv-qrcode,264.331,23.733
sangupta-bloomfilter,5.322,5.252
NLP2RDF-NIF-lib,158.422,13.166
retest-recheck.cli,268.135,17.057
zhuweitung-banana-helper,44.724,15.26
dbaggott-newrelic-dropwizard,65.163,8.182
damienclaveau-kafka-graphite,115.548,8.473
palindromicity-simple-syslog,13.534,13.463
esamson-logback-luhn-mask,266.047,7.028
jedicontributors-jedi-kafka-client,242.044,16.81
wiqer-ef-redis,93.63,11.011
hkhcoder-vprofile-project,270.633,8.826
Ardesco-driver-binary-downloader-maven-plugin,82.134,12.033
dsc-cmt-cmt-statemachine,70.702,7.931
MPriess-GeoJSON-POJO,29.104,7.382
mybatis-mapper-provider,42.276,15.294
AuthorizeNet-sample-code-java,45.173,10.782
upyun-java-sdk,10.781,8.442
RIGS-IT-sonar-xanitizer,290.281,8.726
vert-x3-vertx-docgen,8.724,8.612
hevoio-recoverable-kafka-producer,80.754,13.914
Coveros-GitHub-Sandbox-selenified,218.992,36.361
couchbaselabs-couchbase-capi-server,19.905,9.164
kristofa-mock-http-server,12.94,11.733
vlingo-xoom-streams,14.991,8.184
CurrencyCloud-currencycloud-java,184.964,21.584
Ingenico-ePayments-connect-sdk-java,29.058,28.953
random-maven-profile-activator-extension,200.047,9.311
bremersee-sms,45.733,7.209
avaje-common-avaje-agentloader,58.1,7.404
AquaticInformatics-aquarius-sdk-java,47.176,47.065
PawelGorny-lostword,115.901,11.825
k55k32-simple-codegen,36.615,5.771
zhanyeye-DesSim,46.524,14.083
bazaarvoice-jsonpps,22.591,5.514
jahlborn-jackcessencrypt,129.571,7.603
sbesada-java.math.numerical.library,16.284,16.213
javamelody-jira-confluence-javamelody,144.236,5.617
smitajit-es-rest-mock,240.743,8.629
huaban-jieba-analysis,13.681,7.976
walmartlabs-gozer,246.117,24.269
apache-commons-codec,18.692,18.618
codepine-testrail-api-java-client,65.501,3.089
jcabi-jcabi-maven-plugin,273.236,13.549
webmate-io-webmate-sdk-java,68.568,13.67
thundra-io-thundra-lambda-warmup,133.706,14.999
Trigary-AdvancementCreator,62.597,7.434
wdtinc-mapbox-vector-tile-java,42.717,12.571
petterobam-mds2index.html,11.985,6.604
coldnew-twse-captcha-solver-java,18.995,5.579
mwanji-toml4j,8.83,8.737
juandesi-email4j,59.594,7.228
square-pagerduty-incidents,15.186,6.296
sndyuk-logback-more-appenders,44.793,12.829
hneemann-digitalCustomComponents,75.853,5.7
krullert-universe,85.909,38.348
iquadrat-sbb-train-scheduler,70.956,22.699
Bandwidth-java-bandwidth,29.418,15.067
confluentinc-kafka-connect-datagen,154.729,20.848
threefish-nutz-sqltpl,49.574,6.336
pizihao-crow,17.836,17.733
Wedjaa-JavaAnsibleVault,43.018,5.791
Ant-Grand-Grand,57.186,9.608
zalando-stups-java-sproc-wrapper,222.252,23.387
Azure-Samples-cassandra-proxy,157.879,14.637
eBay-json-comparison,214.537,6.617
cyberborean-rdfbeans,64.725,16.415
Graylog2-gelfclient,344.601,8.355
codelibs-elasticsearch-dynarank,363.731,11.625
hengyunabc-metrics-zabbix,128.603,7.874
shazam-shazamcrest,73.955,10.186
confluentinc-castle,201.68,29.176
johnlpage-POCDriver,45.085,8.168
cloudspannerecosystem-pgadapter,233.695,13.279
SonarSource-sonar-auth-github,113.3,13.175
SpoonLabs-CoCoSpoon,312.365,7.967
jnr-jnr-enxio,86.371,7.823
messai-engineering-Yuga,30.756,9.162
peterbencze-serritor,663.512,13.178
mailjet-mailjet-apiv3-java,47.984,15.502
sblendorio-petscii-bbs,241.502,43.58
spinscale-elasticsearch-graphite-plugin,329.86,8.653
simplesteph-kafka-connect-github-source,144.438,8.093
eightbitjim-cassette-nibbler,19.94,19.835
gini-dropwizard-gelf,363.989,9.976
hlavki-jlemmagen,6.573,6.505
AshisRaj-cucelastic-maven-plugin,212.735,13.51
opendatalab-de-geojson-jackson,28.903,6.801
dizitart-jbus,258.575,8.487
radkovo-Pdf2Dom,58.609,8.935
traiana-kafka-spiffe-principal,140.211,7.887
ashenwgt-awesome-bdd-with-cucumber,68.824,6.936
camunda-camunda-xml-model,27.848,21.35
DenzelCode-AdvancedSQL,194.719,8.309
kevin-wang001-poi-el,229.788,10.572
mvel-mvel,45.126,45.034
codeclou-java-junit-xml-merger,15.99,6.52
jillesvangurp-osm2geojson,60.101,11.298
o19s-RankyMcRankFace,15.388,15.32
chyxion-table-to-xls,112.874,13.334
6tail-lunar-java,21.793,21.706
gherynos-secrete,91.827,6.376
wechatpay-apiv3-CertificateDownloader,34.971,11.357
cescoffier-vertx-completable-future,143.846,9.58
blueapron-kafka-connect-protobuf-converter,201.7,17.714
ceridwen-com-ceridwen-standard-interchange-protocol-library,24.604,10.017
brettwooldridge-SparseBitSet,6.475,6.408
leonhad-paradoxdriver,24.998,24.914
alanhay-html-exporter,352.983,14.21
uber-common-jvm-profiler,45.329,15.657
vlingo-xoom-auth,109.332,16.715
addthis-stream-lib,444.654,14.495
JodaOrg-joda-time,60.091,59.979
venushka-jmxeval,121.123,9.297
wcnwyx-gm-encryption,107.941,5.303
eolinker-sql2dsl,107.952,13.658
digitalfondue-npjt-extra,36.075,9.274
codelion-gramtest,62.88,10.386
octavian-h-time-series-math,257.62,13.863
optimaize-command4j,63.545,8.885
webjars-webjars-locator,85.773,7.991
lyg5623-lightgbm_predict4j,12.485,12.409
jonathanhds-sql-builder,32.011,7.543
dreezey-argon2-password-hash-provider,145.506,7.844
whizzosoftware-WZWave,283.988,12.564
bdupras-guava-probably,65.547,6.937
jottley-spring-social-salesforce,133.206,13.23
kapoorlabs-kiara,80.415,40.411
rjwut-ian,22.492,22.407
valery1707-kaitai-maven-plugin,65.954,10.203
scijava-scripting-clojure,64.046,6.302
dropwizard-dropwizard-elasticsearch,294.842,8.946
flipkart-incubator-databuilderframework,66.013,23.07
smallnest-fastjson-jaxrs-json-provider,35.919,8.511
jnr-jnr-process,83.917,6.412
simonnagl-netdata-java-orchestrator,219.682,16.22
CiscoDevNet-stealthwatch-data-exporter,51.942,13.271
offbynull-portmapper,27.802,17.869
googleapis-disco-to-proto3-converter,141.655,14.106
marzn-telegrambot-japi,48.381,7.126
realexpayments-rxp-hpp-java,31.175,7.833
springml-salesforce-wave-api,57.715,10.297
pascalgn-jiracli,341.175,26.385
schnatterer-musicbrainzws2-java,57.309,38.33
Azure-azure-functions-java-worker,273.287,37.32
openhkr-hkr-si,157.206,32.409
tauris-io-expression,17.54,11.244
hongliuliao-thrift-generator,24.298,6.954
uPortal-Project-portlet-utils,267.983,16
jericks-geometrycommands,31.164,21.488
fusion-jena-JaroWinklerSimilarity,34.461,17.775
RayDeCampo-java-xirr,217.472,5.627
outbrain-GomJabbar,66.085,10.39
uwolfer-gerrit-rest-java-client,75.679,23.856
wso2-config-mapper,77.085,19.996
mahjong4j-mahjong4j,17.244,17.165
JetBrains-jetCheck,12.983,12.912
redlink-gmbh-redlink-java-sdk,141.623,16.952
martin-g-wicket-jquery-selectors,66.02,9.281
EsotericSoftware-yamlbeans,18.789,18.712
EsmerilProgramming-overtown,59.343,13.394
RetailMeNot-TestRailSDK,18.796,8.687
SvenEwald-xmlbeam,26.249,26.159
Cantara-Java-Auto-Update,268.964,10.523
almondtools-stringsearchalgorithms,218.778,18.952
sd4324530-JTuple,12.482,6.602
ppke-nlpg-purepos,38.369,16.508
semuxproject-evm,140.455,13.733
hoereth-springfox-enum-plugin,326.732,8.488
xebia-Xebium,160.696,11.05
fraunhoferfokus-Fuzzino,40.368,40.282
lamarios-sherdog-parser,48.028,7.431
smola-galimatias,49.126,9.346
killbilling-recurly-java-library,63.464,22.055
myui-btree4j,34.412,20.428
open-dis-open-dis-java,84.677,25.038
edagarli-azeroth-event,31.172,8.071
agrison-redux4j,25.553,11.989
cutecharts-cutecharts.java,222.335,6.311
mdewilde-opml-parser,265.728,8.112
authorjapps-simulator,24.666,9.087
JaroslavTulach-heapdump,24.917,6.094
JCVenterInstitute-VIGOR4,234.248,44.707
graphstream-gs-algo,156.541,24.252
hoijui-Jawk,19.444,19.328
renfei-ik-analyzer,27.802,10
wavefrontHQ-wavefront-fdb-tailer,72.927,8.962
dikhan-pagerduty-client,136.859,11.229
TongxiJi-shadowsocks-java,109.312,10.572
tchristofferson-Config-Updater,59.542,6.415
fhoeben-hsac-fitnesse-plugin,83.134,10.455
messenger4j-messenger4j,217.583,20.708
linux-china-toolchains-maven-plugin,68.833,8.57
binance-binance-connector-java,149.497,30.952
lastfm-coverartarchive-api,65.807,8.51
berlam-github-bucket,99.454,99.33
guoliao502-crypto,105.352,5.755
SecureSkyTechnology-burpextender-proxyhistory-webui,116.092,16.614
victor-porcar-delayed-batch-executor,27.399,7.697
RagedUnicorn-github-release-maven-plugin,74.451,9.014
glenrobson-iiif-tiler,96.595,8.978
hageldave-ezFFTW,15.584,6.671
lbehnke-hierarchical-clustering-java,6.674,6.575
nla-outbackcdx,204.932,30.865
stoicflame-ofx4j,60.999,15.923
AdamBien-jwtenizr,13.139,5.953
bmatthews68-ldapunit,165.715,5.333
asterisk-java-asterisk-java,276.957,40.360
dakusui-jcunit,43.277,43.198
StarlangSoftware-TurkishWordNet,14.035,13.961
red6-pdfcompare,261.283,11.112
520github-fw-parallel-task,34.717,11.886
520github-fw-perf-test,6.123,6.036
520github-fw-statemachine,6.224,6.128
6tail-tyme4j,11.079,10.983
abahgat-suffixtree,6.727,6.626
AccelerationNet-access2csv,18.243,4.790
AdamBien-xplr,6.021,5.916
adobe-htl-tck,12.885,6.912
afrunt-jach,7.973,7.870
agentgt-jatl,14.133,7.465
agido-malter-logback-elasticsearch-appender,38.778,9.209
aidhog-blabel,60.090,14.988
ainslec-picocog,5.871,5.772
ajantis-java-crdt,6.975,6.870
akamai-NetStorageKit-Java,7.276,7.162
alex2chen-j-statemachine,63.303,16.485
alexr007-ultimate8,10.880,9.429
aliyun-aliyun-log-flink-connector,260.592,13.486
alt236-apkdetails,143.350,12.808
amazon-archives-aws-request-signing-apache-interceptor,31.565,6.171
andree-surya-moji4j,5.570,5.480
antherd-sm-crypto,5.674,5.605
antlr-antlrworks,46.978,46.910
anubhavshukla-properties-to-yaml-converter,5.874,5.799
apache-commons-cli,17.689,17.575
apache-maven-verifier-plugin,14.888,5.842
appnexus-ElasticNet4j,7.224,7.153
arangodb-java-velocypack,12.186,9.503
asaflevy-SelenuimExtend,146.925,9.784
ashish-chopra-Structures,7.776,7.710
ashwanthkumar-slack-java-webhook,12.987,6.181
assertthat-selenium-shutterbug,279.890,10.551
atorstling-bychan,16.487,16.395
Atrox-haikunatorjava,4.371,4.267
aurbroszniowski-os-platform-finder,6.575,6.221
AVMf-avmf,33.308,11.491
AwakenCN-InChat,87.282,9.655
aws-cloudformation-cloudformation-template-schema,75.074,13.360
awslabs-amazon-kinesis-scaling-utils,71.767,11.663
axelhjalm-bitwig-midi-fighter-twister,11.377,11.285
azam-ulidj,5.878,5.772
badlogic-basis-template,11.530,11.420
bazaarvoice-dropwizard-redirect-bundle,67.074,11.148
beothorn-URISchemeHandler,11.178,5.239
berndporr-iirj,50.674,6.947
bestyize-DoubanAPI,5.922,5.837
beyonddream-JRAKE,15.837,6.037
bgandon-juli-to-slf4j,7.806,6.537
biouno-figshare-java-api,15.390,6.236
biouno-pbs-java-api,9.228,7.049
bkiers-atlas,10.628,6.156
blackbeard334-djoom3,130.623,130.503
blinkfox-mini-table,5.973,5.901
bluemix-NumberToArabicWords,8.674,8.590
bmwcarit-hmm-lib,8.946,8.493
bonnyfone-vectalign,9.978,8.097
bookshelfdave-etp,10.330,8.421
bouncestorage-chaos-http-proxy,78.193,9.569
bpodgursky-jbool_expressions,12.529,12.451
bpsm-edn-java,50.231,11.937
brutusin-commons,6.572,6.469
bserdar-jcliff,32.055,11.191
btrekkie-dynamic-connectivity,7.924,7.857
bubuntux-poker-engine,8.275,8.205
buddy-works-simple-java-project,7.326,5.005
budhash-cliche,7.626,7.522
c0ny1-captcha-killer,18.445,8.145
carlosbritojun-jflunt,7.623,7.519
carlostse-jopencc,33.304,5.738
casid-jusecase,8.281,8.169
cbartosiak-bson-codecs-jsr310,13.935,7.516
Chatanga-Girinoscope,8.978,8.878
chenjianjx-wsdl2html,33.918,10.008
chrfrantz-DBSCAN,5.572,5.465
chriswhocodes-FreeLogJ,5.622,5.524
Chrriis-RRDiagram,8.526,8.457
cjmatta-kafka-connect-irc,55.133,6.072
clarkchen-data_structure,7.426,7.348
cloudbees-diff4j,9.430,9.321
cloudiator-visor,393.296,22.375
codedance-silken,54.290,6.888
codelibs-jhighlight,33.957,33.847
codelibs-ranklib,46.571,14.838
coderodde-OrderStatisticTree,8.276,8.174
CodinGameCommunity-XmasRush,200.329,11.819
coekie-gentyref,17.841,17.764
corentin59-ArtNetStack,6.772,6.677
cowtowncoder-java-cachemate,6.874,6.760
cowtowncoder-low-gc-membuffers,8.775,8.688
c-rack-cbor-java,9.479,9.378
crispab-javabuilderpattern,15.139,7.495
crossoverJie-leetcode,5.071,4.979
Crozin-Wykop.pl-Java-SDK,39.815,7.677
ctran-TinyRadius,18.690,7.788
CubeEngine-Dirigent,8.829,8.727
dadiyang-equator,5.624,5.528
daisy-jhyphen,6.024,5.955
dampcake-bencode,7.425,7.348
darmiel-eeee,8.983,8.913
dart-maven-plugin-dart-maven-plugin,64.677,8.679
DavidHerBet-java-codility,6.675,6.586
davidmoten-guava-mini,267.224,6.359
davidmoten-word-wrap,46.075,12.882
ddopson-java-class-enumerator,5.723,5.618
delthas-JavaMP3,6.023,5.930
demidenko05-beigesoft-accounting,29.051,28.972
demidenko05-beigesoft-webstore,42.674,42.558
de-mklinger-tomcat-juli-slf4j,7.024,6.917
devnied-Bit-lib4j,47.725,6.050
dhatim-business-hours-java,7.774,7.675
dibbhatt-kafka-spark-consumer,384.724,12.035
digipost-http-client-builder,20.446,6.221
digitalheir-java-nfa,74.554,7.399
DigitalPebble-TextClassification,8.976,8.883
digital-preservation-utf8-validator,6.430,6.351
dingjs-javaagent,24.848,24.739
dkellenb-formula-evaluator,13.131,13.037
dmcg-okey-doke,9.383,9.269
dmitry-zhuravlev-jooq-postgis-spatial,127.229,13.501
dpaukov-combinatoricslib,12.379,12.295
d-plaindoux-suitcase,30.204,30.098
dpressel-sgdtk,34.263,9.704
Driftt-EmailReplyParser,62.794,5.921
dsyer-spring-security-rsa,127.821,6.055
dubin555-Kafka-Insight,120.624,9.632
duguying-pinyin,5.371,5.292
duma-repo-manis-study,53.283,12.839
dyng-polling,29.550,7.559
earcut4j-earcut4j,5.774,5.672
ecki-et-otp,5.923,5.840
e-gineering-gitflow-helper-maven-plugin,69.738,10.911
EladLeev-KeyToField-smt,151.854,6.260
elasql-elasql,50.235,25.469
entrusc-xdata,9.628,9.541
erdtman-java-json-canonicalization,5.874,5.794
eurekaclinical-javautil,117.716,12.900
everwatchsolutions-json-data-generator,425.798,12.692
EXIficient-exificient-core,16.385,16.303
f0ng-captcha-killer-modified,20.794,10.387
f4b6a3-ksuid-creator,6.878,6.785
f4b6a3-ulid-creator,6.577,6.510
fangyidong-json-simple,8.025,7.952
fasseg-exp4j,12.483,10.631
FasterXML-jackson-annotations,9.677,9.565
FasterXML-jackson-benchmarks,60.262,60.141
FasterXML-java-classmate,15.283,15.191
FDMediagroep-hamcrest-jsoup,16.639,5.866
feiYouLian-jpinyin,6.224,6.123
FelixGail-gplaymusic,18.392,11.516
fengwenyi-api-result,5.971,5.877
fiji-AnalyzeSkeleton,39.816,9.439
floverfelt-find-and-replace-maven-plugin,90.379,8.264
forcedotcom-SiteCrawler,147.739,10.857
fordfrog-ruian2pgsql,24.147,10.072
ForteScarlet-Mock.java,26.855,10.210
Francesco149-koohii,7.724,7.641
francisdb-serviceloader-maven-plugin,90.885,8.424
freva-ascii-table,6.825,6.714
fuzziness-kabeja,14.683,14.570
fzakaria-ascii85,5.071,4.983
g4dpz-predict4java,16.637,16.531
g4s8-cactoos-crypto,6.373,5.886
GaoLeiQin-SwordOffer,8.376,8.296
gaols-reduce-rule,6.122,6.031
GeBeater-dozer-jdk8-support,23.402,6.239
gesellix-Nimbus-JOSE-JWT,176.284,11.135
ghacupha-book-keeper,74.361,7.478
ghosthack-turismo,107.711,9.324
Gikkman-Java-Twirk,9.227,9.140
giltene-jHiccup,5.875,5.784
GitHub-Laziji-reverse-regexp,6.275,6.172
gkopff-gson-javatime-serialisers,12.984,6.894
gmr-rabbitmq-flume-plugin,63.806,7.967
GMWolf-artemis-odb-eeel,6.176,6.084
goncalomb-NBTEditor,66.235,17.131
GoSimpleLLC-jpgAgent,18.544,7.584
goxr3plus-java-google-speech-api,7.472,7.360
gradusnikov-jmatio,8.576,8.495
grantneale-kafka-lag-based-assignor,100.750,7.398
gregorriegler-babdev-spring,321.020,10.317
gridgain-yardstick,63.798,12.994
gridkit-jvm-attach,9.783,9.351
grumlimited-geocalc,12.082,10.487
habernal-confusion-matrix,7.776,7.680
hackingwu-Java-Promise,6.175,6.063
hajhouj-fastsico,6.074,5.960
harawata-appdirs,24.600,6.453
Harium-etyl,11.737,11.614
Harium-keel,22.745,22.651
HebiRobotics-HebiCam,16.910,6.257
hellige-ccs,7.926,7.836
hellokaton-webp-io,5.324,5.254
heremaps-oksse,13.783,5.522
Heroicai0101-abtest,11.030,10.939
heroku-heroku-jvm-application-deployer,88.132,9.332
hertzsprung-hamcrest-json,221.297,6.406
hifly81-bank-account-axon,69.371,8.979
hivsuper-document-converter,12.786,6.187
hneemann-Oscilloscope,12.837,12.727
hoijui-ReZipDoc,7.124,7.025
hongbeomi-Programmers,8.726,8.617
houbb-heaven,17.359,17.238
houbb-pinyin,12.985,7.768
houbb-word-checker,12.180,7.737
hsluv-hsluv-java,24.497,5.623
hs-web-hsweb-utils,15.835,7.062
hubert-marteau-MultiChainJavaAPI,29.159,8.541
HugoJhonathan-Challenge-Oracle-ONE-conversordemoedas,16.288,6.380
huiwang-cracking-the-coding-interview,9.425,9.346
huiyang100-excel-formula-engine,10.029,5.464
humbertodias-java-data-structures-algorithms,8.126,8.022
hummeling-if97,8.378,8.305
ibit-tech-sql-builder,12.882,12.769
IBM-Cloud-gp-java-client,58.635,13.999
iceenongli-iceworkday,10.129,10.048
idealo-mongodb-slow-operations-profiler,81.178,19.743
igniterealtime-tinder,124.715,11.480
iipc-jwarc,14.033,13.936
iipc-urlcanon,50.776,7.482
imixs-muluk,25.302,7.453
imohsenb-ISO8583-Message-Client-java,289.058,9.556
in28minutes-JUnitIn28Minutes,5.821,5.751
iNamik-java_text_tables,8.475,8.395
indexdata-cql-java,7.175,7.071
instana-instana-java-opentracing,6.372,6.289
InstantWebP2P-tweetnacl-java,7.024,6.939
internetitem-logback-elasticsearch-appender,29.475,8.222
ironpinguin-serialized-php-parser,6.174,6.059
iterate-ch-java-openstack-swift,17.189,9.149
IvanTrendafilov-Confucius,6.775,6.693
ixa-ehu-ixa-pipe-ml,61.294,32.874
ixa-ehu-ixa-pipe-tok,63.302,7.652
iyzico-iyzipay-java,15.739,15.657
j256-simplecsv,8.429,8.341
j256-two-factor-auth,5.482,4.676
jacksonpradolima-csv2bib,25.700,6.453
jackyfd-collectionX,11.529,7.866
jaeheonshim-ChessBoard,6.372,6.285
jagrosh-MusicBot,63.661,14.564
jahlborn-sqlbuilder,14.385,14.312
jamf-AppConfig-Generator,119.286,11.724
JanGorman-jersey-passbook,315.898,9.068
jano7-executor,6.623,6.547
jarekratajski-badlam,10.480,5.794
javadelight-delight-fileupload,10.379,5.519
javadev-moneytostr,8.027,7.951
JavadocMD-simplelatlng,7.576,7.484
javagl-Common,12.383,12.280
javagl-Obj,8.826,8.730
java-sepa-xml-java-sepa-xml,6.873,6.795
javastar920905-mdbook,5.420,5.342
Javastro-jsofa,8.476,8.366
jbossas-staxmapper,10.328,10.233
jcabi-jcabi-ssl-maven-plugin,89.541,17.340
jcbvm-i18n-editor,66.550,9.887
jchambers-fast-uuid,35.112,10.929
jchambers-id-obfuscator,6.676,6.590
jchambers-jeospatial,33.159,10.665
JeffLi1993-java-core-learning-example,22.993,12.578
jenshadlich-S3-Performance-Test,52.338,8.836
jetlang-remoting,25.301,18.774
jhalterman-concurrentunit,11.888,6.485
jhalterman-typetools,9.127,7.722
jiangxincode-SearchEngine,59.454,8.211
jitsi-bccontrib,62.188,6.704
jitsi-jitsi-webrtc-vad-wrapper,64.048,6.451
jlawrie-opencsv,8.675,8.596
jmazzitelli-prometheus-scraper,22.448,8.586
jmurty-java-xmlbuilder,6.123,6.034
jnr-jnr-constants,100.438,100.337
JodaOrg-joda-collect,74.704,13.159
JodaOrg-joda-time-i18n,12.934,5.316
johnlcox-toml4j,15.588,7.707
JohnsProject-JGameEngine,10.376,10.271
jonatan-kazmierczak-class-visualizer,10.328,10.242
jon-hanson-parsecj,37.214,13.617
joniles-rtfparserkit,8.792,8.155
jonpereiradev-diff-objects,15.235,10.105
JoonasVali-jartin,12.233,8.110
jramoyo-indexed-file-reader,5.922,5.848
jriecken-gae-java-mini-profiler,851.553,8.007
jrmelsha-keccak,50.228,5.887
jruby-jcodings,13.833,13.719
jruby-joni,15.285,15.204
julienchastang-charts4j,14.884,14.781
julietkilo-CANBabel,8.381,8.313
jvirtanen-config-extras,14.882,5.313
jvitorr-Jeasier,62.186,7.527
jzy3d-jGL,14.539,14.468
kabutz-striped-executor-service,7.327,7.230
kamranzafar-jtar,6.173,6.100
KasperFranz-AntiAd,66.855,7.523
kayahr-pherialize,7.724,7.643
kazuhikoarase-jaconv,5.672,5.583
KevinStern-software-and-algorithms,12.530,12.462
kgalant-PackageBuilder,84.163,13.339
kifj-jboss-syslog,4.975,4.868
kohsuke-wordnet-random-name,5.173,5.090
kolchagov-java-crud-api,227.395,14.490
konsolas-ConditionalCommands,64.704,7.129
KosherJava-zmanim,10.231,10.126
kravchik-jcommon,11.081,10.985
kristofa-wicket-tagcloud,44.272,6.437
krpors-delver,16.235,6.421
Kuangcp-NettyBook2,256.560,14.781
Kugin-data-reconciliation,39.813,11.372
kungfoo-geohash-java,7.475,7.405
kwart-demo-kerberos-in-java,665.312,8.104
Labs64-swid-generator,25.849,8.716
lafaspot-ja3_4java,10.236,5.072
LatencyUtils-LatencyUtils,7.125,7.038
Lcry-java-png-compress-util,8.876,5.291
lemire-externalsortinginjava,7.324,7.231
leonbloy-pngj,20.894,20.808
lerndevops-samplejavaapp,36.196,8.971
levigo-jbig2-imageio,10.027,9.922
lexburner-kdio,12.632,5.747
lfkdsk-bnf-ast,13.733,13.654
LianjiaTech-json-diff,77.208,8.024
libcoolsocket-java,8.476,8.397
LibrePDF-OpenRTF,225.412,225.298
lightoze-gwt-i18n-server,2725.743,10.972
lingyejun-tick-authenticator,6.325,6.097
liqpay-sdk-java,7.126,7.055
lizard-framework-lizard-spi,5.622,5.554
loehndorf-scengen,36.969,12.407
LogisticsCraft-OcclusionCulling,10.483,5.628
logpresso-CVE-2021-44228-Scanner,15.189,10.238
loong0306-commutils4j,129.267,11.235
lucaspouzac-contiperf,10.830,10.724
luigiselmi-flink-kafka-consumer,531.197,10.777
lujinfeifly-jsoncode,6.477,6.363
m09-syllable-counter,4.620,4.536
magdel-MapNav,17.492,17.382
maping-java-maven-calculator-web-app,45.974,7.172
MarkShen1992-Mashibing_High_Concurrency,30.259,16.656
marschall-path-classloader,11.583,5.829
marschall-svn-diffstat,120.024,10.022
martincooper-java-datatable,19.538,9.795
marwin1991-keep-changelog-maven-plugin,95.924,15.717
Maschell-JNUSLib,17.490,17.391
mateiw-littlebasic,10.479,9.043
matthewhorridge-mdock,8.228,8.153
mattsheppard-gethostname4j,17.435,5.021
maxmind-geoip-api-java,263.580,6.922
maxtomin-decimal,7.176,7.075
mdeanda-lorem,5.722,5.653
mduerig-json-jerk,8.227,8.155
medmes-keycloak-monitoring-spi,104.212,8.112
meixuesong-aggregate-persistence,143.448,10.849
metamug-java-jwt,5.273,5.188
mfathi91-persian-date-time,7.022,6.913
michaeltandy-log4j-json,12.286,5.740
michaelwittig-java-q,64.295,9.550
MieskeB-json-api-spring-boot,5.973,5.865
mike706574-java-map-support,14.733,14.667
mikera-mikera,49.798,32.145
mikera-randomz,52.882,6.545
mileshenrichs-QuiFFT,6.224,6.152
mincloud1501-DevOps,5.020,4.920
MitchTalmadge-ASCII-Data,5.573,5.473
Mixermachine-base-test,7.827,7.751
mixpanel-mixpanel-java,6.826,6.751
mjsalerno-UnoBot,58.588,7.496
mlaccetti-rocksaw,5.975,5.880
mmastrac-nanojson,8.375,8.302
MottoX-BeanUtils,14.733,6.051
MottoX-TAOMP,6.678,6.569
msarhan-ummalqura-calendar,6.172,6.085
msojocs-OmenChallengeHelper,39.821,14.264
murreIsCoding-auth,5.472,5.400
naosense-markdown-preview-sync,20.552,8.554
NawaMan-NullableJ,15.236,15.161
Neop-mudmap2,20.642,20.534
neo-search-multiple-string-searcher,9.127,9.059
netarchivesuite-heritrix3-wrapper,17.693,9.599
nicolas-raoul-jakaroma,6.825,6.751
ning-compress,9.278,8.422
ning-tr13,7.674,7.574
NishkarshRaj-Maven-Using-CMD,5.273,5.200
noelherrick-jell,61.789,6.711
noophq-subtitle,15.536,8.300
nothingax-micro-DB,10.427,10.335
npathai-hamcrest-optional,4.723,4.632
nurkiewicz-typeof,11.231,5.109
ocaffe-numero-por-extenso,5.523,5.455
ocpsoft-common,6.523,6.423
odiszapc-nginx-java-parser,10.381,9.323
offbynull-kademlia,28.652,9.737
ogrodnek-java_fathom,5.273,5.194
olcaytaner-201-DataStructures-Java,6.325,6.222
ooxi-jdatauri,5.724,5.578
openapi-tools-swagger-maven-plugin,680.545,10.082
OpenGamma-ElSql,27.154,8.502
openskynetwork-java-adsb,16.937,8.033
opentracing-contrib-java-concurrent,6.174,6.098
OrhanKupusoglu-bazelize-maven-plugin,78.743,12.583
OWASP-json-sanitizer,5.772,5.685
package-url-packageurl-java,9.328,7.154
patrickfav-uber-adb-tools,58.090,8.978
pawandubey-griffin,216.295,9.827
Payment-Components-demo-sepa,62.858,7.837
paypal-Gibberish-Detector-Java,6.173,6.107
pedrovgs-Algorithms,11.029,10.927
peter-lawrey-admin-Chronicle-Ticker,7.428,7.358
PhantomThief-thrift-pool-client,60.694,9.849
pheerathach-promptpay,20.048,7.606
pingcap-tidb-loadbalance,207.814,8.828
PlayPen-playpen-core,66.550,39.738
PoslavskySV-libdivide4j,33.054,5.354
pouyaesm-signed-community-detection,16.438,7.797
prat-man-unique4j,10.480,7.559
profesorfalken-jPowerShell,7.730,7.623
profesorfalken-jSensors,7.575,7.500
Proteus1989-Air-Explorer-Decrypter,11.090,7.067
prpatel-serverless-java-mini-workshop,10.078,5.178
purcell-jargs,6.322,6.223
PureMVC-puremvc-java-standard-framework,6.174,6.103
PvdBerg1998-PNet,7.675,7.588
qala-io-java-beginner-course,19.993,5.823
qmx-jitescript,13.284,7.294
qqilihq-property-editor,34.355,5.754
qwhai-algorithms-sort,15.935,5.872
RakhmedovRS-DataStructuresAndAlgorithmsInJava2ndEdition,9.678,9.564
ralscha-bsoncodec,328.218,7.262
raymanrt-orientqb,62.188,8.222
RealZimboGuy-ewelink-api-java,33.108,7.590
reckart-tt4j,8.074,7.970
reggert-reb4j,135.038,18.077
resourcepool-ssdp-client,6.474,6.371
RestComm-jasn,11.781,11.691
retog-wymiwyg-commons-core,48.524,9.030
retomerz-mosquito,43.126,8.846
rex-soft-rexdb,182.457,14.003
riversun-bigdoc,11.933,6.705
riversun-java-promise,7.175,7.096
rjohnsondev-java-libpst,8.729,8.645
rjstanford-spreedly-java,6.572,6.490
RKumsher-utils,77.610,11.350
rnorth-duct-tape,7.782,7.319
rnorth-visible-assertions,5.874,5.799
robert-bor-aho-corasick,8.876,8.773
RobertStewart-privateer,5.722,5.636
rombert-desktop-maven-notifier,28.776,7.952
rovats-java-utils,5.572,5.479
rponte-dbunitmanager,24.047,5.780
rponte-pin-decrypter,6.023,5.916
rrice-java-string-similarity,6.429,6.017
rtyley-animated-gif-lib-for-java,74.353,6.498
rweather-noise-java,7.575,7.472
ryenus-rop,6.726,6.622
rynr-launchpad,225.630,6.191
sambatriste-sql-formatter,406.169,8.186
sangkeon-java-opa-wasm,37.011,6.720
sangupta-gather,38.090,17.759
sangupta-murmur,73.960,6.172
scoutant-polyline-decoder,5.923,5.816
scouter-contrib-scouter-plugin-server-alert-slack,44.309,8.094
seahen-maven-s3-wagon,269.356,10.190
seaswalker-netty-wheel,87.319,6.869
sedran-moment4j,16.290,5.638
seregamorph-hamcrest-more-matchers,21.293,13.168
sgreben-regex-builder,10.680,10.598
shapesecurity-salvation,13.583,13.477
shipilev-jdk-backports-monitor,89.780,19.543
shreyasht-java8-validator,4.872,4.779
SiftScience-kafka-assigner,115.227,9.449
silentsoft-oss-notice-file-generator,7.372,7.286
SimpleAstronomy-simple-astronomy-lib,7.775,6.011
SimpleFinance-kafka-dropwizard-reporter,21.693,5.709
sjbutler-idtk-j,7.625,7.532
skyscreamer-JSONassert,7.876,7.779
slub-urnlib,7.174,7.094
smacke-jaydio,6.676,6.573
smsapi-smsapi-java-client,14.284,9.037
Sonal0409-DevOpsCodeDemo,36.257,9.380
sorra-TraceSonar,14.632,7.410
spotify-annoy-java,6.322,6.254
spotify-ssh-agent-proxy,91.846,12.790
SpringStudent-GyJdbc,31.868,14.182
spullara-cli-parser,6.676,6.581
spyhunter99-installcert,23.301,10.007
square-burst,16.537,7.893
square-gifencoder,16.188,10.937
square-jna-gmp,68.345,7.000
square-osstrich,52.039,9.318
sranka-jdbcimage,10.379,10.275
ssedano-jump-consistent-hash,5.220,5.107
starkbank-ecdsa-java,6.626,6.515
StarlangSoftware-Corpus,6.973,6.866
StaticBeagle-ETK4J,13.481,13.386
stefanbirkner-fake-sftp-server-rule,434.373,7.985
STEMLab-JIneditor,91.912,31.480
stevespringett-cvss-calculator,7.726,7.627
stevespringett-owasp-risk-rating-calculator,6.323,6.242
stevespringett-threatmodel-sdk,7.678,7.577
str4d-ed25519-java,11.579,8.477
stripe-interview-java-interview-prep,72.003,4.872
SValentyn-Payment-Management-System,140.749,13.622
svenkubiak-jBCrypt,5.222,5.146
szagriichuk-search-api,8.375,5.857
tacitknowledge-jcr-mock,23.853,8.417
TakahikoKawasaki-nv-websocket-client,13.226,13.096
takari-directory-watcher,61.244,8.735
tbuktu-ntru,176.279,9.062
tcurdt-hadoop-lzo-java,9.277,5.450
tcurdt-jdependency,12.733,8.235
tdebatty-java-LSH,6.273,6.180
tdebatty-java-string-similarity,7.224,7.145
tdunning-anomaly-detection,126.681,7.693
tdunning-open-json,8.528,8.417
teaey-apns4j,6.322,6.246
tencentyun-cos-java-sdk-v4,19.046,8.205
tfredrich-DateAdapterJ,6.024,5.921
thegedge-java-radix-tree,6.972,6.901
TheHolyWaffle-TeamSpeak-3-Java-API,137.907,11.929
threedr3am-dubbo-exp,119.193,11.317
threerings-react,15.385,15.314
TiBeN-ia-rcade,16.838,13.553
tking-JSTUN,7.426,7.328
tkutcher-jgrade,7.775,7.689
tobyweston-Refactoring-Chapter-1,5.575,5.493
tommyettinger-BlazingChain,8.776,8.686
tommyettinger-RegExodus,11.228,11.162
tomsik68-mclauncher-api,10.929,10.817
tony19-named-regexp,6.775,6.685
tonydeng-fmj,71.514,14.052
toolfactory-narcissus,27.100,7.171
ToryZhou-design-pattern,13.935,13.865
trekawek-coffee-gb,60.746,13.511
tud-fop-j-Algo,119.531,119.423
tv2norge-collab-java-serf-client,63.845,7.099
tvesalainen-bcc,21.241,21.142
Twasi-twasi-core,110.362,19.384
typesafehub-netty-http-pipelining,28.349,6.003
udger-udger-java,14.183,7.490
uklimaschewski-JMXWrapper,6.624,6.538
ukman-kolobok,283.869,10.309
unitsofmeasurement-unit-ri,13.285,13.214
unitsofmeasurement-uom-se,16.886,16.810
unruly-java-8-matchers,9.075,8.965
usingsky-KoreanLunarCalendar,5.320,5.213
VaughnVernon-mockroservices-java,10.478,7.955
vdurmont-emoji-java,7.179,7.065
vdurmont-etaprinter,15.032,5.444
vdurmont-semver4j,7.574,7.467
VerbalExpressions-JavaVerbalExpressions,8.677,8.596
vibur-vibur-object-pool,6.423,6.330
victorrentea-clean-code-dive,6.973,6.873
vincentrussell-java-ini-parser,85.979,6.968
vinhkhuc-lbfgs4j,6.175,6.099
vinta-pangu.java,61.187,4.993
vivekragunathan-JINQ,8.276,8.178
viz-centric-flair-commons,31.065,13.414
vizor-games-infraworld-cornerstone,59.992,12.291
volkodavs-secret-santa,180.690,8.335
volodya-lombrozo-hg-revision-plugin,93.453,9.830
w3blogfr-zebra-zpl,6.527,6.443
warmuuh-libsass-maven-plugin,85.933,8.042
waynedyck-gwt-gantt,2668.999,10.138
weaverj-erserver,17.553,8.763
weblyzard-nilsimsa,5.521,5.456
WebThingsIO-webthing-java,24.459,9.576
welk1n-ReverseShell-Java,14.584,5.199
wepay-WePay-Java-SDK,8.828,6.166
william-ferguson-au-asymmetric-crypto,6.175,5.880
wmixvideo-bradesco-boleto-registro,139.947,7.312
wolf-yuan-6115-flowermoon,57.606,14.624
woodpecker-appstore-yonyou-nc-decrypter,5.621,5.535
Workday-timeseries-forecast,6.023,5.938
wstrange-GoogleAuth,17.689,6.354
xcbeyond-ConferenceTrackManagement,13.183,6.203
Xchuanshuo-LiteNESEmulator,155.206,13.832
xianfengyi-ExprEngine,73.317,9.621
xiangbohua-scales-bridge,6.276,6.205
xnnyygn-dynamic-log-level,13.286,5.065
xuanbo-dag-executor,70.598,5.655
xuminwlt-j360-tools,58.148,13.071
XUranus-lightsocks-java,16.938,6.137
yagarea-java-chat,70.051,6.287
yawkat-reflect,6.536,6.455
yfpeng-pengyifan-leetcode,12.583,12.476
yichen0831-OpenCC-Java,72.704,6.345
yinlou-mltk,24.093,23.996
Yubico-yubico-j,5.472,5.361
yurelle-Base45Encoder,7.326,7.253
zafarkhaja-jsemver,8.926,8.856
zhixiangli-code-similarity,28.700,5.820
ZsBT-mrz-java,13.137,7.164
ztelur-consistent-hash-algorithm,72.316,10.543
