project,dynamic,static
2captcha-2captcha-java,0,0
3redronin-mu-server,299838,68
520github-fw-parallel-task,0,0
520github-fw-perf-test,0,0
520github-fw-statemachine,0,0
6tail-lunar-java,0,0
6tail-tyme4j,0,0
abahgat-suffixtree,0,0
AccelerationNet-access2csv,140,4
acegi-xml-format-maven-plugin,0,0
actiontech-dble,1633,10
AdamBien-jwtenizr,4,1
AdamBien-xplr,0,0
addthis-stream-lib,1014,15
adobe-commerce-cif-magento-graphql,0,0
adobe-htl-tck,12,1
aehrc-ontology-core,21,3
aelstad-keccakj,379829,26
aerogear-aerogear-unifiedpush-java-client,16869,3
afranken-jmeter-analysis-maven-plugin,2240,14
Afrozaar-wp-api-v2-client-java,75,1
afrunt-jach,1151,4
agarciadom-xeger,4202,1
agentgt-jatl,0,0
agido-malter-logback-elasticsearch-appender,0,0
agiledon-payroll-ddd,0,0
AgNO3-jcifs-ng,5,3
agoncal-agoncal-application-petstore-ee7,0,0
agrison-redux4j,3,1
aidhog-blabel,238,12
ainslec-picocog,0,0
ajantis-java-crdt,28,2
akamai-NetStorageKit-Java,104,20
AlanDelip-SpringBoot-Template,29,8
alanhay-html-exporter,300,12
albfernandez-itext2,198913,40
albfernandez-javadbf,529,3
aled-jsi,163859,13
aleksandr-m-gitflow-maven-plugin,0,0
alessio29-savagebot,60,13
alex2chen-j-statemachine,0,0
alexcojocaru-elasticsearch-maven-plugin,6,2
alexnederlof-Jasper-report-maven-plugin,4501,5
AlexP11223-JavaSpringMvcBlog,7,3
alexr007-ultimate8,0,0
alfasoftware-soapstone,17213,26
alibaba-rsocket-broker-rsocket-broker-gateway-mqtt,0,0
alipay-ams-java-sdk,50,5
aliyun-aliyun-log-flink-connector,0,0
aliyun-aliyun-log-logback-appender,0,0
almondtools-stringsearchalgorithms,7744,21
almson-almson-refcount,0,0
alt236-apkdetails,4,1
amazon-archives-amazon-kinesis-connectors,365,4
amazon-archives-aws-dynamodb-stream-eventbridge-fanout,12,4
amazon-archives-aws-request-signing-apache-interceptor,0,0
amazon-archives-aws-ssm-java-caching-client,13,5
amazon-archives-dynamodb-key-diagnostics-library,83,6
amazon-archives-pocket-etl,1197,34
amazon-ion-ion-docs,703,3
amihaiemil-docker-java-api,186,17
amihaiemil-zold-java-client,8,2
amzn-amazon-pay-api-sdk-java,62032,3
andree-surya-moji4j,0,0
andylamp-BPlusTree,0,0
Ant-Grand-Grand,506,13
antherd-sm-crypto,0,0
Antibrumm-jackson-antpathfilter,0,0
antlr-antlrworks,0,0
antlr-stringtemplate3,20,1
anubhavshukla-properties-to-yaml-converter,0,0
apache-commons-cli,6,3
apache-commons-codec,201928,62
apache-commons-compress,577257,662
apache-commons-graph,675373,10
apache-commons-imaging,110652,117
apache-commons-jxpath,201862,17
apache-dubbo-hessian-lite,0,0
apache-dubbo-rpc-jsonrpc,5,3
apache-flink-benchmarks,20,5
apache-maven-clean-plugin,7625,6
apache-maven-compiler-plugin,11417,7
apache-maven-deploy-plugin,19736,9
apache-maven-ear-plugin,0,0
apache-maven-help-plugin,9058,7
apache-maven-install-plugin,19288,8
apache-maven-jar-plugin,1187,6
apache-maven-jarsigner-plugin,0,0
apache-maven-shade-plugin,4004,6
apache-maven-shared-utils,0,0
apache-maven-site-plugin,8548,35
apache-maven-source-plugin,12630,6
apache-maven-verifier-plugin,0,0
apache-maven-war-plugin,58475,25
apache-pdfbox-jbig2,0,0
apache-sling-org-apache-sling-dynamic-include,29,2
apache-sling-org-apache-sling-feature,381,32
apache-sling-org-apache-sling-query,23,12
apache-sling-org-apache-sling-scripting-sightly,286,4
apache-sling-org-apache-sling-servlets-resolver,166,5
apanimesh061-VaderSentimentJava,94813,3
apereo-cas-server-security-filter,0,0
Appdynamics-redis-monitoring-extension,394,2
appnexus-ElasticNet4j,3,2
AquaticInformatics-aquarius-sdk-java,0,0
arangodb-jackson-dataformat-velocypack,62787,104
arangodb-java-velocypack,8,8
archervanderwaal-storm-server,172,3
Ardesco-driver-binary-downloader-maven-plugin,104,23
Ardesco-Query,67,1
arey-spring-batch-toolkit,4289,85
argoproj-labs-argo-client-java,0,0
arnaugarcia-sallefy,82612,17
asaflevy-SelenuimExtend,0,0
Asana-java-asana,155,16
asciidoctor-asciidoclet,6236,13
aseldawy-spatialhadoop2,1021096,36
ashenwgt-awesome-bdd-with-cucumber,1017,7
ashish-chopra-Structures,3,3
AshisRaj-cucelastic-maven-plugin,0,0
ashwanthkumar-gocd-janitor,37,13
ashwanthkumar-slack-java-webhook,0,0
assertthat-selenium-shutterbug,0,0
ATLANTBH-owl,0,0
atorstling-bychan,0,0
Atrox-haikunatorjava,0,0
atteo-evo-inflector,0,0
attoparser-attoparser,0,0
augustd-burp-suite-jsonpath,0,0
aurbroszniowski-os-platform-finder,0,0
aurbroszniowski-Rainfall-core,0,0
autermann-yaml,2201,8
authlete-authlete-java-common,126,2
AuthorizeNet-sample-code-java,572,10
AuthorizeNet-sdk-java,12,4
authorjapps-simulator,1201,14
avaje-common-avaje-agentloader,15,3
AVMf-avmf,0,0
AwakenCN-InChat,0,0
aws-amazon-neptune-sigv4-signer,45,1
aws-cloudformation-cloudformation-template-schema,0,0
awslabs-amazon-kinesis-scaling-utils,0,0
awslabs-amazon-sns-java-extended-client-lib,0,0
awslabs-aws-codepipeline-custom-job-worker,33,6
awslabs-aws-glue-catalog-sync-agent-for-hive,12,4
awslabs-route53-infima,1592,8
axelhjalm-bitwig-midi-fighter-twister,0,0
azam-ulidj,1,1
azige-moebooru-viewer,14,1
Azure-azure-functions-java-worker,420,55
Azure-Samples-cassandra-proxy,0,0
badlogic-basis-template,107,1
baidu-smartapp-openapi-java,138150,3
Bandwidth-java-bandwidth,2,1
BarcodeAPI-server,166,24
barrer-translate-online,0,0
Barteks2x-173generator,0,0
basdijkstra-tau-rest-assured,342,21
baswerc-routes,1,1
bazaarvoice-dropwizard-redirect-bundle,0,0
bazaarvoice-jsonpps,75,3
bazaarvoice-rison,52,4
bdupras-guava-probably,55,7
BellaDati-belladati-sdk-java,2107,29
ben-xo-cdjscrobbler,1,1
beothorn-URISchemeHandler,0,0
berlam-github-bucket,141,5
bernardosulzbach-dungeon,21,5
berndporr-iirj,0,0
BestCreater-SSM,0,0
bestyize-DoubanAPI,0,0
beyonddream-JRAKE,0,0
bfh-evg-unicrypt,8,5
bgandon-juli-to-slf4j,0,0
binance-binance-connector-java,380,1
binance-binance-futures-connector-java,185,1
BingAds-BingAds-Java-SDK,1827,10
binghe001-mykit-holiday,0,0
bingoohuang-excel2javabeans,3672,21
bingoohuang-westid,8,4
biouno-figshare-java-api,0,0
biouno-pbs-java-api,6,6
bkatwal-kafka-solr-sink-connector,0,0
bkatwal-kafka-util,1438,19
bkiers-atlas,256,2
blackbeard334-djoom3,0,0
blackdoor-hate,12,1
Blazemeter-xtn5250,3200,5
blinkfox-jpack-maven-plugin,10741,20
blinkfox-mini-table,0,0
blinkfox-zealot,16,1
blueapron-kafka-connect-protobuf-converter,0,0
bluemix-NumberToArabicWords,0,0
bmatthews68-ldapunit,714,15
bmwcarit-hmm-lib,10,1
bohnman-squiggly,812,3
bonnyfone-vectalign,0,0
bookshelfdave-etp,0,0
bouncestorage-chaos-http-proxy,1078,49
bpodgursky-jbool_expressions,0,0
bpsm-edn-java,27,2
braintree-braintree_java,0,0
bremersee-sms,58,5
brettwooldridge-SparseBitSet,0,0
bruceran-krpc,70,7
brutusin-commons,0,0
brutusin-instrumentation,0,0
bserdar-jcliff,1,1
btrekkie-dynamic-connectivity,0,0
btrplace-scheduler,20061,121
bubuntux-poker-engine,0,0
buddy-works-simple-java-project,0,0
budhash-cliche,0,0
c0ny1-captcha-killer,0,0
camunda-camunda-xml-model,1461,10
Cantara-Java-Auto-Update,24,1
carlosbritojun-jflunt,0,0
carlostse-jopencc,0,0
CarmJos-AliDDNS-Updater,746,3
casbin-jcasbin,11,4
casid-jusecase,0,0
cbartosiak-bson-codecs-jsr310,0,0
cellsrg-tabbypdf,0,0
Celos-avro-json-decoder,0,0
CeON-spark-utils,4,2
ceridwen-com-ceridwen-standard-interchange-protocol-library,3,2
cescoffier-vertx-completable-future,67,10
ChannelApe-shopify-sdk,31980,48
Chatanga-Girinoscope,0,0
chengdedeng-waf,0,0
chenhaiyangs-mybatis-encrypt-plugin,0,0
chenjianjx-swagger2html,392,6
chenjianjx-wsdl2html,1,1
chocoteam-choco-graph,380807,5
chrfrantz-DBSCAN,0,0
chriswhocodes-FreeLogJ,23,9
Chrriis-RRDiagram,0,0
chyxion-table-to-xls,205,8
cimiano-tbx2rdf,906,2
CiscoDevNet-stealthwatch-data-exporter,0,0
cjmatta-kafka-connect-irc,0,0
clarkchen-data_structure,46,3
cliang97-HealthReport-WUT,375,15
cloudbees-diff4j,546,2
cloudbees-oss-zendesk-java-client,923,24
cloudiator-sword,11,4
cloudiator-visor,0,0
cloudspannerecosystem-pgadapter,2,1
cm-heclouds-onenet-studio-api-java-sdk,0,0
cocolian-cocolian-nlp,20,1
CODAIT-stocator,25789,2
code4craft-xsoup,36,1
codeclou-java-junit-xml-merger,115,1
codedance-silken,1,1
codeforamerica-pdfparser,42,4
codeine-cd-codeine,6,3
codelibs-elasticsearch-dataformat,8488,103
codelibs-elasticsearch-dynarank,166597,89
codelibs-elasticsearch-langfield,18002,65
codelibs-elasticsearch-sstmpl,62769,98
codelibs-jcifs,5,3
codelibs-jhighlight,0,0
codelibs-ranklib,13,1
codelion-gramtest,0,0
codepine-testrail-api-java-client,91,20
coderodde-OrderStatisticTree,39925,26
CodeShield-Security-Log4JShell-Bytecode-Detector,2,2
CodinGameCommunity-XmasRush,0,0
coekie-gentyref,0,0
coldnew-twse-captcha-solver-java,0,0
Col-E-Simple-Memory-Compiler,0,0
confluentinc-castle,0,0
confluentinc-kafka-connect-datagen,23899,18
contentful-contentful.java,362,6
contentful-contentful-management.java,2162,8
conveyal-osm-lib,4380672,6
coralblocks-CoralME,4,4
corentin59-ArtNetStack,0,0
Coreoz-PPT-Templates,627,4
Coreoz-Wisp,1,1
couchbaselabs-couchbase-capi-server,5971,48
Coveros-GitHub-Sandbox-selenified,11533,24
cowtowncoder-java-cachemate,0,0
cowtowncoder-java-uuid-generator,2,2
cowtowncoder-low-gc-membuffers,12,4
c-rack-cbor-java,200393,28
craigwblake-redline,71,8
crispab-javabuilderpattern,0,0
crossoverJie-distributed-redis-tool,0,0
crossoverJie-leetcode,0,0
Crozin-Wykop.pl-Java-SDK,0,0
Cryptonomica-cryptonomica,8,3
ctapweb-AutoSubClause,536,9
cternes-openkeepass,565,33
ctran-TinyRadius,226,4
ctrl-alt-dev-tps-parse,16,2
ctron-rpm-builder,0,0
CubeEngine-Dirigent,0,0
CurrencyCloud-currencycloud-java,14065,45
cutecharts-cutecharts.java,0,0
cyberborean-rdfbeans,403,12
CycloneDX-cyclonedx-maven-plugin,100,2
dadiyang-equator,0,0
dadoonet-elasticsearch-beyonder,4,2
daimuuc-CampusLife-SSM-,326,11
DaisyDiff-DaisyDiff,0,0
daisy-jhyphen,5,1
damienclaveau-kafka-graphite,1,1
damnhandy-Handy-URI-Templates,12,4
dampcake-bencode,28,20
danieldk-dictomaton,763,24
danielwegener-logback-kafka-appender,6,2
dano-vertx-zeromq,9,3
darmiel-eeee,0,0
dart-maven-plugin-dart-maven-plugin,8,1
DataDog-java-dogstatsd-client,585,22
DataDog-jmeter-datadog-backend-listener,20095,11
datastax-native-protocol,3,1
datoin-http-requests,52,13
davidB-scala-maven-plugin,0,0
DavidHerBet-java-codility,2,1
davidmoten-aws-maven-plugin,0,0
davidmoten-bplustree,11,6
davidmoten-guava-mini,0,0
davidmoten-predict4java,0,0
davidmoten-rtree,84043,18
davidmoten-rtree2,19,4
davidmoten-rtree-multi,21,6
davidmoten-rxjava2-file,0,0
davidmoten-rxjava-jdbc,3,1
davidmoten-rxjava-slf4j,0,0
davidmoten-word-wrap,8,8
dbaggott-newrelic-dropwizard,22,2
ddopson-java-class-enumerator,0,0
delthas-JavaMP3,0,0
demidenko05-beigesoft-accounting,0,0
demidenko05-beigesoft-webstore,0,0
de-mklinger-tomcat-juli-slf4j,3,1
deniswsrosa-liquicouch,0,0
denniskniep-GQLRaider,3,1
DenzelCode-AdvancedSQL,1,1
dev-aspectj-aspectj-maven-plugin,24419,12
devcon5io-mutation-analysis-plugin,11,7
devnied-Bit-lib4j,0,0
devopshydclub-vprofile-project,66,2
devopshydclub-vprofile-repo,36,2
dgroup-docker-unittests,1158,26
dgroup-laconic-velocity,42,6
dhananjaypatkar-kafka-connect-phoenix,1,1
dhatim-business-hours-java,3,3
dibbhatt-kafka-spark-consumer,0,0
didi-benchmark-thrift,5721,10
digipost-http-client-builder,0,0
digitalfondue-npjt-extra,654,15
digitalheir-java-nfa,508,3
DigitalPebble-TextClassification,13,6
digitalpetri-opc-ua-nodeset-parser,0,0
digital-preservation-utf8-validator,0,0
dikhan-pagerduty-client,3382,9
dingjs-javaagent,0,0
dizitart-jbus,14847,5
dkellenb-formula-evaluator,24,23
dmak-jaxb-xew-plugin,175,2
dmcg-okey-doke,7,1
dmeoli-WS4J,66,1
dmitry-zhuravlev-jooq-postgis-spatial,0,0
dnsjava-dnsjava,79740,23
Doccrazy-keycloak-protocol-cas,0,0
domclick-kafka-logback,0,0
dpaukov-combinatoricslib,1,1
dperezcabrera-jpoker,6,6
d-plaindoux-suitcase,0,0
dpressel-sgdtk,0,0
dreezey-argon2-password-hash-provider,4,1
DReichLab-ADNA-Tools,40,13
Driftt-EmailReplyParser,0,0
drmacro-wordinator,6223,30
dropwizard-dropwizard-elasticsearch,14167,13
dropwizard-dropwizard-health,2214,68
dsc-cmt-cmt-statemachine,100,3
dspinellis-ckjm,0,0
dsyer-spring-security-rsa,0,0
dubasdey-portable-ftp-server,2,2
dubin555-Kafka-Insight,0,0
duguying-pinyin,0,0
duma-repo-manis-study,3,3
dyng-polling,0,0
earcut4j-earcut4j,0,0
eBay-bsonpatch,6,6
eBay-FeedSDK,0,0
eBay-json-comparison,0,0
ECharts-Java-ECharts-Java,69,2
echisan-wbp4j,0,0
ecki-et-otp,0,0
eclipse-jbom,120,2
edagarli-azeroth-event,5,1
edgexfoundry-support-rulesengine,65,4
e-gineering-gitflow-helper-maven-plugin,0,0
eightbitjim-cassette-nibbler,358700,2
EladLeev-KeyToField-smt,0,0
elasql-elasql,6,6
elasticpath-json-unmarshaller,51,2
ElectronicChartCentre-java-vector-tile,80,13
EnterpriseQualityCoding-FizzBuzzEnterpriseEdition,764,3
entrusc-xdata,0,0
eolinker-sql2dsl,0,0
erdtman-java-json-canonicalization,0,0
errai-errai,11834,4
esamson-logback-luhn-mask,0,0
EsmerilProgramming-overtown,70,7
EsotericSoftware-yamlbeans,939,18
ethlo-jsons2xsd,14,14
etsy-arbiter,115,3
etsy-statsd-jvm-profiler,14,4
eurekaclinical-datastore,38,5
eurekaclinical-javautil,6,6
everwatchsolutions-json-data-generator,0,0
exchange-core-orderbook,0,0
EXIficient-exificient-core,23,4
ExpediaGroup-avro-compatibility,0,0
ExpediaGroup-datasqueeze,671674,13
ExpediaGroup-jasvorno,3,3
eyp-serfj,18,9
f0ng-captcha-killer-modified,0,0
f4b6a3-ksuid-creator,0,0
f4b6a3-tsid-creator,0,0
f4b6a3-ulid-creator,0,0
f4b6a3-uuid-creator,0,0
fabric8io-docker-maven-plugin,988,68
facebook-facebook-java-business-sdk,194,7
FAIRdom-RightField,3742182,159
fanchaoo-forum,280,6
fanchaoo-hahu,441,6
fangyidong-json-simple,0,0
fasseg-exp4j,0,0
FasterXML-jackson-annotations,0,0
FasterXML-jackson-benchmarks,4,1
FasterXML-jackson-core,23287,192
FasterXML-java-classmate,0,0
fcrepo-exts-fcrepo-import-export,134,20
fdinoff-neovim-java-client,44,5
FDMediagroep-hamcrest-jsoup,97,1
feiYouLian-jpinyin,0,0
FelixGail-gplaymusic,0,0
fengwenyi-api-result,0,0
ferstl-depgraph-maven-plugin,8708,88
ferstl-pedantic-pom-enforcers,0,0
ferstl-spring-jdbc-oracle,70,5
fhoeben-hsac-fitnesse-plugin,68,4
figo-connect-java-figo,4,2
fiji-AnalyzeSkeleton,0,0
finn-no-retriable-kafka-consumer,14,3
fizzed-jne,6,3
flipkart-incubator-databuilderframework,36456,3
floppylab-markdown2document,11360,3
floverfelt-find-and-replace-maven-plugin,496,7
flowscolors-kube-eventer4j,819,16
Flying9001-pay,0,0
forcedotcom-SiteCrawler,0,0
forcedotcom-wsc,256,14
fordfrog-ruian2pgsql,0,0
forgemo-bittrex-java-client,0,0
ForgeRock-OpenBanking-UK-Datamodel-Java-SDK,86,3
ForteScarlet-Mock.java,0,0
fortitudetec-sonar-ruby-plugin,6216,3
Francesco149-koohii,0,0
francisdb-serviceloader-maven-plugin,0,0
fraunhoferfokus-Fuzzino,303,15
freva-ascii-table,0,0
fsantiag-sonar-clojure,0,0
Fundynamic-dune2themaker4j,8,1
fusion-jena-JaroWinklerSimilarity,22,22
fuzziness-kabeja,4,4
fzakaria-ascii85,0,0
g4dpz-predict4java,0,0
g4s8-cactoos-crypto,8,5
gabrie-allaigre-sonar-gitlab-plugin,1514,12
games647-ColorConsole,0,0
ganskef-LittleProxy-mitm,38,6
GaoLeiQin-SwordOffer,0,0
gaols-reduce-rule,0,0
gatanaso-multiselect-combo-box-flow,0,0
gchq-synthetic-data-generator,16614,2
GeBeater-dozer-jdk8-support,0,0
geftimov-hadoop-map-reduce-patterns,0,0
george-haddad-cardme,10,4
geosolutions-it-geoserver-manager,0,0
geosolutions-it-http-proxy,281,27
gesellix-Nimbus-JOSE-JWT,0,0
getgauge-contrib-gauge-maven-plugin,23408,6
getodk-javarosa,1701,11
ghacupha-book-keeper,0,0
ghaffarian-progex,611,4
gherynos-secrete,7,6
ghosthack-turismo,0,0
Gikkman-Java-Twirk,7,7
giltene-jHiccup,0,0
gini-dropwizard-gelf,1857,61
gisarmory-mbtiles4j,1,1
gitbucket-markedj,0,0
GitHub-Laziji-reverse-regexp,0,0
gkopff-gson-javatime-serialisers,0,0
gkopff-gson-jodatime-serialisers,0,0
glenrobson-iiif-tiler,18,4
gmr-rabbitmq-flume-plugin,0,0
GMWolf-artemis-odb-eeel,0,0
goncalomb-NBTEditor,0,0
gongdaowen-ofdparser,10,3
googleapis-disco-to-proto3-converter,7429,4
googleapis-java-pubsub-group-kafka-connector,5,3
googleapis-java-spanner-jdbc,2920644,82
google-closure-stylesheets,3900,44
GoogleCloudPlatform-app-maven-plugin,0,0
GoogleCloudPlatform-kafka-pubsub-emulator,237,3
google-escapevelocity,1820,7
google-guava-beta-checker,0,0
google-jsontoken,0,0
GoSimpleLLC-jpgAgent,0,0
goxr3plus-java-google-speech-api,0,0
gquintana-metrics-sql,19,5
gradusnikov-jmatio,444,20
grantneale-kafka-lag-based-assignor,0,0
graphhopper-jackson-datatype-jts,0,0
graphstream-gs-algo,248229,14
graphstream-gs-core,214,4
Graylog2-gelfclient,10,3
graylog-labs-syslog4j-graylog2,0,0
greengerong-prerender-java,0,0
gregorriegler-babdev-spring,0,0
gridgain-yardstick,0,0
gridkit-jvm-attach,0,0
grumlimited-geocalc,0,0
Grundlefleck-ASM-NonClassloadingExtensions,8,2
gturri-aXMLRPC,477,36
guoliao502-crypto,21,5
Guo-xm-mybatis-expand,0,0
habernal-confusion-matrix,0,0
hackingwu-Java-Promise,0,0
hageldave-ezFFTW,0,0
hajhouj-fastsico,0,0
hankcs-hanlp-lucene-plugin,750,26
harawata-appdirs,0,0
Harium-etyl,0,0
Harium-keel,0,0
HarvardPL-AbcDatalog,3233,6
hazelcast-hazelcast-azure,2934,38
hazelcast-hazelcast-kubernetes,37644,41
HdrHistogram-HdrHistogram,176,11
HebiRobotics-HebiCam,0,0
HelixNetwork-pendulum,40185,20
hellige-ccs,494,6
hellokaton-webp-io,0,0
hengyunabc-metrics-zabbix,0,0
heremaps-oksse,0,0
Heroicai0101-abtest,0,0
heroku-heroku-jvm-application-deployer,0,0
hertzsprung-hamcrest-json,0,0
hevoio-recoverable-kafka-producer,0,0
hifly81-bank-account-axon,3,1
hivsuper-document-converter,0,0
hkhcoder-vprofile-project,66,2
hlavki-jlemmagen,3431,3
hneemann-digitalCustomComponents,7,5
hneemann-Oscilloscope,0,0
hoereth-springfox-enum-plugin,0,0
hoijui-Jawk,0,0
hoijui-ReZipDoc,48,28
hongbeomi-Programmers,0,0
hongliuliao-thrift-generator,65,4
houbb-heaven,0,0
houbb-nlp-hanzi-similar,24,1
houbb-opencc4j,571875,3
houbb-pinyin,238,1
houbb-segment,29,1
houbb-sensitive-word,0,0
houbb-word-checker,0,0
hsiafan-apk-parser,19,3
hsluv-hsluv-java,0,0
hs-web-hsweb-utils,0,0
huaban-jieba-analysis,1698993,3
huangbowen521-SpringJMSSample,203,11
huangp-entityunit,3792,24
hubert-marteau-MultiChainJavaAPI,1,1
HugoJhonathan-Challenge-Oracle-ONE-conversordemoedas,0,0
huiwang-cracking-the-coding-interview,1,1
huiyang100-excel-formula-engine,0,0
humbertodias-java-data-structures-algorithms,18,4
hummeling-if97,0,0
iamazy-elasticsearch-sql2,72,7
ibit-tech-sql-builder,0,0
IBlogLab-enhance-gateway,19,5
IBM-Cloud-gp-java-client,0,0
iceenongli-iceworkday,0,0
icgw-FCA-Map,493,11
icon-Systemhaus-GmbH-javassist-maven-plugin,2122,8
idealo-logback-redis,4,4
idealo-mongodb-slow-operations-profiler,0,0
ifpe-cti-saudegaranhuns,15,3
igniterealtime-openfire-hazelcast-plugin,19,5
igniterealtime-tinder,7,1
iipc-jwarc,19,8
iipc-openwayback,240,14
iipc-urlcanon,0,0
iipc-webarchive-commons,131883,47
imadcn-idworker,2015,17
imagej-example-script-collection,4215,5
Imaginary11-bionic-utils,0,0
imixs-muluk,0,0
imohsenb-ISO8583-Message-Client-java,0,0
in28minutes-JUnitIn28Minutes,0,0
iNamik-java_text_tables,0,0
indeedeng-mph-table,20194,14
indeedeng-vowpal-wabbit-java,0,0
indexdata-cql-java,0,0
indrabasak-bouncycastle-fips-examples,48,11
InfoSec812-sonar-auth-google,9,2
Ingenico-ePayments-connect-sdk-java,151,21
inreachventures-aws-signing-request-interceptor,20,2
instana-instana-java-opentracing,2,2
InstantWebP2P-tweetnacl-java,0,0
intel-jndn-mock,0,0
internetitem-logback-elasticsearch-appender,0,0
in-the-keyhole-khs-sherpa,0,0
intoolswetrust-jsignpdf,0,0
intuit-graphql-filter-java,51,1
inversoft-jackson5,0,0
inversoft-restify,11,3
io7m-aeron-guide,0,0
iorga-group-debattons,38,10
iost-official-java-sdk,18,2
iotaledger-cliri,43280,14
iquadrat-sbb-train-scheduler,519884,6
iris-edu-stationxml-seed-converter,1,1
ironpinguin-serialized-php-parser,0,0
Isaac315-sql-translator,0,0
iterate-ch-java-openstack-swift,15,1
IvanTrendafilov-Confucius,30,6
ixa-ehu-ixa-pipe-ml,2,2
ixa-ehu-ixa-pipe-tok,4,1
iyzico-iyzipay-java,0,0
j256-simplecsv,1,1
j256-simplemagic,4573,7
j256-two-factor-auth,0,0
jackhallam-weightless-orm,1090,11
jacksonpradolima-csv2bib,0,0
jackyfd-collectionX,10,3
jaeheonshim-ChessBoard,0,0
jagrosh-GiveawayBot,7,7
jagrosh-MusicBot,0,0
jagrosh-Vortex,13,12
jahlborn-jackcess,5987769,39
jahlborn-jackcessencrypt,9877,6
jahlborn-sqlbuilder,81,6
jai-imageio-jai-imageio-core,0,0
jamf-AppConfig-Generator,0,0
JanGorman-jersey-passbook,0,0
jano7-executor,0,0
janssk1-maven-graph-plugin,338,6
jarekratajski-badlam,0,0
JaroslavTulach-heapdump,29,2
JaroslavTulach-SelfGraal,29,7
jarslab-babel-maven-plugin,1920,16
jasminb-jsonapi-converter,429,20
javadelight-delight-fileupload,27,6
javadev-moneytostr,0,0
javadev-sqltojava,704,2
JavadocMD-simplelatlng,3,3
javagl-Common,6,6
javagl-Obj,166,3
javalite-jar-explorer,0,0
javamelody-jira-confluence-javamelody,4,1
JavaMoney-jsr354-ri-bp,212181,10
javamonkey-beetl2.0,180,3
java-sepa-xml-java-sepa-xml,0,0
javastar920905-mdbook,0,0
Javastro-jsofa,0,0
jbossas-jboss-dmr,17,7
jbossas-staxmapper,0,0
jbrundege-taro,220,8
jcabi-jcabi-maven-plugin,0,0
jcabi-jcabi-ssl-maven-plugin,0,0
jcbvm-i18n-editor,1,1
jchambers-fast-uuid,0,0
jchambers-id-obfuscator,0,0
jchambers-jeospatial,0,0
JCVenterInstitute-VIGOR4,238,11
jdbc-observations-datasource-proxy,312,21
jdubois-spring-on-azure,38,10
j-easy-easy-flows,0,0
j-easy-easy-states,0,0
jedicontributors-jedi-kafka-client,140,3
JeffLi1993-java-core-learning-example,0,0
jenkinsci-custom-distribution-service,2185,28
jenkinsci-syslog-java-client,0,0
jenshadlich-S3-Performance-Test,0,0
jericks-geometrycommands,693,17
jericks-geoserver-shell,1134,12
jericks-parboiled-wkt,0,0
JervyShi-nacos-embedded,0,0
jessin20161124-miniDubboOpen,0,0
JetBrains-jetCheck,8806,3
jetlang-remoting,0,0
jetty-project-jetty-eventsource-servlet,40,12
jfaster-mango,15147,36
jfinal-jfinal,0,0
jghoman-haivvreo,992,27
jhalterman-concurrentunit,0,0
jhalterman-lyra,4,2
jhalterman-typetools,0,0
jhunters-jprotobuf,16,6
jiangxincode-SearchEngine,0,0
jillesvangurp-osm2geojson,89933,13
jinahya-bit-io,137657,35
jingpeicomp-id-generator,0,0
jitsi-bccontrib,0,0
jitsi-jitsi-webrtc-vad-wrapper,0,0
jitsi-otr4j,439,16
jjohannes-gradle-module-metadata-maven-plugin,7731,8
jklingsporn-vertx-push-onesignal,2,1
jlawrie-opencsv,4,4
jlinn-quartz-redis-jobstore,1482,18
jmazzitelli-prometheus-scraper,0,0
jmurty-java-xmlbuilder,0,0
jnr-jnr-constants,0,0
jnr-jnr-enxio,38,2
jnr-jnr-ffi,1284,50
jnr-jnr-netdb,225,3
jnr-jnr-process,343,5
jnr-jnr-unixsocket,204,4
JodaOrg-joda-collect,480,30
JodaOrg-joda-time,44,22
JodaOrg-joda-time-hibernate,928,4
JodaOrg-joda-time-i18n,0,0
joel-costigliola-assertj-neo4j,1,1
joelittlejohn-embedmongo-maven-plugin,3382,6
johnlcox-toml4j,10,2
johnlpage-POCDriver,0,0
JohnsProject-JGameEngine,0,0
jonatan-kazmierczak-class-visualizer,0,0
jonathanhds-sql-builder,16,1
jon-hanson-parsecj,0,0
joniles-rtfparserkit,0,0
jonpereiradev-diff-objects,4,1
JoonasVali-jartin,0,0
jordw-heftydb,267516,43
joshgontijo-rest-client,5959,40
jottley-spring-social-salesforce,353,5
jpenren-thymeleaf-ui-dialect,8,1
jprante-elasticsearch-csv,2467,10
jprante-elasticsearch-transport-websocket,14001,18
jprante-log4j2-elasticsearch,212,5
jqassistant-archive-jqa-graphml-plugin,3,1
jqassistant-archive-jqa-javaee6-plugin,96,1
jramoyo-indexed-file-reader,0,0
jriecken-gae-java-mini-profiler,6,1
jrmelsha-keccak,0,0
jruby-jcodings,0,0
jruby-joni,0,0
js-cookie-java-cookie,3,1
jsolve-templ4docx,474,4
jsonld-java-jsonld-java,21072,25
jsunsoftware-http-request,1587,45
jtidy-jtidy,1,1
jtmelton-attack-surface-analyzer,107,8
juandesi-email4j,591,7
julienchastang-charts4j,0,0
julietkilo-CANBabel,36,2
junichi11-netbeans-color-codes-preview,744,19
justauth-JustAuth,0,0
jvirtanen-config-extras,56,12
jvitorr-Jeasier,2,1
jzy3d-jGL,0,0
k55k32-simple-codegen,56,4
kabutz-striped-executor-service,2,1
kamaladafrica-codice-fiscale,8,8
kamranzafar-jtar,8,2
kapoorlabs-kiara,1,1
KasperFranz-AntiAd,0,0
kayahr-pherialize,0,0
kazuhikoarase-jaconv,0,0
keighrim-mae-annotation,83,11
keikai-dev-ref,20,8
keith0591-pgp-encryption,44,8
KevinStern-software-and-algorithms,2577,40
kevin-wang001-mockj,0,0
kevin-wang001-poi-el,0,0
kgalant-PackageBuilder,0,0
kifj-jboss-syslog,4,2
killbilling-recurly-java-library,52358,1
kittylyst-ocelotvm,13,1
kklisura-props-to-constants-generator,2,2
klakegg-pkix-ocsp,2,2
knowm-jspice,0,0
koendeschacht-bow-utils,2,2
koen-serneels-ws-proxy,13,13
kohsuke-wordnet-random-name,0,0
kolchagov-java-crud-api,0,0
konsolas-ConditionalCommands,0,0
koraktor-steam-condenser-java,152323,6
KosherJava-zmanim,0,0
kravchik-jcommon,10,2
kristofa-mock-http-server,53,12
kristofa-wicket-tagcloud,0,0
krpors-delver,0,0
krullert-universe,33,18
ksprojects-zkcopy,0,0
Kuangcp-NettyBook2,1000001,2
Kugin-data-reconciliation,0,0
kungfoo-geohash-java,0,0
Kurento-kurento-module-creator,396,8
kwart-demo-kerberos-in-java,3,3
Labs64-swid-generator,0,0
lafaspot-ja3_4java,0,0
lamarios-sherdog-parser,6953,4
LarryDpk-Google-Bard,0,0
lastaflute-lastaflute,1212,3
lastfm-coverartarchive-api,7,5
LatencyUtils-LatencyUtils,0,0
lazee-freemarker-java-8,623,10
lbehnke-hierarchical-clustering-java,0,0
Lcry-java-png-compress-util,0,0
lemire-externalsortinginjava,1131,9
leonbloy-pngj,3922,21
leonhad-paradoxdriver,41,11
leonliao-wechat-app-pay-java-sdk,10,5
lerndevops-samplejavaapp,0,0
lettuce-io-lettuce-core,2074,46
levigo-jbig2-imageio,0,0
lexburner-consistent-hash-algorithm,0,0
lexburner-kdio,0,0
lfkdsk-bnf-ast,0,0
liangbaika-validate,0,0
LianjiaTech-json-diff,5,2
libcoolsocket-java,51,10
LibrePDF-OpenRTF,11,1
lightningMan-flash-netty,0,0
lightoze-gwt-i18n-server,0,0
lingyejun-tick-authenticator,0,0
linked-solutions-jarql,84,5
linux-china-plantuml-gist,23,5
linux-china-rocker-template-demo,0,0
linux-china-toolchains-maven-plugin,13,3
liqpay-sdk-java,0,0
liuanxin-api-document,0,0
liudongdong0909-mybatis-generator-core-fix,0,0
LiveRamp-HyperMinHash-java,12,1
lizard-framework-lizard-spi,0,0
llatinov-sample-dropwizard-rest-stub,0,0
locationtech-spatial4j,6250,12
loehndorf-scengen,3,2
LogisticsCraft-OcclusionCulling,0,0
logpresso-CVE-2021-44228-Scanner,4288,1
loong0306-commutils4j,0,0
L-PLUM-ContractDetection,508,3
lrozenblyum-chess,94130,22
lucaspouzac-contiperf,0,0
lucidworks-spark-solr,238299,278
luigiselmi-flink-kafka-consumer,0,0
lujinfeifly-jsoncode,0,0
lukas-vlcek-elasticsearch.demo,4927,22
lukfor-pgs-calc,1122,7
lyg5623-lightgbm_predict4j,0,0
lzgabel-camunda-cloud-bpmn-converter,765,5
m09-syllable-counter,0,0
macacajs-wd.java,284,28
magdel-MapNav,2,1
MagicTheGathering-mtg-sdk-java,37903,18
mahjong4j-mahjong4j,0,0
mailjet-mailjet-apiv3-java,39,5
makersoft-mybatis-shards,82,8
mambu-gmbh-Mambu-APIs-Java,3997,4
ManuelB-facebook-recommender-demo,7,1
maping-java-maven-calculator-web-app,0,0
marcosvidolin-doco,18,9
mariazevedo88-json-formatter-validator,12,3
MarkShen1992-Mashibing_High_Concurrency,0,0
marschall-path-classloader,20,3
marschall-svn-diffstat,0,0
martincooper-java-datatable,203,2
martin-g-wicket-jquery-selectors,21,5
marwin1991-keep-changelog-maven-plugin,0,0
marzn-telegrambot-japi,18,4
Maschell-JNUSLib,920,1
massigerardi-ta4j-strategy-parser,18,2
Mastercard-client-encryption-java,823,11
Mastercard-oauth1-signer-java,16,5
mastodon-sc-mastodon,52962,15
mateiw-littlebasic,56,3
mattdavey-EuronextClone,425,16
matthewhorridge-mdock,0,0
matthewhorridge-owlexplanation,1770,20
matthiaszimmermann-ethereum-paper-wallet,11,3
mattsheppard-gethostname4j,0,0
maven-nar-nar-maven-plugin,1,1
maxmind-geoip-api-java,4,1
maxtomin-decimal,0,0
mbizhani-Adroit,354,18
mbronshteyn-quarkus-jdbi-project,2935,43
mdeanda-lorem,0,0
mdewilde-opml-parser,2,2
mdewilde-podcast-parser,14735,10
mduerig-json-jerk,0,0
medmes-keycloak-monitoring-spi,26,2
meixuesong-aggregate-persistence,207,3
meltmedia-jgroups-aws,8,2
mercadopago-sdk-java,353,3
mesosphere-marathon-client,10,6
messai-engineering-Yuga,1,1
messenger4j-messenger4j,186,5
metamug-java-jwt,0,0
meteoinfo-wContour,0,0
MezereonXP-AnomalyDetectTool,0,0
mfathi91-persian-date-time,0,0
mguymon-model-citizen,8,2
mhshams-jnbis,99,3
michaeltandy-log4j-json,0,0
michaelwittig-java-q,0,0
microsoft-AppCenter-Test-Appium-Java-Extensions,366,17
MieskeB-json-api-spring-boot,679,2
mike10004-common-helper,179,25
mike706574-java-map-support,1,1
mikera-enlight,4,1
mikera-mikera,457,13
mikera-randomz,0,0
mileshenrichs-QuiFFT,24,13
mincloud1501-DevOps,0,0
mirabeau-nl-ceddl4j,0,0
MitchTalmadge-ASCII-Data,0,0
mixer-beam-client-java,3,2
Mixermachine-base-test,0,0
mixpanel-mixpanel-java,185,1
mjsalerno-UnoBot,0,0
mlaccetti-rocksaw,0,0
mlieshoff-jcrapi,4266,7
mmastrac-nanojson,3,1
mocnik-science-geogrid,0,0
mokiat-java-data-front,3,3
momosecurity-mosec-maven-plugin,20930,12
monitorjbl-excel-streaming-reader,147,44
monkeymq-jgossip,8,2
MottoX-BeanUtils,0,0
MottoX-TAOMP,0,0
MountCloud-graphql-client,0,0
moznion-java-random-string,0,0
mpatric-mp3agic,0,0
MPriess-GeoJSON-POJO,6,1
mraible-jhipster6-demo,38,10
MRPanyu-excel-imp-exp,420,6
msanez-sonar-branch-community,30,3
msarhan-ummalqura-calendar,0,0
msemys-esjc,75,2
msigwart-fakeload,14,6
msojocs-OmenChallengeHelper,0,0
mulesoft-catalyst-mule-sonarqube-plugin,18,4
mulesoft-labs-rhinodo,0,0
murfffi-zebra4j,551262,7
murreIsCoding-auth,0,0
MutabilityDetector-MutabilityDetector,2859,30
mvallim-emv-qrcode,371,20
mvel-mvel,2859,14
mvpjava-springboot-JUnit5-tutorial,0,0
mwanji-toml4j,102,7
mybatis-mapper-provider,8,4
myui-btree4j,0,0
named-data-jndn,0,0
naosense-markdown-preview-sync,0,0
narupley-not-going-to-be-commons-ssl,57773,27
naver-lucy-xss-servlet-filter,0,0
NawaMan-NullableJ,3,3
neil-justice-louvain,19,5
neilswainston-FragGenie,673,3
Neop-mudmap2,1,1
neo-search-multiple-string-searcher,42,23
netarchivesuite-heritrix3-wrapper,11,10
netceteragroup-trema-core,246,14
NetherlandsForensicInstitute-kafka-spout,634,9
neuland-jade4j,766,3
ngallagher-simplexml,2,2
nicolas-raoul-jakaroma,0,0
nicoulaj-checksum-maven-plugin,0,0
niesfisch-java-code-tracer,10,2
NightFlightCaptain-ssm,0,0
Nilhcem-FakeSMTP,2,2
ning-compress,494,27
ning-tr13,0,0
NishkarshRaj-Maven-Using-CMD,0,0
nla-outbackcdx,304,28
NLP2RDF-NIF-lib,192,14
NLPchina-ansj_seg,2427736,4
noelherrick-jell,5,5
noophq-subtitle,0,0
Nordstrom-nifi_terraform_generator,2,2
nothingax-micro-DB,32483,10
NovatecConsulting-BeanTest,44911,47
novotnyradek-fred-client,0,0
npathai-hamcrest-optional,0,0
NTTDATA-EMEA-QAT-cherry,0,0
nurkiewicz-typeof,0,0
nutzam-nutzwx,39,1
nuxeo-onedrive-java-client,12509,6
o19s-RankyMcRankFace,2,1
ocaffe-numero-por-extenso,0,0
ocpsoft-common,0,0
octavian-h-time-series-math,2592,6
odiszapc-nginx-java-parser,325,46
offbynull-kademlia,608,4
offbynull-portmapper,0,0
ogrodnek-java_fathom,0,0
ohioit-rundeck-http-plugin,35245,41
olcaytaner-201-DataStructures-Java,0,0
OnlineCodex-OnlineCodex,30090,2
ooxi-jdatauri,0,0
openapi-tools-swagger-maven-plugin,0,0
opendatalab-de-geojson-jackson,47,1
open-dis-open-dis-java,1,1
open-eid-cdoc4j,17599,58
OpenGamma-ElSql,0,0
opengeospatial-ets-ogcapi-features10,34068,9
openhkr-hkr-si,2,2
OpenLiberty-ci.common,0,0
openshift-openshift-restclient-java,539,15
openskynetwork-java-adsb,0,0
opentimestamps-java-opentimestamps,29,5
opentracing-contrib-java-concurrent,0,0
optimaize-command4j,38,1
OrderLab-OKLib,1531,5
OrhanKupusoglu-bazelize-maven-plugin,0,0
orientechnologies-orientdb-jdbc,218489,10
orphan-oss-launch4j-maven-plugin,1044,6
os72-protobuf-dynamic,0,0
osglworks-java-tool,1956,40
oskopek-javaanpr,0,0
outbrain-GomJabbar,126,1
OWASP-json-sanitizer,59,1
OWASP-OWASP-WebScarab,6,2
Pablissimo-SonarTsPlugin,6,6
pablobastidasv-kc_security,156,1
package-url-packageurl-java,0,0
PacktPublishing--Learn-Algorithms-and-Data-Structures-in-Java-for-Day-to-Day-Applications,0,0
pagehelper-Mybatis-PageHelper,1437,17
palatable-lambda,353963,74
palatable-shoki,1192,6
palindromicity-simple-syslog,19,3
parship-roperty,3,3
pascalgn-jiracli,312,18
patrickfav-uber-adb-tools,0,0
patriques82-alphavantage4j,1,1
pawandubey-griffin,0,0
PawelGorny-lostword,19500,1
Payment-Components-demo-sepa,0,0
paypal-Gibberish-Detector-Java,0,0
pedrovgs-Algorithms,0,0
peterbencze-serritor,18,1
PeterisP-morphology,74,2
peter-lawrey-admin-Chronicle-Ticker,0,0
petterobam-mds2index.html,19,1
PhantomThief-thrift-pool-client,100,1
phax-as2-server,19,5
phax-ph-events,5,1
pheerathach-promptpay,0,0
philihp-weblabora,0,0
phylogeography-spread,228059,2
pierredavidbelanger-logback-awslogs-appender,0,0
pingcap-tidb-loadbalance,0,0
pizihao-crow,12,12
pk8est-table-printer,5660,5
PlayPen-playpen-core,0,0
plutext-docx4j-export-FO,553,21
pmckeown-dependency-track-maven-plugin,81536,66
pmlopes-aws-lambda-native-vertx,3,1
PoslavskySV-libdivide4j,0,0
pouyaesm-signed-community-detection,205,4
ppke-nlpg-purepos,1,1
prat-man-unique4j,18,2
printingin3d-javascad,2200,16
profesorfalken-jPowerShell,0,0
profesorfalken-jSensors,0,0
Progether-JAdventure,114,13
Proteus1989-Air-Explorer-Decrypter,1,1
prpatel-serverless-java-mini-workshop,0,0
psjava-psjava,2,1
purcell-jargs,0,0
purecloudlabs-elasticsearch-lambda,0,0
PureMVC-puremvc-java-standard-framework,0,0
PvdBerg1998-PNet,18,3
pvto-konte-art,1,1
qala-io-java-beginner-course,0,0
qiurunze123-Designpattern,540,14
qmx-jitescript,0,0
qoomon-banking-swift-messages-java,19,1
qqilihq-property-editor,0,0
qubole-qds-sdk-java,275,16
qwhai-algorithms-sort,0,0
qzw1210-JustAuth,0,0
radkovo-Pdf2Dom,4536,2
RagedUnicorn-github-release-maven-plugin,683,5
RakhmedovRS-DataStructuresAndAlgorithmsInJava2ndEdition,60,2
ralscha-bsoncodec,4,2
random-maven-profile-activator-extension,0,0
raydac-java-binary-block-parser,147344,96
RayDeCampo-java-xirr,0,0
raymanrt-orientqb,1,1
razorpay-razorpay-java,176,1
reactiverse-vertx-maven-plugin,618,25
realexpayments-rxp-hpp-java,231,12
RealZimboGuy-ewelink-api-java,0,0
reckart-tt4j,0,0
redlink-gmbh-redlink-java-sdk,0,0
reecetech-bamboo-specs,1431,10
reggert-reb4j,0,0
reinert-JJSchema,29,2
renfei-ik-analyzer,3,1
resourcepool-ssdp-client,5,1
RestComm-jasn,0,0
RestExpress-PluginExpress,922,13
resurfaceio-logger-java,7,7
RetailMeNot-TestRailSDK,0,0
retest-recheck.cli,18,8
retog-wymiwyg-commons-core,0,0
retomerz-mosquito,0,0
revdotcom-revai-java-sdk,3266,9
rex-soft-rexdb,9,2
ricksbrown-jgenhtml,213,1
righettod-pst-digger,0,0
RIGS-IT-sonar-xanitizer,48,3
ripreal-V8LogScanner,1,1
riversun-bigdoc,0,0
riversun-java-promise,420,28
rjohnsondev-java-libpst,6,1
rjstanford-spreedly-java,4,2
rjwut-ian,10,10
RKumsher-utils,0,0
rnorth-duct-tape,0,0
rnorth-visible-assertions,98,1
robert-bor-aho-corasick,93,46
RobertStewart-privateer,0,0
robshep-logback-logdna,1,1
rockt-SETH,55,17
rohanpadhye-vasco,102232,122
romanb-JPA-NestedSet,179,10
rombert-desktop-maven-notifier,0,0
romix-java-concurrent-hash-trie-map,4736,7
ronmamo-reflections,59,4
roskart-dropwizard-jaxws,202,9
rovats-java-utils,15,1
rpau-javalang,89,11
rponte-dbunitmanager,0,0
rponte-pin-decrypter,0,0
rpuch-xremoting,177,13
rrice-java-string-similarity,0,0
rsatrio-Keycloak-Federation-ExistingDB,0,0
rstoyanchev-spring-mvc-chat,4,2
rstoyanchev-spring-websocket-portfolio,584,30
RTBHOUSE-avro-fastserde,38,22
rtyley-animated-gif-lib-for-java,0,0
ruddell-jhipster-chat-example,65548,17
rusakovichma-DocsReporter,3,2
rweather-noise-java,1,1
ryenus-rop,2,2
rynr-launchpad,0,0
saalfeldlab-stitching-spark,1325,29
sabomichal-liquibase-mssql,127,9
sachin-handiekar-jInstagram,39080,15
sagiegurari-fax4j,826,3
sailthru-sailthru-java-client,79,5
sambatriste-sql-formatter,0,0
sandflow-regxmllib,0,0
sangkeon-java-opa-wasm,4,2
sangupta-bloomfilter,2000000,1
sangupta-gather,0,0
sangupta-murmur,6,1
saoj-mentabean,97,3
SAP-archive-cloud-paulpredicts,4760,14
sarojaba-prettytable4j,15,2
savantly-net-log4j2-extended-jsonlayout,305,3
Sayi-swagger-diff,14,4
sbesada-java.math.expression.parser,0,0
sbesada-java.math.numerical.library,0,0
sblendorio-petscii-bbs,3,1
schnatterer-musicbrainzws2-java,71,5
SchweizerischeBundesbahnen-springboot-graceful-shutdown,13,5
scijava-scripting-clojure,2384,2
scipr-lab-dizk,52209,20
Scout24-illegal-transitive-dependency-check,4,4
Scout24-spring-boot-rpm-maven-plugin,4,1
scoutant-polyline-decoder,0,0
scouter-contrib-scouter-plugin-server-alert-slack,0,0
scubajorgen-FitReader,329,13
scylladb-kafka-connect-scylladb,0,0
sd4324530-JTuple,0,0
sdorra-shiro-unit,33,3
seahen-maven-s3-wagon,123,1
seansegal-tincisnotcatan,5292,6
seaswalker-netty-wheel,0,0
SecureSkyTechnology-burpextender-proxyhistory-webui,80,8
secure-software-engineering-sootdiff,2929,7
sedran-moment4j,0,0
seintur-jmixer,1,1
semuxproject-evm,21,6
seregamorph-hamcrest-more-matchers,0,0
serg472-htmlcompressor,2855,10
sevntu-checkstyle-dsm-maven-plugin,65,5
sgoertzen-sonar-break-maven-plugin,12,1
sgoeschl-freemarker-cli,844,27
sgreben-regex-builder,0,0
shapesecurity-salvation,49,1
shazam-shazamcrest,9020,9
shibing624-crf-seg,18,4
shipilev-jdk-backports-monitor,0,0
shred-commons-xml,0,0
shreyasht-java8-validator,0,0
Shunshun94-discord-bcdicebot,290,6
SiftScience-kafka-assigner,32,2
sigopt-sigopt-java,15105,3
silentsoft-oss-notice-file-generator,0,0
simbo1905-root-objects,1605,25
simonnagl-netdata-java-orchestrator,44485,12
SimpleAstronomy-simple-astronomy-lib,0,0
SimpleFinance-kafka-dropwizard-reporter,0,0
simplenlg-simplenlg,14,3
simplesteph-kafka-connect-github-source,3,3
simplymequeeny-json-string-schema-generator,1,1
sinrimin-netty-socketio-client,12,2
sjbutler-idtk-j,0,0
skayvanfar-cheetah,0,0
skyscreamer-JSONassert,3905,2
slub-urnlib,0,0
smacke-jaydio,2,1
smallnest-fastjson-jaxrs-json-provider,2073,21
smartics-smartics-jboss-modules-maven-plugin,3,3
smartrics-RestFixture,76,6
smartsheet-platform-smartsheet-java-sdk,2605,42
smartystreets-smartystreets-java-sdk,235,3
smitajit-es-rest-mock,3,1
smola-galimatias,1,1
smsapi-smsapi-java-client,0,0
sndyuk-logback-more-appenders,32,5
sofastack-sofa-hessian,200006,8
softlayer-softlayer-java,72,6
solita-functional-utils,173,6
Sonal0409-DevOpsCodeDemo,0,0
SonarSource-sonar-auth-bitbucket,11,2
SonarSource-sonar-auth-github,34,3
sonatype-heuristic-version,16,3
sonian-elasticsearch-jetty,40291,31
soot-oss-heros,14,3
sorra-TraceSonar,0,0
sparkapi-SparkJava,12,7
spdx-Spdx-Java-Library,51,2
spinscale-elasticsearch-graphite-plugin,19968,23
spoofzu-DeepViolet,6,1
SpoonLabs-CoCoSpoon,676,9
SpoonLabs-spooet,53,16
spotify-annoy-java,180,2
spotify-async-datastore-client,6,1
spotify-futures-extra,0,0
spotify-hdfs2cass,9,3
spotify-netty-zmtp,513,3
spotify-simple-bigtable,1,1
spotify-ssh-agent-proxy,20,7
spriet2000-vertx-handlers-http,44020,10
springml-salesforce-wave-api,55,5
SpringStudent-GyJdbc,0,0
spullara-cli-parser,0,0
spyhunter99-installcert,2,2
square-burst,0,0
square-gifencoder,8,4
square-jna-gmp,2,2
square-osstrich,0,0
square-pagerduty-incidents,21,19
sranka-jdbcimage,22,4
srikanth-lingala-zip4j,494,1
sritejakv-splitwise-java,0,0
ssedano-jump-consistent-hash,0,0
stackify-stackify-metrics,27192,7
starkbank-ecdsa-java,0,0
StarlangSoftware-Corpus,0,0
StarlangSoftware-TurkishPropBank,0,0
StarlangSoftware-TurkishSentiNet,0,0
StaticBeagle-ETK4J,0,0
stefanbirkner-fake-sftp-server-rule,543,21
STEMLab-JIneditor,0,0
steveash-jopenfst,4881,1
stevespringett-CPE-Parser,43,3
stevespringett-cvss-calculator,0,0
stevespringett-owasp-risk-rating-calculator,1,1
stevespringett-threatmodel-sdk,0,0
stoicflame-ofx4j,217,5
str4d-ed25519-java,0,0
streamx-co-ExTree,77,1
stripe-interview-java-interview-prep,0,0
studerw-td-ameritrade-client,1254,21
stupid1t-poi-excel,467,4
SumoLogic-sumologic-kinesis-connector,97,10
Supera-Inovacao-Tecnologia-PS-Java,94,7
supercargo-guice-persist-jooq,159,5
SValentyn-Payment-Management-System,0,0
SvenEwald-xmlbeam,1630,16
svenkubiak-jBCrypt,0,0
swagger-api-swaggerhub-maven-plugin,30544,47
Sweetiee-yi-Jaba,1195789,2
swri-robotics-bag-reader-java,0,0
swtcpro-jingtum-lib-java,0,0
sysco-middleware-kafka-client-collector,5,5
szagriichuk-search-api,0,0
tabulapdf-tabula-java,31587,53
tacitknowledge-jcr-mock,50,16
TakahikoKawasaki-nv-i18n,0,0
TakahikoKawasaki-nv-websocket-client,0,0
takari-directory-watcher,10,10
takari-maven-profiler,61,2
takari-takari-local-repository,2003,1
takashi-ishio-selogger,125,5
talios-coffee-maven-plugin,0,0
tarql-tarql,232,15
tauris-io-expression,6,1
taxjar-taxjar-java,69,6
tbuktu-ntru,0,0
tchristofferson-Config-Updater,7884,3
tcurdt-hadoop-lzo-java,15,5
tcurdt-jdeb,325,13
tcurdt-jdependency,7210,3
tdebatty-java-LSH,0,0
tdebatty-java-string-similarity,0,0
tdunning-anomaly-detection,0,0
tdunning-bandit-ranking,0,0
tdunning-open-json,54,4
teaey-apns4j,0,0
tecsinapse-tecsinapse-data-io,3694,13
telefonicaid-netphony-network-protocols,0,0
tencentyun-cos-java-sdk-v4,0,0
tenlee2012-elasticsearch-analysis-demo,34,5
terrestris-shogun-legacy,12,4
tfredrich-DateAdapterJ,0,0
ThangLeQuoc-aqi-calculator,10,2
Thare-Lam-fast-elasticsearch-query-builder,3,3
TheBlackChamber-commons-encryption,2,1
theborakompanioni-thymeleaf-extras-shiro,914,4
TheCookieLab-poloniex-api-java,18,4
thegedge-java-radix-tree,49516,2
TheHolyWaffle-TeamSpeak-3-Java-API,0,0
ThinkingDataAnalytics-java-sdk,0,0
thomasmueller-minperf,100000,1
thomasmueller-tinyStats,0,0
ThoughtWire-hazelcast-locks,1916,7
thrau-jarchivelib,990,6
threedr3am-dubbo-exp,0,0
threefish-nutz-sqltpl,7,1
threerings-react,525,30
ThreeTen-threetenbp,108,27
thundra-io-thundra-lambda-warmup,0,0
thymeleaf-thymeleaf-itutorial,2,2
TiBeN-ia-rcade,0,0
tking-JSTUN,0,0
tkutcher-jgrade,38,2
TNG-property-loader,0,0
tobyweston-Refactoring-Chapter-1,0,0
tommyettinger-BlazingChain,12,4
tommyettinger-RegExodus,0,0
tomsik68-mclauncher-api,0,0
tomwhite-set-game,448,2
TongxiJi-shadowsocks-java,1,1
tonikolaba-BatBat-Game,0,0
tony19-named-regexp,0,0
tonydeng-fmj,0,0
tonysparks-leola,6,1
toolbox4minecraft-amidst,18190,3
toolfactory-narcissus,170,1
topwingo-zeroFlow,0,0
ToryZhou-design-pattern,0,0
traiana-kafka-spiffe-principal,0,0
trekawek-coffee-gb,0,0
trganda-yaml2http,448,1
Trigary-AdvancementCreator,31,2
triologygmbh-reCAPTCHA-V2-java,325,33
tripluo-jrouter,893,7
trystan-AsciiPanel,18364,2
Tsovak-selenium-wrapper-framework,0,0
tud-fop-j-Algo,0,0
tupilabs-tap4j,363,3
tv2norge-collab-java-serf-client,0,0
tvesalainen-bcc,0,0
Twasi-twasi-core,0,0
twitter-joauth,6,2
twitter-netty-http2,12,3
twitter-nodes,674,5
twitter-sbf,95,8
twitter-twitter-korean-text,2,2
typesafehub-netty-http-pipelining,7,2
uber-common-jvm-profiler,225,8
udger-udger-java,0,0
uia4j-uia-sim,18,4
uklimaschewski-JMXWrapper,0,0
ukman-kolobok,0,0
undera-perfmon-agent,0,0
unitsofmeasurement-unit-ri,0,0
unitsofmeasurement-uom-se,47,1
unruly-control,0,0
unruly-java-8-matchers,0,0
uPortal-Project-portlet-utils,0,0
uPortal-Project-WebproxyPortlet,12,1
uprotocol-platform-java,168,8
upyun-java-sdk,46,3
urbanairship-datacube,830289,135
usingsky-KoreanLunarCalendar,0,0
usnistgov-Lineage-Mapper,110,4
uwolfer-gerrit-rest-java-client,455,52
valery1707-kaitai-maven-plugin,597,7
valfirst-jbehave-junit-runner,167,4
vangj-jbayes,20,5
vashishthask-eclipse-to-maven,5,1
vasia-gelly-streaming,4564,29
VaughnVernon-mockroservices-java,0,0
vaulttec-sonar-auth-oidc,30,3
vdurmont-emoji-java,0,0
vdurmont-etaprinter,0,0
vdurmont-semver4j,216,1
venushka-jmxeval,21,7
VerbalExpressions-JavaVerbalExpressions,0,0
verilylifesciences-genomewarp,1162,8
vert-x3-vertx-docgen,5,2
vert-x3-vertx-maven-starter,27,9
vert-x3-vertx-service-factory,21,3
vibur-vibur-object-pool,0,0
victor-porcar-delayed-batch-executor,0,0
victorrentea-clean-code-dive,0,0
vidageek-crawler,16,4
vidstige-jadb,35,2
vincentrussell-java-ini-parser,0,0
vinhkhuc-lbfgs4j,0,0
vinta-pangu.java,0,0
visenze-visearch-sdk-java,9475,8
vitalidze-chromecast-java-api-v2,796,3
vivekragunathan-JINQ,0,0
viz-centric-flair-commons,0,0
vizor-games-infraworld-cornerstone,0,0
vlingo-xoom-auth,237,16
vlingo-xoom-cluster,3,3
vlingo-xoom-streams,3,1
vmware-vrops-export,211,7
vmzakharov-dataframe-ec,205,15
volkodavs-secret-santa,0,0
volodya-lombrozo-hg-revision-plugin,2,1
w3blogfr-zebra-zpl,0,0
walmartlabs-gozer,2816,65
wang007-vertx-start,2,1
warmuuh-libsass-maven-plugin,50,1
wavefrontHQ-wavefront-fdb-tailer,44,1
wavefrontHQ-wftop,24,5
waynedyck-gwt-gantt,0,0
wcnwyx-gm-encryption,0,0
wdtinc-mapbox-vector-tile-java,14,3
wealthfront-thompson-sampling,0,0
weaverj-erserver,0,0
webbynet-protostuff-runtime-proto,69,2
webjars-webjars-locator,366,6
weblyzard-nilsimsa,0,0
webmate-io-webmate-sdk-java,17,3
WebThingsIO-webthing-java,56,2
wechatpay-apiv3-CertificateDownloader,0,0
Wedjaa-JavaAnsibleVault,34,6
weibocom-yar-java,10,5
welk1n-ReverseShell-Java,0,0
wepay-WePay-Java-SDK,0,0
weswilliams-GivWenZen,31,9
whizzosoftware-WZWave,50,5
william-ferguson-au-asymmetric-crypto,2,1
wiqer-ef-redis,0,0
wmixvideo-bradesco-boleto-registro,0,0
wnameless-workbook-accessor,1534,27
wolf-yuan-6115-flowermoon,0,0
woodpecker-appstore-yonyou-nc-decrypter,0,0
Workday-timeseries-forecast,0,0
wso2-config-mapper,118,9
wstrange-GoogleAuth,0,0
wttech-Maven-CRX-Plugin,0,0
wuba-LPA-Detector,2799,16
wxynihao-book118-downloader,268,4
xcbeyond-ConferenceTrackManagement,0,0
Xchuanshuo-LiteNESEmulator,0,0
xcsp3team-XCSP3-Java-Tools,34137,4
xdwangwei-atguigu_ssm_crud,41,3
xebia-Xebium,0,0
xianfengyi-ExprEngine,0,0
xiangbohua-scales-bridge,0,0
xingePush-xinge-api-java,103,2
xjodoin-torpedoquery,37,8
xnnyygn-dynamic-log-level,0,0
xspec-xspec-maven-plugin-1,791,12
xuanbo-dag-executor,18,3
xuminwlt-j360-tools,0,0
XUranus-lightsocks-java,0,0
yagarea-java-chat,0,0
yanceyZhang-wx-chatbot,17,6
yawkat-reflect,0,0
ycdtbs-Face-recognition-login,449,24
yegor256-cactoos,67468,220
yfpeng-pengyifan-leetcode,0,0
yichen0831-OpenCC-Java,0,0
yinlou-mltk,268,4
yomorun-hashids-java,0,0
ysc-word,334516,5
Yubico-yubico-j,0,0
YuboLong-MyLive,0,0
yuqi1129-calcite-test,4,2
yurelle-Base45Encoder,0,0
zafarkhaja-jsemver,2,2
zalandoresearch-zap,2047,18
zalando-stups-java-sproc-wrapper,283,44
zencoder-zencoder-java,0,0
zeroturnaround-maven-jrebel-plugin,0,0
zeroturnaround-zt-process-killer,36,1
zerouwar-Octopus,243,14
Zettelkasten-Team-Zettelkasten,0,0
zhanyeye-DesSim,20,5
zhaolihe-useragent-parser,2941,1
zheng93775-mysql-lock,0,0
zhining-lu-netty-websocket-proxy,18,4
zhixiangli-code-similarity,0,0
ZhongAnTech-dmds,0,0
zhongxunking-sync,0,0
zhoujianling-PointCloudUtilities,79487,4
zhuweitung-banana-helper,18,4
zihluwang-opensource-core,0,0
Zlika-reproducible-build-maven-plugin,54,32
zman2013-scuttlebutt,2,2
ZsBT-mrz-java,0,0
ztelur-consistent-hash-algorithm,0,0