project,num_of_commits,first_commit_timestamp,sloc
2captcha-2captcha-java,14,1592326929,2247
3redronin-mu-server,900,1512479015,40344
520github-fw-perf-test,2,1677222219,763
520github-fw-statemachine,3,1677459478,832
AccelerationNet-access2csv,35,1386706967,362
actiontech-dble,4123,1479281795,208300
AdamBien-jwtenizr,108,1557322529,450
AdamBien-xplr,41,1450253682,539
addthis-stream-lib,386,1300214606,8654
adobe-commerce-cif-magento-graphql,67,1556279744,111652
adobe-htl-tck,118,1413927750,761
aelstad-keccakj,45,1413985487,3614
aerogear-aerogear-unifiedpush-java-client,315,1369996543,1299
afrunt-jach,157,1492809047,3893
agarciadom-xeger,41,1359400396,204
agentgt-jatl,96,1285359692,2300
agido-malter-logback-elasticsearch-appender,191,1428460758,1661
aidhog-blabel,31,1427750231,4683
ainslec-picocog,23,1492603231,407
ajantis-java-crdt,22,1455830724,983
akamai-NetStorageKit-Java,86,1408626990,2041
albfernandez-javadbf,495,1054719153,7286
aled-jsi,58,1204399173,5785
aleksandr-m-gitflow-maven-plugin,412,1398284721,2638
alex2chen-j-statemachine,5,1545213199,5921
alexcojocaru-elasticsearch-maven-plugin,397,1389891110,5896
alexr007-ultimate8,28,1530079660,2269
alfasoftware-soapstone,145,1550243430,3808
alipay-ams-java-sdk,13,1571629867,6863
aliyun-aliyun-log-flink-connector,227,1512377841,2711
aliyun-aliyun-log-logback-appender,184,1513219818,450
almondtools-stringsearchalgorithms,250,1447359729,10355
alt236-apkdetails,83,1511199166,4805
amazon-archives-amazon-kinesis-connectors,30,1385410214,4423
amazon-archives-aws-request-signing-apache-interceptor,16,1509046139,301
amazon-ion-ion-docs,232,1460061470,234
amihaiemil-docker-java-api,516,1517130396,9709
amihaiemil-zold-java-client,80,1547488870,1424
andree-surya-moji4j,19,1467936796,336
andylamp-BPlusTree,54,1432100145,3233
Ant-Grand-Grand,477,1074721336,4658
antherd-sm-crypto,17,1628601829,553
Antibrumm-jackson-antpathfilter,46,1422649385,1067
antlr-antlrworks,696,1113959433,42525
antlr-stringtemplate3,194,1110932243,8735
anubhavshukla-properties-to-yaml-converter,19,1534359355,513
apache-commons-cli,1448,1023732076,6896
apache-commons-codec,2604,1051293060,23976
apache-dubbo-rpc-jsonrpc,42,1427905430,283
apache-maven-ear-plugin,648,1120486186,5256
apache-maven-verifier-plugin,172,1115025450,397
apache-pdfbox-jbig2,110,1508177098,10583
apache-sling-org-apache-sling-feature,398,1509718010,8864
apache-sling-org-apache-sling-servlets-resolver,641,1235310169,8404
apanimesh061-VaderSentimentJava,59,1460332963,888
apereo-cas-server-security-filter,163,1407338799,1089
appnexus-ElasticNet4j,100,1505485526,1794
AquaticInformatics-aquarius-sdk-java,210,1502217157,22021
archervanderwaal-storm-server,53,1502604975,3092
Ardesco-driver-binary-downloader-maven-plugin,361,1334869441,2294
asaflevy-SelenuimExtend,11,1331722795,1667
Asana-java-asana,312,1425506376,5655
asciidoctor-asciidoclet,150,1368418830,1369
ashenwgt-awesome-bdd-with-cucumber,4,1515770941,81
ashish-chopra-Structures,139,1348398283,3600
ashwanthkumar-gocd-janitor,101,1446945511,1004
ashwanthkumar-slack-java-webhook,58,1422033232,514
assertthat-selenium-shutterbug,249,1466299730,1809
atorstling-bychan,410,1359211096,5576
Atrox-haikunatorjava,35,1429277056,165
atteo-evo-inflector,56,1325183815,707
attoparser-attoparser,330,1347734858,17205
augustd-burp-suite-jsonpath,46,1502397923,957
aurbroszniowski-os-platform-finder,51,1401738706,399
authlete-authlete-java-common,1361,1412598223,28339
AuthorizeNet-sample-code-java,331,1431369641,4306
AuthorizeNet-sdk-java,446,1387314915,21657
authorjapps-simulator,51,1433089177,1874
avaje-common-avaje-agentloader,57,1366621527,1697
AVMf-avmf,241,1459754337,5630
AwakenCN-InChat,265,1534234208,3353
aws-amazon-neptune-sigv4-signer,40,1519082032,817
aws-cloudformation-cloudformation-template-schema,69,1541805737,1086
awslabs-amazon-kinesis-scaling-utils,187,1413963132,2010
awslabs-amazon-sns-java-extended-client-lib,18,1589300824,721
awslabs-aws-codepipeline-custom-job-worker,39,1436213380,1799
awslabs-route53-infima,9,1383857515,1160
axelhjalm-bitwig-midi-fighter-twister,87,1505568268,2442
azam-ulidj,40,1483808750,869
badlogic-basis-template,103,1526335468,4686
Bandwidth-java-bandwidth,264,1407221296,8182
BarcodeAPI-server,169,1506233059,2934
barrer-translate-online,14,1530269943,584
Barteks2x-173generator,141,1344069054,7298
basdijkstra-tau-rest-assured,17,1549268089,397
baswerc-routes,176,1417017109,7804
bazaarvoice-dropwizard-redirect-bundle,41,1354306952,459
bazaarvoice-jsonpps,21,1365457580,357
bazaarvoice-rison,78,1337815844,2771
bdupras-guava-probably,72,1451435569,1910
BellaDati-belladati-sdk-java,139,1387249065,12297
ben-xo-cdjscrobbler,217,1546720720,2687
beothorn-URISchemeHandler,82,1335543101,322
bernardosulzbach-dungeon,1133,1416331076,14765
berndporr-iirj,134,1475878080,2390
BestCreater-SSM,25,1645858521,1876
bestyize-DoubanAPI,8,1599460750,782
beyonddream-JRAKE,35,1400387734,410
bgandon-juli-to-slf4j,26,1443200740,1112
BingAds-BingAds-Java-SDK,343,1421725203,205831
binghe001-mykit-holiday,5,1568102502,931
biouno-figshare-java-api,11,1433392710,947
biouno-pbs-java-api,64,1351398697,1584
bkiers-atlas,19,1427733619,441
blackbeard334-djoom3,175,1423171984,242180
Blazemeter-xtn5250,189,1190453458,12861
blinkfox-mini-table,15,1547395744,227
blueapron-kafka-connect-protobuf-converter,44,1514996160,11929
bluemix-NumberToArabicWords,30,1440359617,285
bmatthews68-ldapunit,125,1358021001,956
bmwcarit-hmm-lib,52,1407856340,896
bohnman-squiggly,219,1476584932,4006
bonnyfone-vectalign,75,1439300456,2626
bookshelfdave-etp,82,1366298589,2302
bpodgursky-jbool_expressions,255,1362358171,3014
bpsm-edn-java,319,1347400837,4354
braintree-braintree_java,2001,1266961932,50099
bremersee-sms,17,1450524652,1219
brettwooldridge-SparseBitSet,39,1362358222,1706
brutusin-commons,149,1421870257,1403
brutusin-instrumentation,27,1421916702,995
bserdar-jcliff,342,1364875151,2436
btrekkie-dynamic-connectivity,16,1551908168,1946
bubuntux-poker-engine,24,1395193021,2798
buddy-works-simple-java-project,5,1467115486,47
budhash-cliche,50,1265692642,2042
c0ny1-captcha-killer,51,1570762820,2448
camunda-camunda-xml-model,287,1389885823,8743
Cantara-Java-Auto-Update,672,1436781035,2654
carlosbritojun-jflunt,75,1461178317,2714
carlostse-jopencc,14,1314287420,642
CarmJos-AliDDNS-Updater,33,1607959893,490
casid-jusecase,85,1454221848,323
cbartosiak-bson-codecs-jsr310,139,1509037979,2754
cellsrg-tabbypdf,136,1466651813,3372
Celos-avro-json-decoder,31,1495627509,776
ceridwen-com-ceridwen-standard-interchange-protocol-library,389,1097420712,7405
cescoffier-vertx-completable-future,97,1470755182,2143
ChannelApe-shopify-sdk,240,1541429611,13998
Chatanga-Girinoscope,134,1407095340,3030
chenhaiyangs-mybatis-encrypt-plugin,2,1559665643,963
chenjianjx-wsdl2html,82,1304524434,1700
chocoteam-choco-graph,147,1409676427,11874
chrfrantz-DBSCAN,11,1481126977,253
chriswhocodes-FreeLogJ,15,1639257295,428
Chrriis-RRDiagram,71,1367765203,2433
cjmatta-kafka-connect-irc,43,1476495481,394
clarkchen-data_structure,33,1413303598,3419
cloudbees-diff4j,57,1273372840,2638
cloudspannerecosystem-pgadapter,10,1584397071,5910
cm-heclouds-onenet-studio-api-java-sdk,21,1595928672,5611
cocolian-cocolian-nlp,9,1519432760,3550
codeclou-java-junit-xml-merger,24,1504893036,386
codedance-silken,65,1323602917,1045
codelibs-elasticsearch-dynarank,176,1409058538,2241
codelibs-elasticsearch-sstmpl,129,1412861968,1058
codelibs-jhighlight,45,1412499966,11393
codelibs-ranklib,28,1529279490,8359
codelion-gramtest,114,1429509577,491
codepine-testrail-api-java-client,100,1396134944,3243
coderodde-OrderStatisticTree,28,1455213342,1253
CodeShield-Security-Log4JShell-Bytecode-Detector,96,1639308515,373
CodinGameCommunity-XmasRush,383,1534963728,3249
coekie-gentyref,78,1230420206,2527
Col-E-Simple-Memory-Compiler,15,1526462458,358
confluentinc-kafka-connect-datagen,298,1540557920,1107
contentful-contentful.java,772,1406290274,7369
conveyal-osm-lib,162,1425496482,2999
coralblocks-CoralME,106,1682733551,3255
corentin59-ArtNetStack,60,1342310237,1884
Coreoz-Wisp,208,1472287698,1968
couchbaselabs-couchbase-capi-server,60,1342563931,1412
cowtowncoder-java-cachemate,60,1287632856,2171
cowtowncoder-low-gc-membuffers,161,1301933527,5191
c-rack-cbor-java,407,1388093388,5627
crispab-javabuilderpattern,12,1503346654,1000
crossoverJie-leetcode,68,1511901933,951
Crozin-Wykop.pl-Java-SDK,30,1337802741,2519
cternes-openkeepass,440,1416644909,7411
ctran-TinyRadius,65,1298058332,2578
ctrl-alt-dev-tps-parse,36,1358768987,4617
ctron-rpm-builder,262,1461597344,2271
CubeEngine-Dirigent,230,1391800757,3759
CurrencyCloud-currencycloud-java,431,1431334495,14604
cutecharts-cutecharts.java,28,1585480427,828
cyberborean-rdfbeans,133,1455368329,5088
dadiyang-equator,15,1542886673,729
dadoonet-elasticsearch-beyonder,558,1421510936,1138
DaisyDiff-DaisyDiff,38,1336064000,5552
damienclaveau-kafka-graphite,60,1400157956,427
dampcake-bencode,103,1440537406,1238
danieldk-dictomaton,142,1360489497,4184
darmiel-eeee,81,1645035670,3867
dart-maven-plugin-dart-maven-plugin,266,1345116019,1103
DataDog-java-dogstatsd-client,521,1339079980,6617
datastax-native-protocol,148,1459249121,12799
datoin-http-requests,38,1399457410,932
davidB-scala-maven-plugin,1087,1212267871,5009
DavidHerBet-java-codility,33,1557986935,1329
davidmoten-guava-mini,145,1455749441,654
davidmoten-rxjava2-file,336,1399697182,781
davidmoten-rxjava-slf4j,264,1402274921,1195
dbaggott-newrelic-dropwizard,13,1459877438,1134
ddopson-java-class-enumerator,35,1343946633,159
delthas-JavaMP3,16,1494804609,1691
demidenko05-beigesoft-accounting,164,1510235005,24492
demidenko05-beigesoft-webstore,163,1510235142,16848
de-mklinger-tomcat-juli-slf4j,207,1485420390,686
deniswsrosa-liquicouch,49,1530015377,960
denniskniep-GQLRaider,13,1558728563,1638
dev-aspectj-aspectj-maven-plugin,644,1132527439,2797
devcon5io-mutation-analysis-plugin,199,1530508609,6955
devnied-Bit-lib4j,142,1361393401,1076
dhatim-business-hours-java,126,1430989632,1153
dibbhatt-kafka-spark-consumer,146,1406978357,2162
didi-benchmark-thrift,234,1568105986,4525
digipost-http-client-builder,69,1425287279,367
digitalfondue-npjt-extra,115,1436128526,2051
digitalheir-java-nfa,11,1466194420,824
DigitalPebble-TextClassification,71,1263553032,3569
digital-preservation-utf8-validator,97,1384865965,323
dingjs-javaagent,61,1442496063,36064
dizitart-jbus,141,1466431177,1216
dkellenb-formula-evaluator,47,1472751010,4744
dmak-jaxb-xew-plugin,175,1330098958,4600
dmcg-okey-doke,348,1372142398,2884
dmeoli-WS4J,60,1529750480,2444
dmitry-zhuravlev-jooq-postgis-spatial,7,1457468363,1161
Doccrazy-keycloak-protocol-cas,67,1485556667,2112
dpaukov-combinatoricslib,207,1260902026,5022
dperezcabrera-jpoker,59,1421059909,3743
d-plaindoux-suitcase,184,1370979528,3632
dpressel-sgdtk,69,1415435284,5710
DReichLab-ADNA-Tools,135,1485357534,6285
Driftt-EmailReplyParser,8,1412464386,267
dropwizard-dropwizard-elasticsearch,260,1376347636,559
dsc-cmt-cmt-statemachine,56,1593310848,1605
dspinellis-ckjm,101,1108633239,573
dsyer-spring-security-rsa,62,1404973631,1002
dubasdey-portable-ftp-server,66,1452861767,693
dubin555-Kafka-Insight,13,1507177304,1026
duguying-pinyin,19,1430145266,221
dyng-polling,29,1513956817,2008
earcut4j-earcut4j,23,1475511417,557
eBay-bsonpatch,149,1416245023,2013
eBay-json-comparison,8,1575213077,1071
echisan-wbp4j,78,1528977841,1799
ecki-et-otp,67,1321757766,755
eclipse-jbom,67,1640042685,1173
edagarli-azeroth-event,23,1547258556,925
e-gineering-gitflow-helper-maven-plugin,336,1448980945,2067
eightbitjim-cassette-nibbler,26,1491763562,18055
EladLeev-KeyToField-smt,19,1707597528,301
elasql-elasql,164,1466261708,10252
elasticpath-json-unmarshaller,207,1408982514,1006
ElectronicChartCentre-java-vector-tile,146,1400701746,5501
EnterpriseQualityCoding-FizzBuzzEnterpriseEdition,184,1353717856,1386
entrusc-xdata,75,1382264784,2578
erdtman-java-json-canonicalization,17,1528822608,1667
esamson-logback-luhn-mask,10,1369275943,609
EsmerilProgramming-overtown,261,1395367537,5102
EsotericSoftware-yamlbeans,188,1263087777,8578
ethlo-jsons2xsd,98,1372134259,1128
eurekaclinical-datastore,82,1459525660,534
eurekaclinical-javautil,329,1265323547,2923
everwatchsolutions-json-data-generator,156,1429734878,2697
exchange-core-orderbook,24,1597602199,3397
EXIficient-exificient-core,196,1456497311,19159
ExpediaGroup-avro-compatibility,37,1500892763,833
ExpediaGroup-jasvorno,60,1485257569,2483
f0ng-captcha-killer-modified,100,1647607319,2855
f4b6a3-ksuid-creator,87,1622496577,2840
f4b6a3-tsid-creator,220,1584228681,5848
f4b6a3-ulid-creator,178,1581910188,1933
f4b6a3-uuid-creator,840,1524490819,16945
fangyidong-json-simple,34,1227619549,2432
fasseg-exp4j,496,1310042288,5203
fdinoff-neovim-java-client,82,1432386454,2130
FDMediagroep-hamcrest-jsoup,93,1409217904,750
feiYouLian-jpinyin,42,1368617079,793
FelixGail-gplaymusic,184,1499540544,4949
fengwenyi-api-result,126,1565000850,460
fhoeben-hsac-fitnesse-plugin,331,1399579886,16912
figo-connect-java-figo,360,1369836096,4247
fiji-AnalyzeSkeleton,258,1233681042,3784
fizzed-jne,171,1394168580,3466
floverfelt-find-and-replace-maven-plugin,21,1617902952,1113
Flying9001-pay,15,1531308388,1122
forcedotcom-SiteCrawler,45,1395434729,1579
forcedotcom-wsc,680,1297287178,16405
fordfrog-ruian2pgsql,174,1342219587,9388
forgemo-bittrex-java-client,70,1497053367,1767
ForgeRock-OpenBanking-UK-Datamodel-Java-SDK,259,1509096551,86567
ForteScarlet-Mock.java,109,1544178527,4956
Francesco149-koohii,104,1503679883,2195
francisdb-serviceloader-maven-plugin,235,1288902528,439
fraunhoferfokus-Fuzzino,81,1367929617,19857
freva-ascii-table,45,1500375553,1217
fsantiag-sonar-clojure,132,1523725362,2710
fzakaria-ascii85,28,1454483538,235
g4dpz-predict4java,64,1394447947,3392
g4s8-cactoos-crypto,12,1521112201,633
gabrie-allaigre-sonar-gitlab-plugin,290,1446990594,7788
games647-ColorConsole,79,1462303211,1003
GaoLeiQin-SwordOffer,183,1550387194,3469
gaols-reduce-rule,8,1534500839,254
gchq-synthetic-data-generator,13,1615801593,1119
GeBeater-dozer-jdk8-support,64,1446980832,707
geftimov-hadoop-map-reduce-patterns,64,1386515610,3297
george-haddad-cardme,243,1321021831,23362
geosolutions-it-geoserver-manager,293,1305036315,11911
geosolutions-it-http-proxy,106,1321003069,1438
ghacupha-book-keeper,91,1521212279,981
ghaffarian-progex,160,1506690553,18736
ghosthack-turismo,86,1314817841,1248
Gikkman-Java-Twirk,133,1463216597,4390
giltene-jHiccup,229,1381699875,733
gisarmory-mbtiles4j,3,1630401532,254
gitbucket-markedj,155,1442443763,1891
GitHub-Laziji-reverse-regexp,39,1579658494,570
gkopff-gson-javatime-serialisers,71,1397473167,776
gkopff-gson-jodatime-serialisers,153,1361447750,923
glenrobson-iiif-tiler,60,1565137722,755
gmr-rabbitmq-flume-plugin,79,1420091356,847
GMWolf-artemis-odb-eeel,42,1503328150,509
goncalomb-NBTEditor,533,1363200893,10071
googleapis-disco-to-proto3-converter,110,1591686228,3564
googleapis-java-pubsub-group-kafka-connector,169,1651515927,5662
GoogleCloudPlatform-app-maven-plugin,247,1458229913,3864
google-escapevelocity,72,1514422485,3730
google-jsontoken,68,1276143382,2302
GoSimpleLLC-jpgAgent,66,1458239609,1899
goxr3plus-java-google-speech-api,71,1507058136,1719
gquintana-metrics-sql,57,1416952707,2533
gradusnikov-jmatio,13,1412864990,4760
grantneale-kafka-lag-based-assignor,36,1495351375,430
graphhopper-jackson-datatype-jts,77,1369812766,766
graphstream-gs-core,923,1235037648,48721
graylog-labs-syslog4j-graylog2,127,1363295301,8649
greengerong-prerender-java,136,1381848506,753
gridgain-yardstick,400,1396037182,3416
gridkit-jvm-attach,45,1351701151,2370
grumlimited-geocalc,101,1344615897,623
Grundlefleck-ASM-NonClassloadingExtensions,88,1344348454,1571
Guo-xm-mybatis-expand,19,1564054552,901
habernal-confusion-matrix,13,1439283329,1268
hackingwu-Java-Promise,25,1458010460,436
hajhouj-fastsico,38,1675368675,503
hankcs-hanlp-lucene-plugin,58,1440253407,1373
harawata-appdirs,129,1375726640,1085
Harium-etyl,149,1499971270,6172
Harium-keel,654,1376096357,29990
HarvardPL-AbcDatalog,30,1616418936,7361
hazelcast-hazelcast-kubernetes,354,1443620484,2743
hellige-ccs,97,1302374314,2013
hengyunabc-metrics-zabbix,34,1422439277,311
heremaps-oksse,33,1501572382,340
Heroicai0101-abtest,7,1572775387,488
heroku-heroku-jvm-application-deployer,786,1414766511,1374
hertzsprung-hamcrest-json,68,1345313702,382
hifly81-bank-account-axon,28,1509113484,828
hivsuper-document-converter,24,1470330674,522
hlavki-jlemmagen,26,1382347149,1248
hneemann-digitalCustomComponents,17,1508589344,464
hneemann-Oscilloscope,91,1588454292,6509
hoijui-Jawk,62,1342618743,13113
hoijui-ReZipDoc,339,1551526030,1699
hongbeomi-Programmers,207,1559732016,3272
hongliuliao-thrift-generator,46,1354791281,1470
houbb-heaven,462,1550671989,12417
houbb-nlp-hanzi-similar,15,1637564269,984
houbb-opencc4j,71,1518172341,1786
houbb-pinyin,63,1579151732,1628
houbb-segment,88,1578964777,2401
houbb-sensitive-word,116,1578366665,3575
houbb-word-checker,43,1524869901,1239
hsluv-hsluv-java,16,1463264682,406
hs-web-hsweb-utils,66,1465141728,5555
huaban-jieba-analysis,111,1375697164,1265
huangbowen521-SpringJMSSample,25,1392820457,201
hubert-marteau-MultiChainJavaAPI,133,1479284326,5108
HugoJhonathan-Challenge-Oracle-ONE-conversordemoedas,29,1677435414,857
huiwang-cracking-the-coding-interview,101,1510073787,3885
huiyang100-excel-formula-engine,13,1561355923,222
humbertodias-java-data-structures-algorithms,50,1462744182,3471
hummeling-if97,43,1393678854,8210
ibit-tech-sql-builder,23,1564459215,7995
IBM-Cloud-gp-java-client,100,1429219090,8468
iceenongli-iceworkday,20,1501917280,1340
icgw-FCA-Map,193,1563772794,6954
idealo-mongodb-slow-operations-profiler,216,1377588048,5525
iipc-jwarc,406,1442804953,11173
iipc-urlcanon,198,1478131019,1854
imixs-muluk,29,1629829002,1350
imohsenb-ISO8583-Message-Client-java,40,1522577063,1869
in28minutes-JUnitIn28Minutes,18,1441466703,584
iNamik-java_text_tables,17,1462147196,1521
indexdata-cql-java,378,1035475076,2010
InfoSec812-sonar-auth-google,131,1453363639,999
Ingenico-ePayments-connect-sdk-java,104,1453390312,23551
inreachventures-aws-signing-request-interceptor,126,1445870822,971
instana-instana-java-opentracing,33,1479823218,696
InstantWebP2P-tweetnacl-java,85,1413851002,4506
intel-jndn-mock,69,1421448373,1049
internetitem-logback-elasticsearch-appender,107,1428460758,1405
in-the-keyhole-khs-sherpa,293,1335146696,2514
inversoft-jackson5,77,1454459653,294
inversoft-restify,178,1454461551,2535
io7m-aeron-guide,12,1522253371,3323
iquadrat-sbb-train-scheduler,7,1542297662,19591
iris-edu-stationxml-seed-converter,250,1467225468,5214
ironpinguin-serialized-php-parser,39,1188802523,683
Isaac315-sql-translator,3,1600249860,1404
iterate-ch-java-openstack-swift,147,1374060193,3630
IvanTrendafilov-Confucius,53,1377415522,1272
ixa-ehu-ixa-pipe-ml,228,1459521029,19180
ixa-ehu-ixa-pipe-tok,208,1365062190,721
iyzico-iyzipay-java,595,1452787524,16176
j256-simplecsv,229,1416781131,4268
j256-simplemagic,389,1367847910,7757
j256-two-factor-auth,104,1433878535,637
jacksonpradolima-csv2bib,39,1496861565,594
jackyfd-collectionX,24,1555834795,1146
jaeheonshim-ChessBoard,88,1578883439,1495
jagrosh-GiveawayBot,188,1490418542,2698
jagrosh-MusicBot,247,1471200276,4703
jahlborn-jackcess,1229,1112884339,44785
jahlborn-sqlbuilder,230,1206581542,9458
jai-imageio-jai-imageio-core,174,1272642815,34960
jamf-AppConfig-Generator,110,1458748949,2527
JanGorman-jersey-passbook,133,1357845739,725
jano7-executor,100,1576342823,888
jarekratajski-badlam,15,1430666161,580
JaroslavTulach-heapdump,10,1557124389,81
jasminb-jsonapi-converter,181,1455815018,4165
javadelight-delight-fileupload,57,1456371064,420
javadev-moneytostr,263,1325800647,3553
javadev-sqltojava,49,1327091076,4857
JavadocMD-simplelatlng,117,1285724049,1799
javagl-Common,30,1448406136,5275
javagl-Obj,59,1444068702,4957
javalite-jar-explorer,30,1188278656,3735
javamelody-jira-confluence-javamelody,75,1489345673,480
JavaMoney-jsr354-ri-bp,233,1426058700,15451
java-sepa-xml-java-sepa-xml,28,1530607824,1069
jbossas-staxmapper,88,1276621948,1607
jbrundege-taro,46,1380655460,2431
jcabi-jcabi-maven-plugin,406,1364545584,823
jcabi-jcabi-ssl-maven-plugin,269,1351700748,477
jcbvm-i18n-editor,232,1433685297,4466
jchambers-fast-uuid,48,1516469055,234
jchambers-id-obfuscator,34,1486313886,962
jchambers-jeospatial,130,1326943804,409
jdbc-observations-datasource-proxy,764,1258439861,18521
j-easy-easy-flows,66,1495134487,1003
j-easy-easy-states,63,1495131358,922
JeffLi1993-java-core-learning-example,199,1434510505,3857
jenkinsci-syslog-java-client,161,1393286030,1995
jenshadlich-S3-Performance-Test,185,1432649351,1140
JervyShi-nacos-embedded,25,1549596828,528
jetlang-remoting,687,1301965439,8956
jetty-project-jetty-eventsource-servlet,13,1315496948,483
jfinal-jfinal,517,1347380858,33681
jhalterman-concurrentunit,148,1287793421,554
jhalterman-lyra,221,1381278048,3879
jhalterman-typetools,202,1287952823,1345
jhunters-jprotobuf,683,1389061610,41318
jiangxincode-SearchEngine,104,1402844126,783
jillesvangurp-osm2geojson,92,1361982075,1569
jinahya-bit-io,954,1381292799,2563
jitsi-bccontrib,9,1365354996,3808
jlawrie-opencsv,87,1163102747,3514
jmazzitelli-prometheus-scraper,4,1515789020,2028
jmurty-java-xmlbuilder,103,1229227658,1639
jnr-jnr-constants,423,1223797508,32691
jnr-jnr-enxio,235,1223113342,1305
jnr-jnr-ffi,1219,1216356343,29522
jnr-jnr-netdb,99,1269325605,2788
jnr-jnr-process,92,1421700132,222
jnr-jnr-unixsocket,344,1233319155,3115
JodaOrg-joda-collect,57,1393929851,2906
JodaOrg-joda-time-hibernate,111,1121728852,2475
JodaOrg-joda-time-i18n,32,1156118841,432
johnlcox-toml4j,34,1361763446,1754
johnlpage-POCDriver,141,1421834896,1402
JohnsProject-JGameEngine,290,1551967151,8158
jonatan-kazmierczak-class-visualizer,48,1546642444,3672
jonathanhds-sql-builder,59,1363113535,2109
jon-hanson-parsecj,250,1420141849,3229
joniles-rtfparserkit,72,1373817920,4049
jonpereiradev-diff-objects,81,1512956573,2041
JoonasVali-jartin,120,1416860805,2356
jordw-heftydb,338,1387248952,7219
jprante-elasticsearch-csv,15,1405465771,787
jprante-elasticsearch-transport-websocket,17,1346530044,6118
jprante-log4j2-elasticsearch,7,1405667833,741
jramoyo-indexed-file-reader,37,1352360476,505
jrmelsha-keccak,37,1466648687,670
jruby-joni,696,1199670571,17144
jsunsoftware-http-request,169,1505040279,3904
jtidy-jtidy,916,1073300304,21828
jtmelton-attack-surface-analyzer,57,1524540902,38340
juandesi-email4j,3,1473579307,1691
julienchastang-charts4j,138,1222792415,8494
julietkilo-CANBabel,109,1320272120,2870
jvirtanen-config-extras,34,1400514555,147
jvitorr-Jeasier,29,1511618754,1518
jzy3d-jGL,62,1502718727,29947
k55k32-simple-codegen,22,1551938251,353
kabutz-striped-executor-service,12,1353397231,1115
kamranzafar-jtar,52,1335886190,995
KasperFranz-AntiAd,317,1357396546,1211
kayahr-pherialize,49,1151152539,2132
kazuhikoarase-jaconv,62,1477081322,456
KevinStern-software-and-algorithms,17,1343573994,4570
kgalant-PackageBuilder,206,1481164138,2795
kifj-jboss-syslog,134,1336923191,388
killbilling-recurly-java-library,1059,1343706157,23067
kittylyst-ocelotvm,86,1418298094,2229
kklisura-props-to-constants-generator,8,1528708161,814
knowm-jspice,179,1490027735,7617
koendeschacht-bow-utils,136,1410510320,6131
kohsuke-wordnet-random-name,29,1396827269,93
kolchagov-java-crud-api,110,1513550522,5934
konsolas-ConditionalCommands,36,1446838342,904
KosherJava-zmanim,428,1299479944,6160
kravchik-jcommon,200,1414528119,2033
kristofa-mock-http-server,226,1316975951,4635
kristofa-wicket-tagcloud,18,1345978067,305
krpors-delver,23,1446479077,814
kungfoo-geohash-java,220,1230543572,2192
Kurento-kurento-module-creator,576,1392286926,6488
Labs64-swid-generator,83,1417351857,1172
lafaspot-ja3_4java,27,1539989689,555
lastfm-coverartarchive-api,74,1346949218,1079
LatencyUtils-LatencyUtils,95,1381071963,1580
lazee-freemarker-java-8,183,1439915125,1487
lbehnke-hierarchical-clustering-java,106,1356637381,1440
leonbloy-pngj,213,1318037734,15429
leonhad-paradoxdriver,1175,1404949814,23821
leonliao-wechat-app-pay-java-sdk,14,1445482340,2378
lerndevops-samplejavaapp,320,1548519779,1179
levigo-jbig2-imageio,110,1407152533,9911
lexburner-consistent-hash-algorithm,3,1550219830,463
lfkdsk-bnf-ast,33,1516679481,2650
liangbaika-validate,69,1592272910,1399
LianjiaTech-json-diff,6,1649931049,1785
libcoolsocket-java,160,1449299909,2908
LibrePDF-OpenRTF,73,1581017926,11790
lightoze-gwt-i18n-server,170,1297038232,1237
lingyejun-tick-authenticator,77,1541256727,598
linux-china-plantuml-gist,134,1384955709,1237
linux-china-rocker-template-demo,22,1526713768,87
linux-china-toolchains-maven-plugin,72,1635286780,553
liqpay-sdk-java,92,1398336244,458
liudongdong0909-mybatis-generator-core-fix,14,1472899882,25569
LiveRamp-HyperMinHash-java,48,1525412928,2961
lizard-framework-lizard-spi,15,1550489382,410
llatinov-sample-dropwizard-rest-stub,20,1428324828,485
locationtech-spatial4j,209,1435608620,10904
loehndorf-scengen,25,1455019771,3953
LogisticsCraft-OcclusionCulling,32,1616262791,945
logpresso-CVE-2021-44228-Scanner,290,1639221527,3498
loong0306-commutils4j,79,1503232897,2043
lrozenblyum-chess,2194,1344966415,8836
lucaspouzac-contiperf,305,1255339946,4996
luigiselmi-flink-kafka-consumer,122,1460044809,1182
lujinfeifly-jsoncode,71,1550369868,1140
lukas-vlcek-elasticsearch.demo,11,1322907407,149
lukfor-pgs-calc,348,1584098088,7454
lyg5623-lightgbm_predict4j,19,1493864261,1940
m09-syllable-counter,65,1405485539,130
macacajs-wd.java,273,1470740316,1755
magdel-MapNav,47,1536008964,32849
MagicTheGathering-mtg-sdk-java,128,1470878550,933
mahjong4j-mahjong4j,348,1446942068,5980
makersoft-mybatis-shards,187,1343960713,4660
ManuelB-facebook-recommender-demo,49,1329687277,325
maping-java-maven-calculator-web-app,123,1535467855,144
mariazevedo88-json-formatter-validator,126,1549847096,843
MarkShen1992-Mashibing_High_Concurrency,174,1529205560,8312
marschall-path-classloader,29,1356520473,297
marschall-svn-diffstat,97,1350234895,1871
martincooper-java-datatable,178,1499503447,1988
martin-g-wicket-jquery-selectors,140,1378849006,1701
marwin1991-keep-changelog-maven-plugin,94,1615485821,1272
marzn-telegrambot-japi,40,1439373616,1668
massigerardi-ta4j-strategy-parser,6,1586247684,634
Mastercard-client-encryption-java,293,1550762046,5945
mateiw-littlebasic,6,1487871839,714
mattdavey-EuronextClone,303,1341886562,1998
matthewhorridge-mdock,18,1425597910,1808
mattsheppard-gethostname4j,53,1483572596,33
maxmind-geoip-api-java,314,1037859210,11526
maxtomin-decimal,35,1469823799,1889
mdeanda-lorem,71,1354268682,410
mdewilde-podcast-parser,81,1492460048,7491
mduerig-json-jerk,17,1323384420,1746
medmes-keycloak-monitoring-spi,6,1565308454,521
meixuesong-aggregate-persistence,66,1568768890,2197
meltmedia-jgroups-aws,134,1340666636,819
mesosphere-marathon-client,227,1392767006,3598
messai-engineering-Yuga,237,1531583253,3710
metamug-java-jwt,5,1596358292,188
meteoinfo-wContour,31,1551160845,11970
MezereonXP-AnomalyDetectTool,118,1524832077,1713
mfathi91-persian-date-time,52,1506623498,1783
mhshams-jnbis,193,1429955695,4150
michaeltandy-log4j-json,12,1352412075,213
michaelwittig-java-q,125,1324284153,4388
MieskeB-json-api-spring-boot,151,1599420211,1536
mike706574-java-map-support,90,1506955292,2591
mikera-enlight,175,1344235079,905
mikera-randomz,59,1350095911,906
mileshenrichs-QuiFFT,44,1552592498,1429
mincloud1501-DevOps,25,1589418596,33
mirabeau-nl-ceddl4j,54,1428057070,2347
mixer-beam-client-java,370,1424911854,2853
Mixermachine-base-test,188,1567434807,2544
mixpanel-mixpanel-java,103,1354063200,1163
mjsalerno-UnoBot,307,1312270601,2699
mmastrac-nanojson,270,1307552390,3887
mocnik-science-geogrid,161,1500231756,1208
mokiat-java-data-front,13,1404927811,3328
MottoX-BeanUtils,24,1489032387,423
MottoX-TAOMP,37,1491733306,1404
MountCloud-graphql-client,24,1522059798,525
moznion-java-random-string,30,1426743182,605
mpatric-mp3agic,247,1286380853,9907
MPriess-GeoJSON-POJO,56,1324344434,569
msarhan-ummalqura-calendar,42,1428070170,1427
msigwart-fakeload,341,1499179592,2988
msojocs-OmenChallengeHelper,24,1622040603,2009
mulesoft-labs-rhinodo,57,1345525118,2901
murreIsCoding-auth,1,1575620924,218
mvel-mvel,3150,1167682871,46156
mwanji-toml4j,344,1361865446,5129
naosense-markdown-preview-sync,54,1533277692,925
NawaMan-NullableJ,255,1517688896,3022
neil-justice-louvain,38,1481461161,1691
Neop-mudmap2,314,1402095334,14498
neo-search-multiple-string-searcher,44,1566367070,1474
netarchivesuite-heritrix3-wrapper,52,1414097434,3508
NetherlandsForensicInstitute-kafka-spout,65,1387445055,1271
neuland-jade4j,530,1334667903,8054
ngallagher-simplexml,1726,1169290713,46766
nicolas-raoul-jakaroma,24,1460366498,392
niesfisch-java-code-tracer,17,1446216564,1527
NightFlightCaptain-ssm,13,1528258296,2327
Nilhcem-FakeSMTP,183,1315747988,2000
ning-compress,327,1278029750,6083
ning-tr13,69,1273515056,3109
NishkarshRaj-Maven-Using-CMD,102,1561876117,31
noelherrick-jell,14,1424778364,899
noophq-subtitle,20,1448980195,2745
Nordstrom-nifi_terraform_generator,35,1535620848,5669
nothingax-micro-DB,176,1611210529,5466
npathai-hamcrest-optional,85,1436339280,158
nurkiewicz-typeof,18,1380055210,443
nutzam-nutzwx,301,1398916741,6386
nuxeo-onedrive-java-client,27,1454596426,1882
o19s-RankyMcRankFace,47,1486176870,8939
ocaffe-numero-por-extenso,28,1425415202,372
offbynull-kademlia,184,1439846975,4348
offbynull-portmapper,245,1403075570,14378
ogrodnek-java_fathom,24,1237870596,249
olcaytaner-201-DataStructures-Java,44,1678087947,2361
OnlineCodex-OnlineCodex,393,1535569453,58298
ooxi-jdatauri,39,1372411681,348
openapi-tools-swagger-maven-plugin,100,1484808647,1168
opendatalab-de-geojson-jackson,131,1373972455,1455
OpenGamma-ElSql,102,1349878684,2931
OpenLiberty-ci.common,1274,1510270105,10285
openskynetwork-java-adsb,268,1410733584,4131
opentimestamps-java-opentimestamps,335,1488186755,5339
opentracing-contrib-java-concurrent,24,1497134788,722
optimaize-command4j,54,1393110731,2491
OrderLab-OKLib,39,1650054535,6268
OrhanKupusoglu-bazelize-maven-plugin,92,1530204480,2562
orientechnologies-orientdb-jdbc,123,1312925367,3638
os72-protobuf-dynamic,77,1426828283,2295
oskopek-javaanpr,278,1381490039,4961
OWASP-json-sanitizer,110,1349974796,1833
Pablissimo-SonarTsPlugin,199,1416144398,3123
pablobastidasv-kc_security,32,1526382394,499
package-url-packageurl-java,191,1512050639,978
PacktPublishing--Learn-Algorithms-and-Data-Structures-in-Java-for-Day-to-Day-Applications,21,1511441972,992
pagehelper-Mybatis-PageHelper,681,1402361789,8515
palindromicity-simple-syslog,57,1542817309,10592
parship-roperty,294,1364906908,2287
patrickfav-uber-adb-tools,134,1473595567,2461
patriques82-alphavantage4j,146,1511091125,7604
pawandubey-griffin,105,1434480901,1843
Payment-Components-demo-sepa,15,1607594018,353
paypal-Gibberish-Detector-Java,8,1466717525,290
pedrovgs-Algorithms,427,1415543366,6583
petterobam-mds2index.html,21,1523804496,1074
PhantomThief-thrift-pool-client,30,1416659948,1381
phax-as2-server,419,1369386672,2831
phax-ph-events,216,1425458024,1989
pheerathach-promptpay,87,1562256157,1921
philihp-weblabora,567,1326785488,13196
pierredavidbelanger-logback-awslogs-appender,67,1465487347,817
pingcap-tidb-loadbalance,18,1657516786,4559
pk8est-table-printer,27,1586577146,954
pouyaesm-signed-community-detection,70,1517382816,3848
ppke-nlpg-purepos,213,1316092049,6722
prat-man-unique4j,97,1573755754,1085
profesorfalken-jPowerShell,210,1452433589,1050
profesorfalken-jSensors,123,1464203252,1220
Proteus1989-Air-Explorer-Decrypter,27,1582540178,449
prpatel-serverless-java-mini-workshop,12,1534293587,567
psjava-psjava,840,1372052878,12582
purcell-jargs,72,997339609,848
PureMVC-puremvc-java-standard-framework,32,1196743615,1270
PvdBerg1998-PNet,97,1491742238,1957
pvto-konte-art,319,1424504616,26559
qala-io-java-beginner-course,29,1546145679,372
qmx-jitescript,170,1305838358,1699
qoomon-banking-swift-messages-java,306,1467309355,4926
qqilihq-property-editor,50,1492436269,831
qubole-qds-sdk-java,362,1396380599,9947
qwhai-algorithms-sort,38,1453182817,548
radkovo-Pdf2Dom,202,1317385779,2711
RagedUnicorn-github-release-maven-plugin,111,1534025072,1332
RakhmedovRS-DataStructuresAndAlgorithmsInJava2ndEdition,103,1507103787,8777
ralscha-bsoncodec,144,1447872285,1452
random-maven-profile-activator-extension,9,1516130425,631
RayDeCampo-java-xirr,35,1491770191,813
raymanrt-orientqb,90,1420147922,3835
realexpayments-rxp-hpp-java,56,1436975036,3367
RealZimboGuy-ewelink-api-java,25,1606999897,2884
redlink-gmbh-redlink-java-sdk,355,1381218620,4478
renfei-ik-analyzer,11,1651755720,3400
resourcepool-ssdp-client,86,1501969994,896
resurfaceio-logger-java,408,1453580787,4778
RetailMeNot-TestRailSDK,170,1398720941,2520
retog-wymiwyg-commons-core,37,1171044273,3742
retomerz-mosquito,10,1504725790,1544
righettod-pst-digger,40,1468079266,245
RIGS-IT-sonar-xanitizer,210,1467732833,26918
ripreal-V8LogScanner,187,1487312947,8028
riversun-bigdoc,47,1391341337,1239
riversun-java-promise,22,1556732060,1620
rjohnsondev-java-libpst,214,1246753812,5658
rjstanford-spreedly-java,55,1416331780,2521
rjwut-ian,282,1463957586,20327
RKumsher-utils,82,1485557757,2994
rnorth-duct-tape,68,1419573677,1318
robert-bor-aho-corasick,108,1391026632,2190
RobertStewart-privateer,18,1288229317,398
robshep-logback-logdna,9,1499186277,136
rockt-SETH,444,1353580619,5724
rombert-desktop-maven-notifier,54,1376382704,440
romix-java-concurrent-hash-trie-map,67,1347370998,2386
rovats-java-utils,22,1471560346,114
rpau-javalang,131,1388333841,38354
rponte-dbunitmanager,50,1359598175,568
rponte-pin-decrypter,4,1592250282,685
rrice-java-string-similarity,50,1296366958,705
rsatrio-Keycloak-Federation-ExistingDB,5,1647693113,477
rtyley-animated-gif-lib-for-java,37,1328481512,1487
rweather-noise-java,59,1466062757,9208
ryenus-rop,106,1358785550,1108
rynr-launchpad,79,1417006830,313
sabomichal-liquibase-mssql,116,1383669161,743
sachin-handiekar-jInstagram,414,1311533783,11081
sagiegurari-fax4j,134,1429895602,16720
sailthru-sailthru-java-client,400,1304918030,3685
sambatriste-sql-formatter,10,1475990562,397
sandflow-regxmllib,154,1416179589,8079
sangupta-bloomfilter,50,1395731382,1010
sangupta-gather,115,1496226610,3378
sangupta-murmur,57,1393558534,544
saoj-mentabean,47,1469156393,12748
SAP-archive-cloud-paulpredicts,7,1355825210,6772
sarojaba-prettytable4j,21,1493631626,1246
savantly-net-log4j2-extended-jsonlayout,20,1503067683,942
sbesada-java.math.expression.parser,64,1430414092,1850
sbesada-java.math.numerical.library,61,1570908687,5626
sblendorio-petscii-bbs,1023,1538584948,40381
scijava-scripting-clojure,58,1398376984,305
Scout24-illegal-transitive-dependency-check,127,1397225741,1833
scoutant-polyline-decoder,5,1283437330,563
scouter-contrib-scouter-plugin-server-alert-slack,24,1462798490,441
scubajorgen-FitReader,73,1499411064,3658
sd4324530-JTuple,115,1495782653,791
sdorra-shiro-unit,32,1383410700,347
seahen-maven-s3-wagon,554,1274377421,1449
seaswalker-netty-wheel,29,1472216938,1330
sedran-moment4j,30,1459086833,1847
seintur-jmixer,30,1408472337,428
serg472-htmlcompressor,96,1236570628,3240
sgoertzen-sonar-break-maven-plugin,95,1449885374,603
sgreben-regex-builder,150,1467993563,3059
shapesecurity-salvation,267,1431731875,5398
shazam-shazamcrest,134,1363620924,2565
shibing624-crf-seg,26,1496736773,4905
shipilev-jdk-backports-monitor,327,1544224742,4964
shred-commons-xml,31,1413753751,500
shreyasht-java8-validator,25,1514284775,274
Shunshun94-discord-bcdicebot,454,1498409822,3801
SiftScience-kafka-assigner,9,1469660687,715
sigopt-sigopt-java,215,1428576660,3665
silentsoft-oss-notice-file-generator,38,1579629818,924
SimpleAstronomy-simple-astronomy-lib,58,1301158801,605
SimpleFinance-kafka-dropwizard-reporter,20,1463168493,265
simplesteph-kafka-connect-github-source,43,1493298177,2061
simplymequeeny-json-string-schema-generator,38,1502236135,200
sinrimin-netty-socketio-client,16,1592993248,1994
sjbutler-idtk-j,22,1428068796,828
skayvanfar-cheetah,114,1441887129,7366
skyscreamer-JSONassert,228,1328133374,2765
slub-urnlib,119,1455472885,1611
smallnest-fastjson-jaxrs-json-provider,32,1411963923,446
smartrics-RestFixture,495,1219192004,7799
smartystreets-smartystreets-java-sdk,421,1461858486,6349
smitajit-es-rest-mock,21,1523255773,721
smola-galimatias,152,1387582007,5047
smsapi-smsapi-java-client,107,1363185002,3796
sndyuk-logback-more-appenders,155,1342205795,2296
sofastack-sofa-hessian,37,1522756162,35412
softlayer-softlayer-java,123,1411490829,4105
solita-functional-utils,308,1356097127,28262
Sonal0409-DevOpsCodeDemo,62,1644580765,1179
SonarSource-sonar-auth-bitbucket,93,1453363639,1000
sonatype-heuristic-version,116,1443586145,3694
sonian-elasticsearch-jetty,236,1315852755,2858
soot-oss-heros,392,1352924177,8249
sorra-TraceSonar,49,1440569818,1204
sparkapi-SparkJava,43,1362507617,5327
spdx-Spdx-Java-Library,507,1559931328,42319
spinscale-elasticsearch-graphite-plugin,27,1360405183,734
spoofzu-DeepViolet,727,1408135403,2822
spotify-annoy-java,74,1393356887,427
spotify-async-datastore-client,81,1434447318,3297
spotify-futures-extra,221,1377206524,2436
spotify-simple-bigtable,99,1456520927,2851
spotify-ssh-agent-proxy,53,1445730935,1015
springml-salesforce-wave-api,73,1439893304,4071
SpringStudent-GyJdbc,349,1537512317,5739
spullara-cli-parser,83,1177654831,1056
spyhunter99-installcert,165,1501891791,1302
square-gifencoder,66,1430427409,1158
square-osstrich,58,1445723396,424
square-pagerduty-incidents,50,1407916194,686
sranka-jdbcimage,155,1454069680,3615
srikanth-lingala-zip4j,439,1556972751,16781
sritejakv-splitwise-java,7,1562433217,634
ssedano-jump-consistent-hash,7,1409165680,101
starkbank-ecdsa-java,66,1546635513,1940
StarlangSoftware-Corpus,115,1527771883,1188
StarlangSoftware-TurkishPropBank,74,1527829703,600
StarlangSoftware-TurkishSentiNet,58,1566712250,312
stefanbirkner-fake-sftp-server-rule,43,1455235200,1397
steveash-jopenfst,33,1413514096,5180
stevespringett-CPE-Parser,249,1531162046,4887
stevespringett-cvss-calculator,144,1494186892,2806
stevespringett-owasp-risk-rating-calculator,69,1548986759,715
stevespringett-threatmodel-sdk,83,1472246822,3428
stoicflame-ofx4j,204,1214886010,13986
str4d-ed25519-java,351,1338341034,5002
streamx-co-ExTree,103,1564644151,4818
stripe-interview-java-interview-prep,10,1444589251,21
studerw-td-ameritrade-client,162,1518426051,11622
stupid1t-poi-excel,331,1544678244,4513
supercargo-guice-persist-jooq,69,1398111860,473
SValentyn-Payment-Management-System,538,1580245818,8867
SvenEwald-xmlbeam,936,1356005311,13134
svenkubiak-jBCrypt,56,1423038768,703
Sweetiee-yi-Jaba,6,1544367302,808
swri-robotics-bag-reader-java,67,1462308294,3159
sysco-middleware-kafka-client-collector,117,1561561738,268
szagriichuk-search-api,7,1372844144,515
tacitknowledge-jcr-mock,121,1350935358,1836
TakahikoKawasaki-nv-websocket-client,281,1427360244,8430
takari-directory-watcher,28,1457832980,1109
tauris-io-expression,10,1589470768,4835
taxjar-taxjar-java,122,1498773342,4085
tbuktu-ntru,297,1299371347,7719
tchristofferson-Config-Updater,92,1549611588,461
tcurdt-hadoop-lzo-java,11,1280520590,163
tcurdt-jdependency,493,1145538638,1167
tdebatty-java-LSH,84,1422454525,696
tdebatty-java-string-similarity,245,1397736657,1630
tdunning-anomaly-detection,7,1395376190,172
tdunning-bandit-ranking,15,1366776134,1051
tdunning-open-json,39,1479334793,4483
teaey-apns4j,37,1428027427,1165
telefonicaid-netphony-network-protocols,482,1392287427,37549
tencentyun-cos-java-sdk-v4,24,1475981875,3480
tenlee2012-elasticsearch-analysis-demo,3,1594109434,593
tfredrich-DateAdapterJ,61,1270661798,1206
ThangLeQuoc-aqi-calculator,165,1492676014,1624
TheBlackChamber-commons-encryption,105,1404787366,5005
theborakompanioni-thymeleaf-extras-shiro,114,1358973639,2392
TheCookieLab-poloniex-api-java,92,1490896380,2180
thegedge-java-radix-tree,3,1348719521,625
TheHolyWaffle-TeamSpeak-3-Java-API,368,1385569156,8637
ThinkingDataAnalytics-java-sdk,33,1568255016,2498
thomasmueller-tinyStats,47,1551943558,3073
ThoughtWire-hazelcast-locks,44,1401453878,2386
threedr3am-dubbo-exp,36,1582277956,2598
threefish-nutz-sqltpl,66,1550570441,571
threerings-react,279,1312240133,3811
thundra-io-thundra-lambda-warmup,22,1523256582,1630
thymeleaf-thymeleaf-itutorial,78,1350493873,903
TiBeN-ia-rcade,277,1458197910,3767
tking-JSTUN,32,1370705922,2568
tkutcher-jgrade,142,1546968653,1736
TNG-property-loader,535,1372763399,1860
tobyweston-Refactoring-Chapter-1,50,1319368110,207
tommyettinger-BlazingChain,35,1473824669,2572
tomsik68-mclauncher-api,331,1372796703,4190
TongxiJi-shadowsocks-java,73,1525005420,2674
tonikolaba-BatBat-Game,180,1494526595,3990
tony19-named-regexp,260,1342282636,1637
tonydeng-fmj,86,1429172976,1063
tonysparks-leola,186,1362703885,18491
toolbox4minecraft-amidst,2308,1364648984,26335
toolfactory-narcissus,566,1629360339,965
ToryZhou-design-pattern,68,1525511267,2621
traiana-kafka-spiffe-principal,9,1532847493,124
trganda-yaml2http,64,1659959055,1738
Trigary-AdvancementCreator,7,1514570384,3445
triologygmbh-reCAPTCHA-V2-java,35,1499115633,384
trystan-AsciiPanel,76,1291845144,671
tud-fop-j-Algo,524,1090098278,137056
tupilabs-tap4j,244,1358188768,4293
tv2norge-collab-java-serf-client,17,1398622914,1378
tvesalainen-bcc,124,1352545308,19271
Twasi-twasi-core,469,1500065757,7797
typesafehub-netty-http-pipelining,61,1364173956,298
uber-common-jvm-profiler,89,1515191731,7684
udger-udger-java,89,1461476775,2362
uia4j-uia-sim,65,1609726520,3435
uklimaschewski-JMXWrapper,19,1359639119,967
ukman-kolobok,24,1577115417,676
unitsofmeasurement-unit-ri,691,1396979005,9426
unruly-java-8-matchers,61,1399196129,1455
upyun-java-sdk,168,1356422716,3266
usingsky-KoreanLunarCalendar,19,1453759342,446
usnistgov-Lineage-Mapper,33,1442504629,6193
valery1707-kaitai-maven-plugin,116,1521732661,1587
valfirst-jbehave-junit-runner,510,1223047729,2462
vangj-jbayes,163,1460735729,5389
VaughnVernon-mockroservices-java,35,1505674343,1836
vaulttec-sonar-auth-oidc,133,1514579293,1637
vdurmont-emoji-java,190,1407326259,1468
vdurmont-etaprinter,15,1415166000,274
vdurmont-semver4j,100,1430073918,2164
venushka-jmxeval,119,1339063187,2916
VerbalExpressions-JavaVerbalExpressions,126,1374768935,1370
verilylifesciences-genomewarp,36,1475262675,6265
vert-x3-vertx-docgen,188,1415190562,2971
vibur-vibur-object-pool,323,1358087862,1045
victor-porcar-delayed-batch-executor,144,1571866959,1485
victorrentea-clean-code-dive,19,1572945386,349
vidageek-crawler,121,1213768032,1777
vidstige-jadb,329,1374777928,2385
vincentrussell-java-ini-parser,46,1629218083,679
vinhkhuc-lbfgs4j,23,1433734873,1145
visenze-visearch-sdk-java,453,1418362834,8807
vitalidze-chromecast-java-api-v2,285,1402655148,5406
vivekragunathan-JINQ,17,1459550879,2114
vizor-games-infraworld-cornerstone,77,1526386372,4917
volkodavs-secret-santa,9,1552854722,945
volodya-lombrozo-hg-revision-plugin,209,1581011251,2778
w3blogfr-zebra-zpl,55,1393862791,1342
walmartlabs-gozer,240,1520547138,13594
wavefrontHQ-wavefront-fdb-tailer,51,1544142137,956
wavefrontHQ-wftop,78,1559172309,2831
waynedyck-gwt-gantt,16,1399266063,5171
wcnwyx-gm-encryption,1,1581849489,368
wdtinc-mapbox-vector-tile-java,82,1455226223,5773
wealthfront-thompson-sampling,17,1381376404,697
weaverj-erserver,26,1519793503,1124
webbynet-protostuff-runtime-proto,38,1421785255,1662
webjars-webjars-locator,428,1353715866,539
weblyzard-nilsimsa,58,1336573120,272
webmate-io-webmate-sdk-java,305,1504478896,6877
WebThingsIO-webthing-java,89,1499437276,2358
Wedjaa-JavaAnsibleVault,21,1433462270,883
weibocom-yar-java,14,1466652267,1138
welk1n-ReverseShell-Java,8,1559300550,127
wepay-WePay-Java-SDK,261,1374869995,3513
weswilliams-GivWenZen,166,1253622376,3732
whizzosoftware-WZWave,145,1398026466,9142
william-ferguson-au-asymmetric-crypto,48,1386423065,1080
wiqer-ef-redis,36,1633577656,6762
wmixvideo-bradesco-boleto-registro,82,1503003735,2084
wolf-yuan-6115-flowermoon,1,1692102046,4693
woodpecker-appstore-yonyou-nc-decrypter,2,1680852277,298
Workday-timeseries-forecast,97,1492015336,2082
wso2-config-mapper,100,1563774610,2363
wstrange-GoogleAuth,275,1326225909,1093
xcbeyond-ConferenceTrackManagement,4,1576415553,386
Xchuanshuo-LiteNESEmulator,35,1589937458,8963
xcsp3team-XCSP3-Java-Tools,361,1464609249,16914
xianfengyi-ExprEngine,9,1697546828,3303
xiangbohua-scales-bridge,5,1594210197,631
xingePush-xinge-api-java,161,1478056907,2655
xjodoin-torpedoquery,336,1296576875,5549
xnnyygn-dynamic-log-level,6,1431734915,48
xspec-xspec-maven-plugin-1,245,1380026376,3843
xuanbo-dag-executor,3,1574046715,342
xuminwlt-j360-tools,55,1530606462,1256
XUranus-lightsocks-java,29,1542291686,956
yagarea-java-chat,49,1499674541,578
yanceyZhang-wx-chatbot,17,1562743742,626
yawkat-reflect,33,1420748020,1092
yfpeng-pengyifan-leetcode,202,1408310984,7183
yichen0831-OpenCC-Java,24,1453466028,282
yinlou-mltk,162,1404080620,20055
yomorun-hashids-java,113,1397753434,447
ysc-word,919,1395112731,10000
Yubico-yubico-j,106,1209639528,452
yuqi1129-calcite-test,16,1500033329,3274
yurelle-Base45Encoder,6,1636831930,357
zafarkhaja-jsemver,161,1349380429,3813
zalando-stups-java-sproc-wrapper,273,1351528554,13135
zeroturnaround-maven-jrebel-plugin,155,1328872859,1228
Zettelkasten-Team-Zettelkasten,989,1395222100,56571
zhaolihe-useragent-parser,96,1494338531,2363
zhining-lu-netty-websocket-proxy,80,1586525073,2700
zhixiangli-code-similarity,23,1418821324,279
ZhongAnTech-dmds,1,1526036566,42136
zhongxunking-sync,137,1587634333,2753
zhoujianling-PointCloudUtilities,206,1536660032,6587
ZsBT-mrz-java,77,1309434862,1444
ztelur-consistent-hash-algorithm,4,1557652409,601
afranken-jmeter-analysis-maven-plugin,133,1337205007,2908
agiledon-payroll-ddd,75,1569399286,1759
agoncal-agoncal-application-petstore-ee7,104,1368804794,6571
alanhay-html-exporter,62,1340390339,3139
albfernandez-itext2,258,1455483687,100367
alexnederlof-Jasper-report-maven-plugin,140,1315666515,536
amazon-archives-aws-ssm-java-caching-client,19,1568225668,392
amzn-amazon-pay-api-sdk-java,40,1566838521,2562
apache-commons-jxpath,859,998527622,26305
apache-maven-clean-plugin,365,1082470017,797
apache-maven-compiler-plugin,864,1079379140,3866
apache-maven-deploy-plugin,467,1108737147,1806
apache-maven-shade-plugin,698,1183737832,7695
apache-maven-war-plugin,759,1109840676,5376
apache-sling-org-apache-sling-query,71,1406292333,4796
arangodb-jackson-dataformat-velocypack,115,1490013767,52382
Ardesco-Query,37,1510842846,518
arnaugarcia-sallefy,931,1566480675,13342
aseldawy-spatialhadoop2,1617,1360533017,38669
azige-moebooru-viewer,119,1448789062,3370
berlam-github-bucket,12,1483385249,2281
binance-binance-futures-connector-java,11,1670292218,10987
bingoohuang-excel2javabeans,167,1478744648,3543
bkatwal-kafka-solr-sink-connector,75,1528662765,652
blackdoor-hate,69,1449651724,954
blinkfox-jpack-maven-plugin,158,1556384545,2071
bruceran-krpc,218,1526857422,83411
CeON-spark-utils,41,1448371514,659
chenjianjx-swagger2html,59,1450530313,707
chyxion-table-to-xls,29,1414487998,944
cliang97-HealthReport-WUT,19,1646709665,355
code4craft-xsoup,161,1377949205,2716
codeforamerica-pdfparser,68,1461132889,643
codeine-cd-codeine,1758,1353588967,20383
codelibs-elasticsearch-dataformat,319,1383056194,1643
confluentinc-castle,146,1532368119,8372
Cryptonomica-cryptonomica,343,1460646922,13884
ctapweb-AutoSubClause,11,1548081900,1586
CycloneDX-cyclonedx-maven-plugin,690,1496550827,2427
daimuuc-CampusLife-SSM-,21,1566544025,6389
dano-vertx-zeromq,80,1381442809,1078
davidmoten-rtree-multi,159,1564464224,4067
DenzelCode-AdvancedSQL,98,1588156590,1694
devopshydclub-vprofile-project,144,1501475880,1205
devopshydclub-vprofile-repo,67,1501475880,475
dgroup-laconic-velocity,51,1538159345,697
digitalpetri-opc-ua-nodeset-parser,28,1494951993,1680
dnsjava-dnsjava,2130,905060439,41606
drmacro-wordinator,186,1532770691,4067
dropwizard-dropwizard-health,202,1557085980,2524
eBay-FeedSDK,26,1534182083,2335
ECharts-Java-ECharts-Java,245,1637696361,23390
edgexfoundry-support-rulesengine,72,1495674712,1861
eolinker-sql2dsl,21,1638935509,950
etsy-statsd-jvm-profiler,251,1411396731,1914
eyp-serfj,86,1268909593,1917
fcrepo-exts-fcrepo-import-export,217,1472490348,5991
ferstl-pedantic-pom-enforcers,496,1336512825,4357
ferstl-spring-jdbc-oracle,199,1369860602,2324
finn-no-retriable-kafka-consumer,59,1553867793,1189
floppylab-markdown2document,74,1584142692,593
flowscolors-kube-eventer4j,6,1616008006,715
fortitudetec-sonar-ruby-plugin,23,1504276837,1457
fusion-jena-JaroWinklerSimilarity,47,1533024163,1899
gesellix-Nimbus-JOSE-JWT,146,1347627369,3988
getodk-javarosa,4747,1167609600,42809
gherynos-secrete,32,1443354683,1060
gini-dropwizard-gelf,304,1354479579,939
googleapis-java-spanner-jdbc,1194,1424194009,30372
google-closure-stylesheets,437,1320873457,35401
Graylog2-gelfclient,242,1402071076,1878
gturri-aXMLRPC,262,1318868451,1748
guoliao502-crypto,15,1564041729,745
HdrHistogram-HdrHistogram,764,1347322447,13086
hevoio-recoverable-kafka-producer,25,1610281210,1184
hkhcoder-vprofile-project,40,1687359809,1205
hoereth-springfox-enum-plugin,87,1540396892,329
huangp-entityunit,89,1375400738,6873
iamazy-elasticsearch-sql2,134,1551713411,5591
icon-Systemhaus-GmbH-javassist-maven-plugin,161,1356748001,1941
idealo-logback-redis,72,1465987017,1373
igniterealtime-openfire-hazelcast-plugin,327,1098338923,1680
igniterealtime-tinder,217,1244485325,5659
imadcn-idworker,176,1508329751,1971
Imaginary11-bionic-utils,11,1558095423,1486
intuit-graphql-filter-java,13,1597100167,2251
jackhallam-weightless-orm,49,1607777690,2556
jagrosh-Vortex,156,1519430761,10842
jarslab-babel-maven-plugin,71,1547580268,1063
jdubois-spring-on-azure,8,1558540438,6981
jedicontributors-jedi-kafka-client,20,1605610996,2453
jenkinsci-custom-distribution-service,258,1590082249,843
jessin20161124-miniDubboOpen,16,1637419664,1860
JetBrains-jetCheck,47,1527858792,2607
jingpeicomp-id-generator,10,1543893263,2055
jitsi-otr4j,362,1244148224,6795
jjohannes-gradle-module-metadata-maven-plugin,25,1582649345,546
JodaOrg-joda-time,2279,1071601944,88285
joelittlejohn-embedmongo-maven-plugin,231,1338413010,883
jottley-spring-social-salesforce,122,1324540366,4141
jriecken-gae-java-mini-profiler,24,1313815823,928
jsolve-templ4docx,56,1436721379,3378
justauth-JustAuth,739,1548927512,8647
kapoorlabs-kiara,98,1584377167,10395
keith0591-pgp-encryption,5,1666528811,350
kevin-wang001-mockj,35,1536899999,1091
koen-serneels-ws-proxy,9,1383055258,1596
koraktor-steam-condenser-java,578,1215672939,7462
krullert-universe,46,1562659891,33654
LarryDpk-Google-Bard,53,1679644401,642
lastaflute-lastaflute,1273,1430495224,42766
lightningMan-flash-netty,51,1533163195,1272
linked-solutions-jarql,68,1485277826,371
lucidworks-spark-solr,635,1421336018,5599
lzgabel-camunda-cloud-bpmn-converter,96,1635509818,2776
marcosvidolin-doco,145,1391305664,1051
Maschell-JNUSLib,197,1481571992,6063
Mastercard-oauth1-signer-java,181,1522246705,1147
matthewhorridge-owlexplanation,45,1376342554,7067
mbizhani-Adroit,163,1450954008,4450
messenger4j-messenger4j,89,1479594563,7492
microsoft-AppCenter-Test-Appium-Java-Extensions,116,1465911694,1054
mlieshoff-jcrapi,148,1508338845,17770
momosecurity-mosec-maven-plugin,31,1595921891,1047
monitorjbl-excel-streaming-reader,289,1398028151,3357
mraible-jhipster6-demo,19,1561337168,7058
mvpjava-springboot-JUnit5-tutorial,8,1492296000,349
mybatis-mapper-provider,97,1607135494,3521
myui-btree4j,49,1513071024,7684
named-data-jndn,2290,1383003734,68773
narupley-not-going-to-be-commons-ssl,26,1535150369,9246
naver-lucy-xss-servlet-filter,138,1410843921,848
neilswainston-FragGenie,182,1588669266,1421
netceteragroup-trema-core,69,1414702954,3285
nla-outbackcdx,538,1421365906,7887
NLP2RDF-NIF-lib,125,1373990555,1805
NLPchina-ansj_seg,707,1346824585,14750
NovatecConsulting-BeanTest,34,1389108302,819
octavian-h-time-series-math,229,1436859348,4836
ohioit-rundeck-http-plugin,48,1444767675,861
open-eid-cdoc4j,86,1513199402,4796
osglworks-java-tool,767,1371120749,44949
pascalgn-jiracli,99,1451758847,12789
PawelGorny-lostword,54,1606075885,1843
peterbencze-serritor,289,1471635204,5435
PeterisP-morphology,602,1336748556,12591
phylogeography-spread,242,1590695822,7035
pmlopes-aws-lambda-native-vertx,14,1551785045,271
printingin3d-javascad,78,1394298168,11501
Progether-JAdventure,767,1348681206,4943
purecloudlabs-elasticsearch-lambda,94,1419255302,1969
qiurunze123-Designpattern,6,1605698431,2491
razorpay-razorpay-java,437,1472129517,7374
reecetech-bamboo-specs,320,1506049916,1957
reinert-JJSchema,218,1357084836,3246
revdotcom-revai-java-sdk,77,1578439433,7035
rex-soft-rexdb,133,1453094699,8849
rohanpadhye-vasco,99,1366712419,2940
ronmamo-reflections,157,1366129167,4596
rstoyanchev-spring-mvc-chat,25,1335214309,193
RTBHOUSE-avro-fastserde,44,1492241407,5537
ruddell-jhipster-chat-example,4,1571338617,6131
scipr-lab-dizk,28,1532378208,13416
Scout24-spring-boot-rpm-maven-plugin,28,1425466432,351
scylladb-kafka-connect-scylladb,59,1579013039,5480
seansegal-tincisnotcatan,869,1455820108,9270
secure-software-engineering-sootdiff,31,1557389163,1923
sevntu-checkstyle-dsm-maven-plugin,125,1301555274,587
simbo1905-root-objects,32,1468006528,599
simonnagl-netdata-java-orchestrator,123,1489336103,2334
simplenlg-simplenlg,115,1408570628,13469
smartsheet-platform-smartsheet-java-sdk,906,1389035964,22539
spriet2000-vertx-handlers-http,81,1432567066,537
SumoLogic-sumologic-kinesis-connector,59,1438014993,1580
Supera-Inovacao-Tecnologia-PS-Java,8,1611934418,127
TakahikoKawasaki-nv-i18n,203,1351027749,8540
takari-maven-profiler,26,1312758643,315
takashi-ishio-selogger,508,1411122770,10444
tarql-tarql,96,1360075741,2846
tcurdt-jdeb,1011,1168629309,5734
tecsinapse-tecsinapse-data-io,695,1373638361,6482
terrestris-shogun-legacy,345,1339413710,5621
Thare-Lam-fast-elasticsearch-query-builder,34,1540451542,949
thomasmueller-minperf,209,1459172562,13232
thrau-jarchivelib,171,1363712583,2137
tripluo-jrouter,41,1333271394,8238
twitter-twitter-korean-text,506,1414617393,1006
undera-perfmon-agent,56,1361124009,4876
unitsofmeasurement-uom-se,713,1401370254,12818
unruly-control,181,1484930887,2858
urbanairship-datacube,323,1331171767,7704
vasia-gelly-streaming,110,1424360575,3855
vmzakharov-dataframe-ec,424,1591740417,21064
wang007-vertx-start,65,1535818752,2605
wechatpay-apiv3-CertificateDownloader,27,1564056400,246
wttech-Maven-CRX-Plugin,43,1311853310,459
wuba-LPA-Detector,8,1585118688,712
xebia-Xebium,474,1280858298,2970
ycdtbs-Face-recognition-login,15,1583333364,539
zeroturnaround-zt-process-killer,124,1429166474,1499
zhuweitung-banana-helper,35,1618709825,1855
Zlika-reproducible-build-maven-plugin,211,1441541909,2094
zman2013-scuttlebutt,31,1572755443,1101
opennars-opennars,3944,1401774941,16711
red6-pdfcompare,505,1479994481,4214
StarlangSoftware-TurkishMorphologicalDisambiguation,147,1527930217,2786
StarlangSoftware-TurkishWordNet,406,1527931872,6932
520github-fw-parallel-task,8,1677049646,871
acegi-xml-format-maven-plugin,299,1309007483,945
Afrozaar-wp-api-v2-client-java,330,1448889272,5971
AgNO3-jcifs-ng,447,1453148738,43543
agrison-redux4j,22,1476653108,482
AlanDelip-SpringBoot-Template,32,1489485492,728
AlexP11223-JavaSpringMvcBlog,93,1428183088,3513
alibaba-rsocket-broker-rsocket-broker-gateway-mqtt,24,1602224283,388
almson-almson-refcount,19,1540048789,677
amazon-archives-aws-dynamodb-stream-eventbridge-fanout,13,1569974908,490
apache-commons-compress,4860,1069618067,72097
apache-commons-imaging,2412,1191646816,42027
apache-dubbo-hessian-lite,2458,1319123069,14063
apache-flink-benchmarks,216,1589176945,6773
apache-maven-help-plugin,443,1130427356,2130
apache-maven-install-plugin,419,1087747017,1041
apache-maven-jar-plugin,531,1079379140,458
apache-maven-jarsigner-plugin,180,1247818631,1762
apache-maven-shared-utils,552,1346150036,13126
apache-maven-site-plugin,1523,1113285490,3290
apache-maven-source-plugin,363,1115913576,1218
apache-sling-org-apache-sling-dynamic-include,87,1459769714,1059
Appdynamics-redis-monitoring-extension,104,1381767081,669
AshisRaj-cucelastic-maven-plugin,32,1544442679,2807
awslabs-aws-glue-catalog-sync-agent-for-hive,63,1540588149,906
Azure-Samples-cassandra-proxy,76,1619030380,1837
binance-binance-connector-java,38,1638953109,26333
bkatwal-kafka-util,10,1553929189,186
blinkfox-zealot,250,1478016836,3990
casbin-jcasbin,416,1504889678,8995
cimiano-tbx2rdf,115,1409563632,3323
cloudbees-oss-zendesk-java-client,1036,1365092909,15355
codelibs-elasticsearch-langfield,176,1442905744,2031
codelibs-jcifs,638,1453148738,63484
contentful-contentful-management.java,481,1416340002,8533
Coreoz-PPT-Templates,79,1480706488,899
Coveros-GitHub-Sandbox-selenified,1387,1455287105,34338
craigwblake-redline,540,1129068977,5781
crossoverJie-distributed-redis-tool,120,1522165060,1116
damnhandy-Handy-URI-Templates,502,1334508407,4280
danielwegener-logback-kafka-appender,155,1423681814,1288
DataDog-jmeter-datadog-backend-listener,49,1615802476,1318
davidmoten-aws-maven-plugin,318,1453365705,1052
davidmoten-bplustree,374,1568974115,3279
davidmoten-rtree,1241,1409056531,8390
davidmoten-rtree2,1283,1409056531,5532
davidmoten-rxjava-jdbc,967,1391933251,7951
davidmoten-word-wrap,230,1530318284,1427
dgroup-docker-unittests,479,1509198409,6017
dhananjaypatkar-kafka-connect-phoenix,14,1531079955,558
dikhan-pagerduty-client,138,1478299343,2039
domclick-kafka-logback,36,1480508582,301
dreezey-argon2-password-hash-provider,24,1575124196,817
errai-errai,7790,1233263064,173539
etsy-arbiter,19,1450275768,1950
ExpediaGroup-datasqueeze,15,1508785308,3627
facebook-facebook-java-business-sdk,275,1449006612,426013
FAIRdom-RightField,642,1259062352,14661
ferstl-depgraph-maven-plugin,1082,1391462361,8192
flipkart-incubator-databuilderframework,151,1404194424,6999
Fundynamic-dune2themaker4j,1013,1267290786,14086
gatanaso-multiselect-combo-box-flow,59,1547882586,867
getgauge-contrib-gauge-maven-plugin,130,1428319043,583
gongdaowen-ofdparser,5,1588134358,1481
graphstream-gs-algo,468,1235038702,14590
hazelcast-hazelcast-azure,205,1453310772,2017
hsiafan-apk-parser,274,1389354478,7499
IBlogLab-enhance-gateway,17,1551336534,6631
ifpe-cti-saudegaranhuns,440,1508801687,3759
iipc-webarchive-commons,3637,1097859611,32799
imagej-example-script-collection,19,1508916258,40
indrabasak-bouncycastle-fips-examples,13,1510471667,468
iorga-group-debattons,105,1499765245,6592
iost-official-java-sdk,57,1547632051,2259
jahlborn-jackcessencrypt,157,1287237316,2750
janssk1-maven-graph-plugin,45,1317875493,1245
JaroslavTulach-SelfGraal,53,1553102583,2275
JCVenterInstitute-VIGOR4,599,1493309376,9471
jericks-geoserver-shell,150,1367893775,8900
jericks-parboiled-wkt,18,1406953770,6409
jfaster-mango,779,1385190016,25752
jghoman-haivvreo,75,1308854381,2480
jklingsporn-vertx-push-onesignal,30,1484051864,1222
joel-costigliola-assertj-neo4j,94,1380982814,3409
jpenren-thymeleaf-ui-dialect,60,1532766760,1694
jqassistant-archive-jqa-javaee6-plugin,357,1378392140,2047
junichi11-netbeans-color-codes-preview,192,1426981261,5298
kamaladafrica-codice-fiscale,99,1569520379,2662
keighrim-mae-annotation,577,1419629333,13673
keikai-dev-ref,348,1554979065,6854
kevin-wang001-poi-el,31,1499337738,2313
klakegg-pkix-ocsp,15,1501677321,1208
Kuangcp-NettyBook2,10,1521429233,6193
Kugin-data-reconciliation,2,1612538310,958
kwart-demo-kerberos-in-java,14,1579464710,450
liuanxin-api-document,1010,1512727751,3378
L-PLUM-ContractDetection,3,1589644130,29009
mailjet-mailjet-apiv3-java,288,1387553830,3913
mambu-gmbh-Mambu-APIs-Java,1053,1317221873,14882
matthiaszimmermann-ethereum-paper-wallet,15,1482488160,1536
maven-nar-nar-maven-plugin,1277,1132347754,28747
mbronshteyn-quarkus-jdbi-project,102,1584236242,712
mercadopago-sdk-java,901,1477959149,10587
mikera-mikera,207,1340817180,21680
monkeymq-jgossip,101,1501485590,1659
MRPanyu-excel-imp-exp,4,1548843341,1061
msanez-sonar-branch-community,6,1523949255,912
mulesoft-catalyst-mule-sonarqube-plugin,62,1585872976,1685
murfffi-zebra4j,245,1601137165,2578
MutabilityDetector-MutabilityDetector,1153,1261341143,16442
mvallim-emv-qrcode,262,1596156605,7985
nicoulaj-checksum-maven-plugin,369,1279480705,2262
novotnyradek-fred-client,170,1535051081,9977
NTTDATA-EMEA-QAT-cherry,85,1459505014,804
open-dis-open-dis-java,386,1443671680,48735
opengeospatial-ets-ogcapi-features10,451,1525685015,7490
openhkr-hkr-si,5,1536827915,11341
orphan-oss-launch4j-maven-plugin,781,1296221435,1732
OWASP-OWASP-WebScarab,1222,1036010582,39311
palatable-lambda,707,1390774269,30194
palatable-shoki,114,1500758398,7719
plutext-docx4j-export-FO,58,1452818064,6552
pmckeown-dependency-track-maven-plugin,221,1561845752,7183
qzw1210-JustAuth,1,1566461728,4029
reactiverse-vertx-maven-plugin,1024,1479455018,7239
retest-recheck.cli,906,1529050715,2032
ricksbrown-jgenhtml,29,1408751986,4422
romanb-JPA-NestedSet,39,1266437717,1386
Sayi-swagger-diff,84,1464851872,1914
schnatterer-musicbrainzws2-java,120,1324996608,13721
SchweizerischeBundesbahnen-springboot-graceful-shutdown,29,1508851948,188
SecureSkyTechnology-burpextender-proxyhistory-webui,17,1505962904,1483
semuxproject-evm,94,1534824399,10598
sgoeschl-freemarker-cli,190,1481578737,2696
smartics-smartics-jboss-modules-maven-plugin,299,1379438522,6665
SonarSource-sonar-auth-github,146,1453201070,1441
SpoonLabs-CoCoSpoon,76,1447788204,1944
SpoonLabs-spooet,11,1424942217,619
spotify-hdfs2cass,109,1350472820,2580
stackify-stackify-metrics,72,1404418776,2147
swagger-api-swaggerhub-maven-plugin,163,1508446957,2185
swtcpro-jingtum-lib-java,107,1526525899,14702
takari-takari-local-repository,255,1286188115,3668
talios-coffee-maven-plugin,222,1304475091,618
topwingo-zeroFlow,38,1555218050,1290
uPortal-Project-WebproxyPortlet,578,1142190361,3447
uprotocol-platform-java,149,1595705724,3518
uwolfer-gerrit-rest-java-client,774,1370193203,16904
vashishthask-eclipse-to-maven,56,1333025062,1669
vert-x3-vertx-maven-starter,34,1472461936,46
vert-x3-vertx-service-factory,222,1413284754,272
vmware-vrops-export,73,1502285746,3968
wnameless-workbook-accessor,110,1383049551,966
wxynihao-book118-downloader,42,1520476312,180
xdwangwei-atguigu_ssm_crud,19,1569034706,1098
yegor256-cactoos,2867,1495558391,32009
YuboLong-MyLive,20,1578815855,1961
zalandoresearch-zap,19,1506523840,2918
zencoder-zencoder-java,76,1377536912,3646
zerouwar-Octopus,136,1497280028,2325
zhanyeye-DesSim,206,1604456087,3097
zheng93775-mysql-lock,10,1559224921,615
zihluwang-opensource-core,44,1645265350,1058
asterisk-java-asterisk-java,2234,1137936695,50804
dakusui-jcunit,212,1488906321,10071
DiUS-java-faker,834,1307322309,8429
finmath-finmath-lib,4643,1363514147,99521
ipeirotis-Get-Another-Label,146,1332294890,3266
orientechnologies-orientdb-etl,289,1403704136,4191
santanusinha-json-rules,129,1473887516,6817
spullara-java-future-jdk8,82,1331269815,1249
stanfordnlp-CoreNLP,17223,1372369448,619503
StarlangSoftware-TurkishDeasciifier,92,1527792654,417
StarlangSoftware-TurkishMorphologicalAnalysis,241,1527778758,4616
StarlangSoftware-TurkishSpellChecker,172,1527793479,1381
6tail-lunar-java,182,1529743300,10380
6tail-tyme4j,6,1704377305,6095
abahgat-suffixtree,16,1329417565,749
alessio29-savagebot,465,1543660680,11290
apache-commons-graph,838,1307795811,10494
arangodb-java-velocypack,168,1489754580,5249
argoproj-labs-argo-client-java,40,1582587909,53724
ATLANTBH-owl,123,1487624582,1706
aurbroszniowski-Rainfall-core,407,1402132990,5769
autermann-yaml,115,1383176686,7733
bfh-evg-unicrypt,939,1372245437,33414
bouncestorage-chaos-http-proxy,50,1425698623,840
CiscoDevNet-stealthwatch-data-exporter,79,1486038928,785
cloudiator-visor,284,1411320989,5290
coldnew-twse-captcha-solver-java,8,1491965750,80
cowtowncoder-java-uuid-generator,236,1268879729,4862
daisy-jhyphen,100,1332753921,471
davidmoten-predict4java,146,1358985627,3213
duma-repo-manis-study,46,1572158590,3446
fabric8io-docker-maven-plugin,2292,1395814205,34791
FasterXML-jackson-annotations,838,1324617615,3289
FasterXML-jackson-benchmarks,449,1399613761,3797
FasterXML-jackson-core,2814,1324605985,78608
FasterXML-java-classmate,280,1285804190,7011
fuzziness-kabeja,174,1132476302,28296
ganskef-LittleProxy-mitm,148,1425150926,1942
GoogleCloudPlatform-kafka-pubsub-emulator,42,1524057572,5987
gregorriegler-babdev-spring,27,1374333198,345
hageldave-ezFFTW,98,1516903239,1840
HebiRobotics-HebiCam,24,1463175929,716
hellokaton-webp-io,32,1506951547,196
indeedeng-mph-table,55,1499146345,5497
indeedeng-vowpal-wabbit-java,161,1422308687,2198
javastar920905-mdbook,198,1556201814,231
Javastro-jsofa,60,1265041328,16596
jericks-geometrycommands,213,1325731529,12362
jitsi-jitsi-webrtc-vad-wrapper,13,1539116172,454
jlinn-quartz-redis-jobstore,131,1406072839,5074
jruby-jcodings,547,1225387799,15454
jsonld-java-jsonld-java,934,1323965662,8046
lamarios-sherdog-parser,115,1471710687,1546
Lcry-java-png-compress-util,8,1623075114,246
lemire-externalsortinginjava,140,1395671137,1502
lexburner-kdio,8,1551271041,457
mdewilde-opml-parser,38,1501007638,2188
MitchTalmadge-ASCII-Data,95,1501911391,639
mlaccetti-rocksaw,25,1310415390,516
msemys-esjc,671,1434886714,19057
ocpsoft-common,44,1315420942,639
odiszapc-nginx-java-parser,51,1409997487,4028
openshift-openshift-restclient-java,1173,1319712595,22143
outbrain-GomJabbar,71,1493559151,1404
peter-lawrey-admin-Chronicle-Ticker,83,1538303208,411
pizihao-crow,17,1658276776,5064
PlayPen-playpen-core,325,1422910963,6750
PoslavskySV-libdivide4j,21,1489506216,688
raydac-java-binary-block-parser,656,1404562659,32441
reckart-tt4j,135,1245843363,2361
reggert-reb4j,394,1262044889,2416
RestComm-jasn,142,1269886651,2717
RestExpress-PluginExpress,281,1347920585,4160
rnorth-visible-assertions,66,1438504471,860
rpuch-xremoting,87,1274781134,3029
sangkeon-java-opa-wasm,25,1617121332,883
seregamorph-hamcrest-more-matchers,14,1602087563,760
smacke-jaydio,21,1393717792,1893
square-burst,119,1407449746,1457
square-jna-gmp,71,1392230797,1903
StaticBeagle-ETK4J,274,1507695780,16482
STEMLab-JIneditor,58,1448677136,14475
tabulapdf-tabula-java,463,1400728317,6825
ThreeTen-threetenbp,3257,1174690879,51311
tommyettinger-RegExodus,85,1459140600,15058
tomwhite-set-game,160,1483103051,2669
trekawek-coffee-gb,242,1483215758,8858
twitter-netty-http2,59,1375696756,5560
twitter-sbf,3,1581035849,5977
uPortal-Project-portlet-utils,173,1306511921,2865
vinta-pangu.java,36,1416335111,540
viz-centric-flair-commons,199,1550913045,1797
vlingo-xoom-auth,348,1523676270,4904
vlingo-xoom-cluster,477,1514280619,4634
vlingo-xoom-streams,346,1574510619,2185
warmuuh-libsass-maven-plugin,166,1395410588,740
amazon-archives-dynamodb-key-diagnostics-library,16,1530302555,2151
arey-spring-batch-toolkit,105,1340646450,1201
Azure-azure-functions-java-worker,475,1493713786,5623
baidu-smartapp-openapi-java,29,1645028032,13748
bingoohuang-westid,19,1490947418,903
btrplace-scheduler,3168,1352470463,51496
CODAIT-stocator,700,1456128906,11739
fanchaoo-hahu,18,1493804011,3055
google-guava-beta-checker,35,1508444829,883
HelixNetwork-pendulum,1296,1553083869,23450
iotaledger-cliri,1925,1477346766,15026
javamonkey-beetl2.0,602,1378259454,29807
jbossas-jboss-dmr,208,1294158347,92625
js-cookie-java-cookie,149,1429986458,1281
ksprojects-zkcopy,51,1344515777,725
lettuce-io-lettuce-core,2368,1300793567,92228
mguymon-model-citizen,206,1301684871,2253
roskart-dropwizard-jaxws,100,1366376731,2611
rstoyanchev-spring-websocket-portfolio,169,1373547000,1845
spotify-netty-zmtp,273,1367686387,4785
Tsovak-selenium-wrapper-framework,15,1504193431,2745
aehrc-ontology-core,419,1352674297,6117
amazon-archives-pocket-etl,16,1521179887,8873
apache-sling-org-apache-sling-scripting-sightly,321,1431445187,4676
chengdedeng-waf,201,1491790542,6704
cloudiator-sword,404,1417786585,14672
fanchaoo-forum,26,1477363953,1617
iipc-openwayback,3401,1129602650,46226
intoolswetrust-jsignpdf,509,1202477609,6876
joshgontijo-rest-client,537,1302557255,3677
jqassistant-archive-jqa-graphml-plugin,278,1429548257,970
mastodon-sc-mastodon,2897,1399391783,66416
mike10004-common-helper,304,1433439716,5985
rusakovichma-DocsReporter,33,1390248783,3059
saalfeldlab-stitching-spark,745,1468015588,32148
twitter-joauth,301,1283286935,1742
twitter-nodes,32,1471553529,3625