2captcha/2captcha-java,35,24,FALSE
3redronin/mu-server,45,17,FALSE
520github/fw-parallel-task,13,2,FALSE
520github/fw-perf-test,11,0,FALSE
520github/fw-statemachine,13,1,FALSE
6tail/lunar-java,607,137,FALSE
6tail/tyme4j,6,1,FALSE
abahgat/suffixtree,117,61,FALSE
AccelerationNet/access2csv,86,24,FALSE
acegi/xml-format-maven-plugin,16,13,FALSE
actiontech/dble,1074,324,FALSE
AdamBien/jwtenizr,47,14,FALSE
AdamBien/xplr,20,2,FALSE
addthis/stream-lib,2255,592,FALSE
adobe/commerce-cif-magento-graphql,21,10,FALSE
adobe/htl-tck,21,14,FALSE
aehrc/ontology-core,6,8,FALSE
aelstad/keccakj,18,15,FALSE
aerogear/aerogear-unifiedpush-java-client,5,26,FALSE
afranken/jmeter-analysis-maven-plugin,58,40,FALSE
Afrozaar/wp-api-v2-client-java,82,50,FALSE
afrunt/jach,43,35,FALSE
agarciadom/xeger,89,29,FALSE
agentgt/jatl,41,7,FALSE
agido-malter/logback-elasticsearch-appender,16,6,FALSE
agiledon/payroll-ddd,112,67,FALSE
AgNO3/jcifs-ng,296,107,FALSE
agoncal/agoncal-application-petstore-ee7,193,338,FALSE
agrison/redux4j,38,8,FALSE
aidhog/blabel,18,4,FALSE
ainslec/picocog,87,19,FALSE
ajantis/java-crdt,96,19,FALSE
akamai/NetStorageKit-Java,18,28,FALSE
AlanDelip/SpringBoot-Template,20,11,FALSE
alanhay/html-exporter,33,35,FALSE
albfernandez/itext2,30,22,FALSE
albfernandez/javadbf,215,132,FALSE
aled/jsi,240,162,FALSE
aleksandr-m/gitflow-maven-plugin,480,178,FALSE
alessio29/savagebot,47,9,FALSE
alex2chen/j-statemachine,14,7,FALSE
alexcojocaru/elasticsearch-maven-plugin,89,47,FALSE
alexnederlof/Jasper-report-maven-plugin,134,83,FALSE
AlexP11223/JavaSpringMvcBlog,85,50,FALSE
alexr007/ultimate8,28,8,FALSE
alfasoftware/soapstone,10,4,FALSE
alibaba-rsocket-broker/rsocket-broker-gateway-mqtt,14,4,FALSE
alipay/ams-java-sdk,13,21,FALSE
aliyun/aliyun-log-flink-connector,58,21,FALSE
aliyun/aliyun-log-logback-appender,175,62,FALSE
almondtools/stringsearchalgorithms,42,4,FALSE
almson/almson-refcount,17,2,FALSE
alt236/apkdetails,19,5,FALSE
amazon-archives/amazon-kinesis-connectors,327,199,FALSE
amazon-archives/aws-dynamodb-stream-eventbridge-fanout,63,12,FALSE
amazon-archives/aws-request-signing-apache-interceptor,66,70,FALSE
amazon-archives/aws-ssm-java-caching-client,13,6,FALSE
amazon-archives/dynamodb-key-diagnostics-library,16,7,FALSE
amazon-archives/pocket-etl,48,19,FALSE
amazon-ion/ion-docs,22,25,FALSE
amihaiemil/docker-java-api,266,54,FALSE
amihaiemil/zold-java-client,13,5,FALSE
amzn/amazon-pay-api-sdk-java,28,19,FALSE
andree-surya/moji4j,32,8,FALSE
andylamp/BPlusTree,152,49,FALSE
Ant-Grand/Grand,39,11,FALSE
antherd/sm-crypto,185,61,FALSE
Antibrumm/jackson-antpathfilter,64,17,FALSE
antlr/antlrworks,95,40,FALSE
antlr/stringtemplate3,15,13,FALSE
anubhavshukla/properties-to-yaml-converter,13,8,FALSE
apache/commons-cli,319,183,FALSE
apache/commons-codec,436,232,FALSE
apache/commons-compress,305,251,FALSE
apache/commons-graph,25,11,FALSE
apache/commons-imaging,396,183,FALSE
apache/commons-jxpath,28,52,FALSE
apache/dubbo-hessian-lite,48,47,FALSE
apache/dubbo-rpc-jsonrpc,191,105,FALSE
apache/flink-benchmarks,150,79,FALSE
apache/maven-clean-plugin,63,44,FALSE
apache/maven-compiler-plugin,182,157,FALSE
apache/maven-deploy-plugin,55,66,FALSE
apache/maven-ear-plugin,10,23,FALSE
apache/maven-help-plugin,20,37,FALSE
apache/maven-install-plugin,29,44,FALSE
apache/maven-jar-plugin,62,76,FALSE
apache/maven-jarsigner-plugin,14,17,FALSE
apache/maven-shade-plugin,150,89,FALSE
apache/maven-shared-utils,27,24,FALSE
apache/maven-site-plugin,42,42,FALSE
apache/maven-source-plugin,26,29,FALSE
apache/maven-verifier-plugin,11,8,FALSE
apache/maven-war-plugin,37,91,FALSE
apache/pdfbox-jbig2,24,18,FALSE
apache/sling-org-apache-sling-dynamic-include,18,26,FALSE
apache/sling-org-apache-sling-feature,11,13,FALSE
apache/sling-org-apache-sling-query,10,4,FALSE
apache/sling-org-apache-sling-scripting-sightly,13,12,FALSE
apache/sling-org-apache-sling-servlets-resolver,7,14,FALSE
apanimesh061/VaderSentimentJava,60,30,FALSE
apereo/cas-server-security-filter,14,14,FALSE
Appdynamics/redis-monitoring-extension,15,10,FALSE
appnexus/ElasticNet4j,10,2,FALSE
AquaticInformatics/aquarius-sdk-java,3,7,FALSE
arangodb/jackson-dataformat-velocypack,13,6,FALSE
arangodb/java-velocypack,17,12,FALSE
archervanderwaal/storm-server,15,3,FALSE
Ardesco/driver-binary-downloader-maven-plugin,94,52,FALSE
Ardesco/Query,12,4,FALSE
arey/spring-batch-toolkit,87,43,FALSE
argoproj-labs/argo-client-java,35,23,FALSE
arnaugarcia/sallefy,11,8,FALSE
asaflevy/SelenuimExtend,14,15,FALSE
Asana/java-asana,35,42,FALSE
asciidoctor/asciidoclet,123,37,FALSE
aseldawy/spatialhadoop2,148,99,FALSE
ashenwgt/awesome-bdd-with-cucumber,19,43,FALSE
ashish-chopra/Structures,104,41,FALSE
AshisRaj/cucelastic-maven-plugin,15,9,FALSE
ashwanthkumar/gocd-janitor,16,10,FALSE
ashwanthkumar/slack-java-webhook,66,19,FALSE
assertthat/selenium-shutterbug,147,45,FALSE
asterisk-java/asterisk-java,400,325,FALSE
ATLANTBH/owl,12,1,FALSE
atorstling/bychan,10,0,FALSE
Atrox/haikunatorjava,30,3,FALSE
atteo/evo-inflector,335,44,FALSE
attoparser/attoparser,47,7,FALSE
augustd/burp-suite-jsonpath,28,8,FALSE
aurbroszniowski/os-platform-finder,14,15,FALSE
aurbroszniowski/Rainfall-core,11,16,FALSE
autermann/yaml,1,2,FALSE
authlete/authlete-java-common,15,13,FALSE
AuthorizeNet/sample-code-java,38,434,FALSE
AuthorizeNet/sdk-java,43,113,FALSE
authorjapps/simulator,1,1,FALSE
avaje-common/avaje-agentloader,13,7,FALSE
AVMf/avmf,14,10,FALSE
AwakenCN/InChat,751,366,FALSE
aws/amazon-neptune-sigv4-signer,14,11,FALSE
aws-cloudformation/cloudformation-template-schema,138,24,FALSE
awslabs/amazon-kinesis-scaling-utils,335,95,FALSE
awslabs/amazon-sns-java-extended-client-lib,23,14,FALSE
awslabs/aws-codepipeline-custom-job-worker,33,26,FALSE
awslabs/aws-glue-catalog-sync-agent-for-hive,29,13,FALSE
awslabs/route53-infima,337,31,FALSE
axelhjalm/bitwig-midi-fighter-twister,23,4,FALSE
azam/ulidj,87,13,FALSE
azige/moebooru-viewer,13,2,FALSE
Azure/azure-functions-java-worker,83,49,FALSE
Azure-Samples/cassandra-proxy,21,12,FALSE
badlogic/basis-template,70,11,FALSE
baidu/smartapp-openapi-java,16,7,FALSE
Bandwidth/java-bandwidth,8,6,FALSE
BarcodeAPI/server,18,5,FALSE
barrer/translate-online,14,3,FALSE
Barteks2x/173generator,20,16,FALSE
basdijkstra/tau-rest-assured,64,68,FALSE
baswerc/routes,12,5,FALSE
bazaarvoice/dropwizard-redirect-bundle,13,5,FALSE
bazaarvoice/jsonpps,22,4,FALSE
bazaarvoice/rison,16,7,FALSE
bdupras/guava-probably,53,6,FALSE
BellaDati/belladati-sdk-java,2,0,FALSE
ben-xo/cdjscrobbler,11,0,FALSE
beothorn/URISchemeHandler,22,5,FALSE
berlam/github-bucket,60,12,FALSE
bernardosulzbach/dungeon,138,53,FALSE
berndporr/iirj,131,35,FALSE
BestCreater/SSM,18,9,FALSE
bestyize/DoubanAPI,59,22,FALSE
beyonddream/JRAKE,10,5,FALSE
bfh-evg/unicrypt,11,8,FALSE
bgandon/juli-to-slf4j,13,2,FALSE
binance/binance-connector-java,313,136,FALSE
binance/binance-futures-connector-java,92,52,FALSE
BingAds/BingAds-Java-SDK,39,45,FALSE
binghe001/mykit-holiday,23,4,FALSE
bingoohuang/excel2javabeans,18,6,FALSE
bingoohuang/westid,5,5,FALSE
biouno/figshare-java-api,1,1,FALSE
biouno/pbs-java-api,9,7,FALSE
bkatwal/kafka-solr-sink-connector,11,1,FALSE
bkatwal/kafka-util,11,13,FALSE
bkiers/atlas,13,5,FALSE
blackbeard334/djoom3,57,9,FALSE
blackdoor/hate,23,6,FALSE
Blazemeter/xtn5250,10,6,FALSE
blinkfox/jpack-maven-plugin,52,13,FALSE
blinkfox/mini-table,19,6,FALSE
blinkfox/zealot,150,39,FALSE
blueapron/kafka-connect-protobuf-converter,94,55,FALSE
bluemix/NumberToArabicWords,50,16,FALSE
bmatthews68/ldapunit,12,3,FALSE
bmwcarit/hmm-lib,87,22,FALSE
bohnman/squiggly,294,75,FALSE
bonnyfone/vectalign,2031,161,FALSE
bookshelfdave/etp,17,5,FALSE
bouncestorage/chaos-http-proxy,142,12,FALSE
bpodgursky/jbool_expressions,146,54,FALSE
bpsm/edn-java,100,24,FALSE
braintree/braintree_java,154,110,FALSE
bremersee/sms,0,0,FALSE
brettwooldridge/SparseBitSet,248,31,FALSE
bruceran/krpc,47,22,FALSE
brutusin/commons,0,0,FALSE
brutusin/instrumentation,47,10,FALSE
bserdar/jcliff,43,26,FALSE
btrekkie/dynamic-connectivity,17,2,FALSE
btrplace/scheduler,53,13,FALSE
bubuntux/poker-engine,26,27,FALSE
buddy-works/simple-java-project,17,667,FALSE
budhash/cliche,27,13,FALSE
c-rack/cbor-java,110,24,FALSE
c0ny1/captcha-killer,828,123,FALSE
camunda/camunda-xml-model,3,8,FALSE
Cantara/Java-Auto-Update,46,13,FALSE
carlosbritojun/jflunt,14,4,FALSE
carlostse/jopencc,12,3,FALSE
CarmJos/AliDDNS-Updater,14,6,FALSE
casbin/jcasbin,2296,450,FALSE
casid/jusecase,13,2,FALSE
cbartosiak/bson-codecs-jsr310,20,2,FALSE
cellsrg/tabbypdf,37,15,FALSE
Celos/avro-json-decoder,28,17,FALSE
CeON/spark-utils,11,0,FALSE
ceridwen-com/ceridwen-standard-interchange-protocol-library,22,15,FALSE
cescoffier/vertx-completable-future,81,27,FALSE
ChannelApe/shopify-sdk,147,107,FALSE
Chatanga/Girinoscope,53,9,FALSE
chengdedeng/waf,668,205,FALSE
chenhaiyangs/mybatis-encrypt-plugin,143,65,FALSE
chenjianjx/swagger2html,29,13,FALSE
chenjianjx/wsdl2html,69,27,FALSE
chocoteam/choco-graph,12,6,FALSE
chrfrantz/DBSCAN,32,14,FALSE
chriswhocodes/FreeLogJ,11,2,FALSE
Chrriis/RRDiagram,142,30,FALSE
chyxion/table-to-xls,20,8,FALSE
cimiano/tbx2rdf,11,8,FALSE
CiscoDevNet/stealthwatch-data-exporter,12,3,FALSE
cjmatta/kafka-connect-irc,11,5,FALSE
clarkchen/data_structure,64,22,FALSE
cliang97/HealthReport-WUT,10,1,FALSE
cloudbees/diff4j,23,19,FALSE
cloudbees-oss/zendesk-java-client,151,249,FALSE
cloudiator/sword,2,1,FALSE
cloudiator/visor,4,6,FALSE
cloudspannerecosystem/pgadapter,14,7,FALSE
cm-heclouds/onenet-studio-api-java-sdk,19,1,FALSE
cocolian/cocolian-nlp,23,26,FALSE
CODAIT/stocator,110,75,FALSE
code4craft/xsoup,462,154,FALSE
codeclou/java-junit-xml-merger,13,2,FALSE
codedance/silken,25,8,FALSE
codeforamerica/pdfparser,11,6,FALSE
codeine-cd/codeine,28,7,FALSE
codelibs/elasticsearch-dataformat,143,36,FALSE
codelibs/elasticsearch-dynarank,55,15,FALSE
codelibs/elasticsearch-langfield,13,3,FALSE
codelibs/elasticsearch-sstmpl,3,2,FALSE
codelibs/jcifs,207,52,FALSE
codelibs/jhighlight,18,4,FALSE
codelibs/ranklib,93,22,FALSE
codelion/gramtest,84,17,FALSE
codepine/testrail-api-java-client,63,55,FALSE
coderodde/OrderStatisticTree,12,3,FALSE
CodeShield-Security/Log4JShell-Bytecode-Detector,50,8,FALSE
CodinGameCommunity/XmasRush,12,3,FALSE
coekie/gentyref,17,22,FALSE
Col-E/Simple-Memory-Compiler,19,3,FALSE
coldnew/twse-captcha-solver-java,35,16,FALSE
confluentinc/castle,11,14,FALSE
confluentinc/kafka-connect-datagen,167,77,FALSE
contentful/contentful-management.java,25,26,FALSE
contentful/contentful.java,73,52,FALSE
conveyal/osm-lib,35,11,FALSE
coralblocks/CoralME,20,6,FALSE
corentin59/ArtNetStack,17,17,FALSE
Coreoz/PPT-Templates,26,12,FALSE
Coreoz/Wisp,121,23,FALSE
couchbaselabs/couchbase-capi-server,17,11,FALSE
Coveros-GitHub-Sandbox/selenified,41,11,FALSE
cowtowncoder/java-cachemate,21,6,FALSE
cowtowncoder/java-uuid-generator,631,102,FALSE
cowtowncoder/low-gc-membuffers,133,18,FALSE
craigwblake/redline,128,139,FALSE
crispab/javabuilderpattern,20,7,FALSE
crossoverJie/distributed-redis-tool,608,310,FALSE
crossoverJie/leetcode,51,34,FALSE
Crozin/Wykop.pl-Java-SDK,17,7,FALSE
Cryptonomica/cryptonomica,28,8,FALSE
ctapweb/AutoSubClause,10,1,FALSE
cternes/openkeepass,134,39,FALSE
ctran/TinyRadius,122,108,FALSE
ctrl-alt-dev/tps-parse,74,31,FALSE
ctron/rpm-builder,56,32,FALSE
CubeEngine/Dirigent,4,0,FALSE
CurrencyCloud/currencycloud-java,16,37,FALSE
cutecharts/cutecharts.java,11,2,FALSE
cyberborean/rdfbeans,10,11,FALSE
CycloneDX/cyclonedx-maven-plugin,253,82,FALSE
d-plaindoux/suitcase,20,1,FALSE
dadiyang/equator,226,76,FALSE
dadoonet/elasticsearch-beyonder,48,22,FALSE
daimuuc/CampusLife-SSM-,14,4,FALSE
daisy/jhyphen,1,1,FALSE
DaisyDiff/DaisyDiff,77,62,FALSE
dakusui/jcunit,76,9,FALSE
damienclaveau/kafka-graphite,94,52,FALSE
damnhandy/Handy-URI-Templates,204,38,FALSE
dampcake/bencode,63,16,FALSE
danieldk/dictomaton,130,9,FALSE
danielwegener/logback-kafka-appender,633,261,FALSE
dano/vertx-zeromq,12,2,FALSE
darmiel/eeee,10,1,FALSE
dart-maven-plugin/dart-maven-plugin,43,21,FALSE
DataDog/java-dogstatsd-client,170,104,FALSE
DataDog/jmeter-datadog-backend-listener,11,14,FALSE
datastax/native-protocol,14,15,FALSE
datoin/http-requests,3,0,FALSE
davidB/scala-maven-plugin,542,152,FALSE
DavidHerBet/java-codility,14,8,FALSE
davidmoten/aws-maven-plugin,27,10,FALSE
davidmoten/bplustree,40,8,FALSE
davidmoten/guava-mini,12,4,FALSE
davidmoten/predict4java,46,17,FALSE
davidmoten/rtree,1060,212,FALSE
davidmoten/rtree-multi,48,9,FALSE
davidmoten/rtree2,80,11,FALSE
davidmoten/rxjava-jdbc,807,115,FALSE
davidmoten/rxjava-slf4j,24,2,FALSE
davidmoten/rxjava2-file,13,0,FALSE
davidmoten/word-wrap,27,8,FALSE
dbaggott/newrelic-dropwizard,14,2,FALSE
ddopson/java-class-enumerator,43,17,FALSE
de-mklinger/tomcat-juli-slf4j,2,1,FALSE
delthas/JavaMP3,50,14,FALSE
demidenko05/beigesoft-accounting,1,0,FALSE
demidenko05/beigesoft-webstore,0,0,FALSE
deniswsrosa/liquicouch,15,2,FALSE
denniskniep/GQLRaider,22,14,FALSE
DenzelCode/AdvancedSQL,31,6,FALSE
dev-aspectj/aspectj-maven-plugin,38,9,FALSE
devcon5io/mutation-analysis-plugin,27,16,FALSE
devnied/Bit-lib4j,57,28,FALSE
devopshydclub/vprofile-project,1862,7144,FALSE
devopshydclub/vprofile-repo,81,805,FALSE
dgroup/docker-unittests,35,4,FALSE
dgroup/laconic-velocity,10,2,FALSE
dhananjaypatkar/kafka-connect-phoenix,10,8,FALSE
dhatim/business-hours-java,26,6,FALSE
dibbhatt/kafka-spark-consumer,629,324,FALSE
didi/benchmark-thrift,44,9,FALSE
digipost/http-client-builder,0,0,FALSE
digital-preservation/utf8-validator,17,7,FALSE
digitalfondue/npjt-extra,22,2,FALSE
digitalheir/java-nfa,11,3,FALSE
DigitalPebble/TextClassification,48,21,FALSE
digitalpetri/opc-ua-nodeset-parser,19,9,FALSE
dikhan/pagerduty-client,22,26,FALSE
dingjs/javaagent,369,157,FALSE
DiUS/java-faker,4484,831,FALSE
dizitart/jbus,10,2,FALSE
dkellenb/formula-evaluator,14,1,FALSE
dmak/jaxb-xew-plugin,99,33,FALSE
dmcg/okey-doke,37,4,FALSE
dmeoli/WS4J,20,6,FALSE
dmitry-zhuravlev/jooq-postgis-spatial,24,11,FALSE
dnsjava/dnsjava,859,231,FALSE
Doccrazy/keycloak-protocol-cas,66,30,FALSE
domclick/kafka-logback,36,12,FALSE
dpaukov/combinatoricslib,87,15,FALSE
dperezcabrera/jpoker,35,10,FALSE
dpressel/sgdtk,21,14,FALSE
dreezey/argon2-password-hash-provider,24,15,FALSE
DReichLab/ADNA-Tools,15,1,FALSE
Driftt/EmailReplyParser,24,15,FALSE
drmacro/wordinator,35,7,FALSE
dropwizard/dropwizard-elasticsearch,59,43,FALSE
dropwizard/dropwizard-health,17,6,FALSE
dsc-cmt/cmt-statemachine,50,18,FALSE
dspinellis/ckjm,87,39,FALSE
dsyer/spring-security-rsa,31,18,FALSE
dubasdey/portable-ftp-server,45,16,FALSE
dubin555/Kafka-Insight,24,4,FALSE
duguying/pinyin,10,4,FALSE
duma-repo/manis-study,25,7,FALSE
dyng/polling,36,5,FALSE
e-gineering/gitflow-helper-maven-plugin,76,21,FALSE
earcut4j/earcut4j,25,17,FALSE
eBay/bsonpatch,37,16,FALSE
eBay/FeedSDK,21,24,FALSE
eBay/json-comparison,60,19,FALSE
ECharts-Java/ECharts-Java,285,52,FALSE
echisan/wbp4j,49,11,FALSE
ecki/et-otp,24,5,FALSE
eclipse/jbom,104,4,FALSE
edagarli/azeroth-event,17,2,FALSE
edgexfoundry/support-rulesengine,19,25,FALSE
eightbitjim/cassette-nibbler,10,0,FALSE
EladLeev/KeyToField-smt,15,0,FALSE
elasql/elasql,19,9,FALSE
elasticpath/json-unmarshaller,30,10,FALSE
ElectronicChartCentre/java-vector-tile,172,67,FALSE
EnterpriseQualityCoding/FizzBuzzEnterpriseEdition,20198,755,FALSE
entrusc/xdata,2,0,FALSE
eolinker/sql2dsl,13,5,FALSE
erdtman/java-json-canonicalization,14,4,FALSE
errai/errai,274,189,FALSE
esamson/logback-luhn-mask,16,6,FALSE
EsmerilProgramming/overtown,10,2,FALSE
EsotericSoftware/yamlbeans,558,147,FALSE
ethlo/jsons2xsd,76,40,FALSE
etsy/arbiter,48,19,FALSE
etsy/statsd-jvm-profiler,330,93,FALSE
eurekaclinical/datastore,0,3,FALSE
eurekaclinical/javautil,1,4,FALSE
everwatchsolutions/json-data-generator,393,178,FALSE
exchange-core/orderbook,14,16,FALSE
EXIficient/exificient-core,9,7,FALSE
ExpediaGroup/avro-compatibility,53,12,FALSE
ExpediaGroup/datasqueeze,18,7,FALSE
ExpediaGroup/jasvorno,18,6,FALSE
eyp/serfj,17,7,FALSE
f0ng/captcha-killer-modified,1097,127,FALSE
f4b6a3/ksuid-creator,28,3,FALSE
f4b6a3/tsid-creator,380,38,FALSE
f4b6a3/ulid-creator,264,28,FALSE
f4b6a3/uuid-creator,316,41,FALSE
fabric8io/docker-maven-plugin,1823,633,FALSE
facebook/facebook-java-business-sdk,377,313,FALSE
FAIRdom/RightField,30,14,FALSE
fanchaoo/forum,497,226,FALSE
fanchaoo/hahu,432,203,FALSE
fangyidong/json-simple,740,341,FALSE
fasseg/exp4j,462,165,FALSE
FasterXML/jackson-annotations,1000,325,FALSE
FasterXML/jackson-benchmarks,14,17,FALSE
FasterXML/jackson-core,2210,761,FALSE
FasterXML/java-classmate,256,44,FALSE
fcrepo-exts/fcrepo-import-export,15,19,FALSE
fdinoff/neovim-java-client,25,10,FALSE
FDMediagroep/hamcrest-jsoup,7,2,FALSE
feiYouLian/jpinyin,11,6,FALSE
FelixGail/gplaymusic,55,15,FALSE
fengwenyi/api-result,26,14,FALSE
ferstl/depgraph-maven-plugin,520,80,FALSE
ferstl/pedantic-pom-enforcers,54,9,FALSE
ferstl/spring-jdbc-oracle,6,4,FALSE
fhoeben/hsac-fitnesse-plugin,20,11,FALSE
figo-connect/java-figo,18,20,FALSE
fiji/AnalyzeSkeleton,24,19,FALSE
finmath/finmath-lib,463,169,FALSE
finn-no/retriable-kafka-consumer,10,3,FALSE
fizzed/jne,14,4,FALSE
flipkart-incubator/databuilderframework,21,29,FALSE
floppylab/markdown2document,25,6,FALSE
floverfelt/find-and-replace-maven-plugin,10,3,FALSE
flowscolors/kube-eventer4j,13,1,FALSE
Flying9001/pay,13,9,FALSE
forcedotcom/SiteCrawler,21,9,FALSE
forcedotcom/wsc,265,221,FALSE
fordfrog/ruian2pgsql,16,14,FALSE
forgemo/bittrex-java-client,31,21,FALSE
ForgeRock/OpenBanking-UK-Datamodel-Java-SDK,17,19,FALSE
ForteScarlet/Mock.java,44,4,FALSE
fortitudetec/sonar-ruby-plugin,18,6,FALSE
Francesco149/koohii,12,1,FALSE
francisdb/serviceloader-maven-plugin,47,15,FALSE
fraunhoferfokus/Fuzzino,60,12,FALSE
freva/ascii-table,112,12,FALSE
fsantiag/sonar-clojure,57,23,FALSE
Fundynamic/dune2themaker4j,58,19,FALSE
fusion-jena/JaroWinklerSimilarity,14,6,FALSE
fuzziness/kabeja,109,72,FALSE
fzakaria/ascii85,16,10,FALSE
g4dpz/predict4java,11,8,FALSE
g4s8/cactoos-crypto,14,1,FALSE
gabrie-allaigre/sonar-gitlab-plugin,708,209,FALSE
games647/ColorConsole,14,3,FALSE
ganskef/LittleProxy-mitm,214,96,FALSE
GaoLeiQin/SwordOffer,371,150,FALSE
gaols/reduce-rule,38,20,FALSE
gatanaso/multiselect-combo-box-flow,30,26,FALSE
gchq/synthetic-data-generator,20,5,FALSE
GeBeater/dozer-jdk8-support,16,8,FALSE
geftimov/hadoop-map-reduce-patterns,72,53,FALSE
george-haddad/cardme,19,5,FALSE
geosolutions-it/geoserver-manager,242,224,FALSE
geosolutions-it/http-proxy,20,31,FALSE
gesellix/Nimbus-JOSE-JWT,27,8,FALSE
getgauge-contrib/gauge-maven-plugin,21,19,FALSE
getodk/javarosa,51,107,FALSE
ghacupha/book-keeper,11,6,FALSE
ghaffarian/progex,76,33,FALSE
gherynos/secrete,14,9,FALSE
ghosthack/turismo,29,8,FALSE
Gikkman/Java-Twirk,53,23,FALSE
giltene/jHiccup,672,94,FALSE
gini/dropwizard-gelf,52,21,FALSE
gisarmory/mbtiles4j,20,15,FALSE
gitbucket/markedj,84,23,FALSE
GitHub-Laziji/reverse-regexp,30,11,FALSE
gkopff/gson-javatime-serialisers,87,21,FALSE
gkopff/gson-jodatime-serialisers,111,31,FALSE
glenrobson/iiif-tiler,14,0,FALSE
gmr/rabbitmq-flume-plugin,48,33,FALSE
GMWolf/artemis-odb-eeel,10,2,FALSE
goncalomb/NBTEditor,41,30,FALSE
gongdaowen/ofdparser,29,24,FALSE
google/closure-stylesheets,313,75,FALSE
google/escapevelocity,33,16,FALSE
google/guava-beta-checker,80,28,FALSE
google/jsontoken,17,23,FALSE
googleapis/disco-to-proto3-converter,10,11,FALSE
googleapis/java-pubsub-group-kafka-connector,37,16,FALSE
googleapis/java-spanner-jdbc,52,44,FALSE
GoogleCloudPlatform/app-maven-plugin,101,51,FALSE
GoogleCloudPlatform/kafka-pubsub-emulator,58,28,FALSE
GoSimpleLLC/jpgAgent,46,4,FALSE
goxr3plus/java-google-speech-api,77,35,FALSE
gquintana/metrics-sql,25,9,FALSE
gradusnikov/jmatio,32,14,FALSE
grantneale/kafka-lag-based-assignor,12,5,FALSE
graphhopper/jackson-datatype-jts,10,11,FALSE
graphstream/gs-algo,101,68,FALSE
graphstream/gs-core,395,109,FALSE
graylog-labs/syslog4j-graylog2,31,39,FALSE
Graylog2/gelfclient,34,19,FALSE
greengerong/prerender-java,121,48,FALSE
gregorriegler/babdev-spring,24,47,FALSE
gridgain/yardstick,94,49,FALSE
gridkit/jvm-attach,32,7,FALSE
grumlimited/geocalc,108,39,FALSE
Grundlefleck/ASM-NonClassloadingExtensions,10,0,FALSE
gturri/aXMLRPC,141,73,FALSE
Guo-xm/mybatis-expand,10,4,FALSE
guoliao502/crypto,71,9,FALSE
habernal/confusion-matrix,19,6,FALSE
hackingwu/Java-Promise,17,3,FALSE
hageldave/ezFFTW,14,1,FALSE
hajhouj/fastsico,12,1,FALSE
hankcs/hanlp-lucene-plugin,294,102,FALSE
harawata/appdirs,161,8,FALSE
Harium/etyl,19,2,FALSE
Harium/keel,5,1,FALSE
HarvardPL/AbcDatalog,38,7,FALSE
hazelcast/hazelcast-azure,17,24,FALSE
hazelcast/hazelcast-kubernetes,175,100,FALSE
HdrHistogram/HdrHistogram,2128,254,FALSE
HebiRobotics/HebiCam,12,5,FALSE
HelixNetwork/pendulum,10,6,FALSE
hellige/ccs,13,1,FALSE
hellokaton/webp-io,44,17,FALSE
hengyunabc/metrics-zabbix,24,14,FALSE
heremaps/oksse,222,26,FALSE
Heroicai0101/abtest,18,20,FALSE
heroku/heroku-jvm-application-deployer,51,23,FALSE
hertzsprung/hamcrest-json,112,20,FALSE
hevoio/recoverable-kafka-producer,15,4,FALSE
hifly81/bank-account-axon,14,8,FALSE
hivsuper/document-converter,12,4,FALSE
hkhcoder/vprofile-project,119,698,FALSE
hlavki/jlemmagen,10,4,FALSE
hneemann/digitalCustomComponents,13,4,FALSE
hneemann/Oscilloscope,22,6,FALSE
hoereth/springfox-enum-plugin,41,4,FALSE
hoijui/Jawk,39,23,FALSE
hoijui/ReZipDoc,22,4,FALSE
hongbeomi/Programmers,31,15,FALSE
hongliuliao/thrift-generator,86,61,FALSE
houbb/heaven,33,19,FALSE
houbb/nlp-hanzi-similar,178,33,FALSE
houbb/opencc4j,431,66,FALSE
houbb/pinyin,201,32,FALSE
houbb/segment,125,23,FALSE
houbb/sensitive-word,1854,288,FALSE
houbb/word-checker,207,47,FALSE
hs-web/hsweb-utils,58,58,FALSE
hsiafan/apk-parser,1189,398,FALSE
hsluv/hsluv-java,22,3,FALSE
huaban/jieba-analysis,2448,852,FALSE
huangbowen521/SpringJMSSample,18,30,FALSE
huangp/entityunit,0,2,FALSE
hubert-marteau/MultiChainJavaAPI,35,29,FALSE
HugoJhonathan/Challenge-Oracle-ONE-conversordemoedas,14,1,FALSE
huiwang/cracking-the-coding-interview,107,73,FALSE
huiyang100/excel-formula-engine,37,12,FALSE
humbertodias/java-data-structures-algorithms,11,12,FALSE
hummeling/if97,12,6,FALSE
iamazy/elasticsearch-sql2,79,30,FALSE
ibit-tech/sql-builder,10,1,FALSE
IBlogLab/enhance-gateway,14,9,FALSE
IBM-Cloud/gp-java-client,4,18,FALSE
iceenongli/iceworkday,89,27,FALSE
icgw/FCA-Map,31,7,FALSE
icon-Systemhaus-GmbH/javassist-maven-plugin,27,14,FALSE
idealo/logback-redis,23,9,FALSE
idealo/mongodb-slow-operations-profiler,187,29,FALSE
ifpe-cti/saudegaranhuns,12,15,FALSE
igniterealtime/openfire-hazelcast-plugin,10,11,FALSE
igniterealtime/tinder,30,29,FALSE
iipc/jwarc,43,7,FALSE
iipc/openwayback,464,287,FALSE
iipc/urlcanon,33,8,FALSE
iipc/webarchive-commons,49,74,FALSE
imadcn/idworker,244,69,FALSE
imagej/example-script-collection,10,3,FALSE
Imaginary11/bionic-utils,13,7,FALSE
imixs/muluk,11,1,FALSE
imohsenb/ISO8583-Message-Client-java,107,50,FALSE
in-the-keyhole/khs-sherpa,29,11,FALSE
in28minutes/JUnitIn28Minutes,208,302,FALSE
iNamik/java_text_tables,57,14,FALSE
indeedeng/mph-table,95,19,FALSE
indeedeng/vowpal-wabbit-java,50,16,FALSE
indexdata/cql-java,11,5,FALSE
indrabasak/bouncycastle-fips-examples,10,2,FALSE
InfoSec812/sonar-auth-google,26,25,FALSE
Ingenico-ePayments/connect-sdk-java,33,24,FALSE
inreachventures/aws-signing-request-interceptor,88,40,FALSE
instana/instana-java-opentracing,19,6,FALSE
InstantWebP2P/tweetnacl-java,42,28,FALSE
intel/jndn-mock,0,6,FALSE
internetitem/logback-elasticsearch-appender,224,134,FALSE
intoolswetrust/jsignpdf,296,117,FALSE
intuit/graphql-filter-java,62,27,FALSE
inversoft/jackson5,0,0,FALSE
inversoft/restify,0,2,FALSE
io7m/aeron-guide,14,12,FALSE
iorga-group/debattons,11,8,FALSE
iost-official/java-sdk,13,7,FALSE
iotaledger/cliri,24,7,FALSE
ipeirotis/Get-Another-Label,69,26,FALSE
iquadrat/sbb-train-scheduler,10,7,FALSE
iris-edu/stationxml-seed-converter,14,11,FALSE
ironpinguin/serialized-php-parser,14,6,FALSE
Isaac315/sql-translator,12,12,FALSE
iterate-ch/java-openstack-swift,24,16,FALSE
IvanTrendafilov/Confucius,53,6,FALSE
ixa-ehu/ixa-pipe-ml,4,9,FALSE
ixa-ehu/ixa-pipe-tok,11,14,FALSE
iyzico/iyzipay-java,83,39,FALSE
j-easy/easy-flows,611,206,FALSE
j-easy/easy-states,208,86,FALSE
j256/simplecsv,24,10,FALSE
j256/simplemagic,210,45,FALSE
j256/two-factor-auth,297,110,FALSE
jackhallam/weightless-orm,24,1,FALSE
jacksonpradolima/csv2bib,18,2,FALSE
jackyfd/collectionX,10,4,FALSE
jaeheonshim/ChessBoard,33,1,FALSE
jagrosh/GiveawayBot,613,300,FALSE
jagrosh/MusicBot,4462,2271,FALSE
jagrosh/Vortex,547,319,FALSE
jahlborn/jackcess,112,28,FALSE
jahlborn/jackcessencrypt,11,3,FALSE
jahlborn/sqlbuilder,166,54,FALSE
jai-imageio/jai-imageio-core,231,85,FALSE
jamf/AppConfig-Generator,23,7,FALSE
JanGorman/jersey-passbook,7,3,FALSE
jano7/executor,23,4,FALSE
janssk1/maven-graph-plugin,50,22,FALSE
jarekratajski/badlam,20,5,FALSE
JaroslavTulach/heapdump,16,4,FALSE
JaroslavTulach/SelfGraal,12,1,FALSE
jarslab/babel-maven-plugin,25,9,FALSE
jasminb/jsonapi-converter,272,80,FALSE
java-sepa-xml/java-sepa-xml,28,18,FALSE
javadelight/delight-fileupload,10,3,FALSE
javadev/moneytostr,40,23,FALSE
javadev/sqltojava,11,6,FALSE
JavadocMD/simplelatlng,91,21,FALSE
javagl/Common,0,0,FALSE
javagl/Obj,172,38,FALSE
javalite/jar-explorer,96,23,FALSE
javamelody/jira-confluence-javamelody,11,6,FALSE
JavaMoney/jsr354-ri-bp,9,14,FALSE
javamonkey/beetl2.0,419,113,FALSE
javastar920905/mdbook,11,5,FALSE
Javastro/jsofa,19,4,FALSE
jbossas/jboss-dmr,27,45,FALSE
jbossas/staxmapper,10,24,FALSE
jbrundege/taro,14,11,FALSE
jcabi/jcabi-maven-plugin,28,22,FALSE
jcabi/jcabi-ssl-maven-plugin,10,16,FALSE
jcbvm/i18n-editor,358,72,FALSE
jchambers/fast-uuid,160,17,FALSE
jchambers/id-obfuscator,27,7,FALSE
jchambers/jeospatial,40,14,FALSE
JCVenterInstitute/VIGOR4,16,11,FALSE
jdbc-observations/datasource-proxy,646,76,FALSE
jdubois/spring-on-azure,11,14,FALSE
jedicontributors/jedi-kafka-client,11,5,FALSE
JeffLi1993/java-core-learning-example,1663,734,FALSE
jenkinsci/custom-distribution-service,21,16,FALSE
jenkinsci/syslog-java-client,82,69,FALSE
jenshadlich/S3-Performance-Test,34,14,FALSE
jericks/geometrycommands,24,4,FALSE
jericks/geoserver-shell,47,11,FALSE
jericks/parboiled-wkt,10,4,FALSE
JervyShi/nacos-embedded,10,2,FALSE
jessin20161124/miniDubboOpen,25,5,FALSE
JetBrains/jetCheck,78,6,FALSE
jetlang/remoting,30,11,FALSE
jetty-project/jetty-eventsource-servlet,29,10,FALSE
jfaster/mango,919,407,FALSE
jfinal/jfinal,3226,1391,FALSE
jghoman/haivvreo,59,28,FALSE
jhalterman/concurrentunit,413,47,FALSE
jhalterman/lyra,265,76,FALSE
jhalterman/typetools,603,97,FALSE
jhunters/jprotobuf,842,281,FALSE
jiangxincode/SearchEngine,32,22,FALSE
jillesvangurp/osm2geojson,20,7,FALSE
jinahya/bit-io,33,9,FALSE
jingpeicomp/id-generator,274,82,FALSE
jitsi/bccontrib,14,18,FALSE
jitsi/jitsi-webrtc-vad-wrapper,54,33,FALSE
jitsi/otr4j,29,79,FALSE
jjohannes/gradle-module-metadata-maven-plugin,12,5,FALSE
jklingsporn/vertx-push-onesignal,15,3,FALSE
jlawrie/opencsv,72,45,FALSE
jlinn/quartz-redis-jobstore,134,63,FALSE
jmazzitelli/prometheus-scraper,30,19,FALSE
jmurty/java-xmlbuilder,106,24,FALSE
jnr/jnr-constants,10,23,FALSE
jnr/jnr-enxio,30,25,FALSE
jnr/jnr-ffi,1187,193,FALSE
jnr/jnr-netdb,13,4,FALSE
jnr/jnr-process,35,13,FALSE
jnr/jnr-unixsocket,273,80,FALSE
JodaOrg/joda-collect,26,8,FALSE
JodaOrg/joda-time,4965,1011,FALSE
JodaOrg/joda-time-hibernate,42,45,FALSE
JodaOrg/joda-time-i18n,28,3,FALSE
joel-costigliola/assertj-neo4j,13,16,FALSE
joelittlejohn/embedmongo-maven-plugin,89,53,FALSE
johnlcox/toml4j,13,7,FALSE
johnlpage/POCDriver,198,86,FALSE
JohnsProject/JGameEngine,15,1,FALSE
jon-hanson/parsecj,111,5,FALSE
jonatan-kazmierczak/class-visualizer,161,26,FALSE
jonathanhds/sql-builder,71,30,FALSE
joniles/rtfparserkit,97,42,FALSE
jonpereiradev/diff-objects,11,0,FALSE
JoonasVali/jartin,12,2,FALSE
jordw/heftydb,163,19,FALSE
joshgontijo/rest-client,21,5,FALSE
jottley/spring-social-salesforce,33,37,FALSE
jpenren/thymeleaf-ui-dialect,18,1,FALSE
jprante/elasticsearch-csv,42,7,FALSE
jprante/elasticsearch-transport-websocket,113,22,FALSE
jprante/log4j2-elasticsearch,27,17,FALSE
jqassistant-archive/jqa-graphml-plugin,0,3,FALSE
jqassistant-archive/jqa-javaee6-plugin,0,1,FALSE
jramoyo/indexed-file-reader,28,14,FALSE
jriecken/gae-java-mini-profiler,20,6,FALSE
jrmelsha/keccak,12,1,FALSE
jruby/jcodings,21,29,FALSE
jruby/joni,162,84,FALSE
js-cookie/java-cookie,60,21,FALSE
jsolve/templ4docx,49,49,FALSE
jsonld-java/jsonld-java,371,194,FALSE
jsunsoftware/http-request,11,6,FALSE
jtidy/jtidy,47,29,FALSE
jtmelton/attack-surface-analyzer,16,3,FALSE
juandesi/email4j,46,15,FALSE
julienchastang/charts4j,140,49,FALSE
julietkilo/CANBabel,147,40,FALSE
junichi11/netbeans-color-codes-preview,33,8,FALSE
justauth/JustAuth,15771,2695,FALSE
jvirtanen/config-extras,1,2,FALSE
jvitorr/Jeasier,16,8,FALSE
jzy3d/jGL,14,5,FALSE
k55k32/simple-codegen,14,2,FALSE
kabutz/striped-executor-service,15,9,FALSE
kamaladafrica/codice-fiscale,10,8,FALSE
kamranzafar/jtar,140,41,FALSE
kapoorlabs/kiara,13,0,FALSE
KasperFranz/AntiAd,8,13,FALSE
kayahr/pherialize,102,65,FALSE
kazuhikoarase/jaconv,75,9,FALSE
keighrim/mae-annotation,59,19,FALSE
keikai/dev-ref,93,14,FALSE
keith0591/pgp-encryption,17,10,FALSE
kevin-wang001/mockj,29,15,FALSE
kevin-wang001/poi-el,18,6,FALSE
KevinStern/software-and-algorithms,115,105,FALSE
kgalant/PackageBuilder,22,9,FALSE
kifj/jboss-syslog,10,8,FALSE
killbilling/recurly-java-library,49,103,FALSE
kittylyst/ocelotvm,67,30,FALSE
kklisura/props-to-constants-generator,14,3,FALSE
klakegg/pkix-ocsp,5,10,FALSE
knowm/jspice,55,8,FALSE
koen-serneels/ws-proxy,11,9,FALSE
koendeschacht/bow-utils,0,2,FALSE
kohsuke/wordnet-random-name,130,33,FALSE
kolchagov/java-crud-api,27,10,FALSE
konsolas/ConditionalCommands,10,11,FALSE
koraktor/steam-condenser-java,100,51,FALSE
KosherJava/zmanim,93,49,FALSE
kravchik/jcommon,15,1,FALSE
kristofa/mock-http-server,78,37,FALSE
kristofa/wicket-tagcloud,0,1,FALSE
krpors/delver,15,8,FALSE
krullert/universe,19,10,FALSE
ksprojects/zkcopy,232,91,FALSE
Kuangcp/NettyBook2,10,9,FALSE
Kugin/data-reconciliation,28,25,FALSE
kungfoo/geohash-java,967,353,FALSE
Kurento/kurento-module-creator,5,31,FALSE
kwart/demo-kerberos-in-java,10,5,FALSE
L-PLUM/ContractDetection,11,2,FALSE
Labs64/swid-generator,17,9,FALSE
lafaspot/ja3_4java,18,9,FALSE
lamarios/sherdog-parser,6,2,FALSE
LarryDpk/Google-Bard,87,27,FALSE
lastaflute/lastaflute,32,7,FALSE
lastfm/coverartarchive-api,57,9,FALSE
LatencyUtils/LatencyUtils,450,57,FALSE
lazee/freemarker-java-8,48,15,FALSE
lbehnke/hierarchical-clustering-java,139,79,FALSE
Lcry/java-png-compress-util,17,4,FALSE
lemire/externalsortinginjava,249,102,FALSE
leonbloy/pngj,271,52,FALSE
leonhad/paradoxdriver,29,18,FALSE
leonliao/wechat-app-pay-java-sdk,12,3,FALSE
lerndevops/samplejavaapp,29,1594,FALSE
lettuce-io/lettuce-core,5201,936,FALSE
levigo/jbig2-imageio,29,19,FALSE
lexburner/consistent-hash-algorithm,45,17,FALSE
lexburner/kdio,117,30,FALSE
lfkdsk/bnf-ast,14,1,FALSE
liangbaika/validate,73,16,FALSE
LianjiaTech/json-diff,40,11,FALSE
libcoolsocket/java,12,3,FALSE
LibrePDF/OpenRTF,39,10,FALSE
lightningMan/flash-netty,868,577,FALSE
lightoze/gwt-i18n-server,38,9,FALSE
lingyejun/tick-authenticator,39,2,FALSE
linked-solutions/jarql,22,7,FALSE
linux-china/plantuml-gist,97,16,FALSE
linux-china/rocker-template-demo,12,2,FALSE
linux-china/toolchains-maven-plugin,40,2,FALSE
liqpay/sdk-java,15,19,FALSE
liuanxin/api-document,59,8,FALSE
liudongdong0909/mybatis-generator-core-fix,22,25,FALSE
LiveRamp/HyperMinHash-java,51,13,FALSE
lizard-framework/lizard-spi,12,7,FALSE
llatinov/sample-dropwizard-rest-stub,14,19,FALSE
locationtech/spatial4j,924,167,FALSE
loehndorf/scengen,11,4,FALSE
LogisticsCraft/OcclusionCulling,10,3,FALSE
logpresso/CVE-2021-44228-Scanner,854,178,FALSE
loong0306/commutils4j,16,4,FALSE
lrozenblyum/chess,11,3,FALSE
lucaspouzac/contiperf,57,25,FALSE
lucidworks/spark-solr,443,253,FALSE
luigiselmi/flink-kafka-consumer,11,9,FALSE
lujinfeifly/jsoncode,59,7,FALSE
lukas-vlcek/elasticsearch.demo,20,21,FALSE
lukfor/pgs-calc,20,3,FALSE
lyg5623/lightgbm_predict4j,83,36,FALSE
lzgabel/camunda-cloud-bpmn-converter,10,6,FALSE
m09/syllable-counter,11,5,FALSE
macacajs/wd.java,30,36,FALSE
magdel/MapNav,16,2,FALSE
MagicTheGathering/mtg-sdk-java,65,23,FALSE
mahjong4j/mahjong4j,46,18,FALSE
mailjet/mailjet-apiv3-java,64,35,FALSE
makersoft/mybatis-shards,186,135,FALSE
mambu-gmbh/Mambu-APIs-Java,27,35,FALSE
ManuelB/facebook-recommender-demo,73,31,FALSE
maping/java-maven-calculator-web-app,18,156,FALSE
marcosvidolin/doco,16,6,FALSE
mariazevedo88/json-formatter-validator,10,6,FALSE
MarkShen1992/Mashibing_High_Concurrency,172,65,FALSE
marschall/path-classloader,11,4,FALSE
marschall/svn-diffstat,14,7,FALSE
martin-g/wicket-jquery-selectors,15,7,FALSE
martincooper/java-datatable,53,15,FALSE
marwin1991/keep-changelog-maven-plugin,21,2,FALSE
marzn/telegrambot-japi,13,4,FALSE
Maschell/JNUSLib,20,6,FALSE
massigerardi/ta4j-strategy-parser,25,7,FALSE
Mastercard/client-encryption-java,94,57,FALSE
Mastercard/oauth1-signer-java,42,25,FALSE
mastodon-sc/mastodon,61,20,FALSE
mateiw/littlebasic,17,3,FALSE
mattdavey/EuronextClone,32,19,FALSE
matthewhorridge/mdock,0,1,FALSE
matthewhorridge/owlexplanation,18,9,FALSE
matthiaszimmermann/ethereum-paper-wallet,80,39,FALSE
mattsheppard/gethostname4j,33,5,FALSE
maven-nar/nar-maven-plugin,230,165,FALSE
maxmind/geoip-api-java,176,98,FALSE
maxtomin/decimal,17,2,FALSE
mbizhani/Adroit,1,0,FALSE
mbronshteyn/quarkus-jdbi-project,10,1,FALSE
mdeanda/lorem,191,21,FALSE
mdewilde/opml-parser,16,4,FALSE
mdewilde/podcast-parser,10,1,FALSE
mduerig/json-jerk,10,0,FALSE
medmes/keycloak-monitoring-spi,14,1,FALSE
meixuesong/aggregate-persistence,180,58,FALSE
meltmedia/jgroups-aws,45,25,FALSE
mercadopago/sdk-java,81,38,FALSE
mesosphere/marathon-client,17,12,FALSE
messai-engineering/Yuga,23,9,FALSE
messenger4j/messenger4j,214,113,FALSE
metamug/java-jwt,15,27,FALSE
meteoinfo/wContour,94,54,FALSE
MezereonXP/AnomalyDetectTool,86,32,FALSE
mfathi91/persian-date-time,75,11,FALSE
mguymon/model-citizen,94,13,FALSE
mhshams/jnbis,98,68,FALSE
michaeltandy/log4j-json,36,12,FALSE
michaelwittig/java-q,25,6,FALSE
microsoft/AppCenter-Test-Appium-Java-Extensions,13,37,FALSE
MieskeB/json-api-spring-boot,10,2,FALSE
mike10004/common-helper,0,1,FALSE
mike706574/java-map-support,0,0,FALSE
mikera/enlight,44,7,FALSE
mikera/mikera,11,9,FALSE
mikera/randomz,12,6,FALSE
mileshenrichs/QuiFFT,57,11,FALSE
mincloud1501/DevOps,14,1,FALSE
mirabeau-nl/ceddl4j,10,3,FALSE
MitchTalmadge/ASCII-Data,122,13,FALSE
mixer/beam-client-java,23,28,FALSE
Mixermachine/base-test,17,3,FALSE
mixpanel/mixpanel-java,49,37,FALSE
mjsalerno/UnoBot,14,14,FALSE
mlaccetti/rocksaw,45,28,FALSE
mlieshoff/jcrapi,18,5,FALSE
mmastrac/nanojson,94,26,FALSE
mocnik-science/geogrid,46,14,FALSE
mokiat/java-data-front,48,7,FALSE
momosecurity/mosec-maven-plugin,97,21,FALSE
monitorjbl/excel-streaming-reader,920,343,FALSE
monkeymq/jgossip,92,35,FALSE
MottoX/BeanUtils,29,9,FALSE
MottoX/TAOMP,49,20,FALSE
MountCloud/graphql-client,31,17,FALSE
moznion/java-random-string,21,10,FALSE
mpatric/mp3agic,1177,313,FALSE
MPriess/GeoJSON-POJO,11,10,FALSE
mraible/jhipster6-demo,154,93,FALSE
MRPanyu/excel-imp-exp,17,3,FALSE
msanez/sonar-branch-community,102,77,FALSE
msarhan/ummalqura-calendar,151,51,FALSE
msemys/esjc,109,32,FALSE
msigwart/fakeload,23,2,FALSE
msojocs/OmenChallengeHelper,28,15,FALSE
mulesoft-catalyst/mule-sonarqube-plugin,43,73,FALSE
mulesoft-labs/rhinodo,51,10,FALSE
murfffi/zebra4j,10,1,FALSE
murreIsCoding/auth,13,4,FALSE
MutabilityDetector/MutabilityDetector,236,76,FALSE
mvallim/emv-qrcode,90,42,FALSE
mvel/mvel,1024,308,FALSE
mvpjava/springboot-JUnit5-tutorial,12,6,FALSE
mwanji/toml4j,301,57,FALSE
mybatis-mapper/provider,30,6,FALSE
myui/btree4j,201,47,FALSE
named-data/jndn,43,26,FALSE
naosense/markdown-preview-sync,59,9,FALSE
narupley/not-going-to-be-commons-ssl,15,7,FALSE
naver/lucy-xss-servlet-filter,238,77,FALSE
NawaMan/NullableJ,11,2,FALSE
neil-justice/louvain,11,13,FALSE
neilswainston/FragGenie,13,8,FALSE
neo-search/multiple-string-searcher,12,4,FALSE
Neop/mudmap2,37,12,FALSE
netarchivesuite/heritrix3-wrapper,3,1,FALSE
netceteragroup/trema-core,4,2,FALSE
NetherlandsForensicInstitute/kafka-spout,104,73,FALSE
neuland/jade4j,705,121,FALSE
ngallagher/simplexml,95,36,FALSE
nicolas-raoul/jakaroma,61,7,FALSE
nicoulaj/checksum-maven-plugin,40,40,FALSE
niesfisch/java-code-tracer,17,7,FALSE
NightFlightCaptain/ssm,141,45,FALSE
Nilhcem/FakeSMTP,974,311,FALSE
ning/compress,250,41,FALSE
ning/tr13,29,7,FALSE
NishkarshRaj/Maven-Using-CMD,15,29,FALSE
nla/outbackcdx,28,20,FALSE
NLP2RDF/NIF-lib,10,5,FALSE
NLPchina/ansj_seg,6409,2380,FALSE
noelherrick/jell,34,7,FALSE
noophq/subtitle,96,39,FALSE
Nordstrom/nifi_terraform_generator,27,10,FALSE
nothingax/micro-DB,122,32,FALSE
NovatecConsulting/BeanTest,25,11,FALSE
novotnyradek/fred-client,14,1,FALSE
npathai/hamcrest-optional,43,3,FALSE
NTTDATA-EMEA-QAT/cherry,11,8,FALSE
nurkiewicz/typeof,153,25,FALSE
nutzam/nutzwx,64,34,FALSE
nuxeo/onedrive-java-client,38,12,FALSE
o19s/RankyMcRankFace,43,22,FALSE
ocaffe/numero-por-extenso,10,2,FALSE
ocpsoft/common,2,3,FALSE
octavian-h/time-series-math,14,9,FALSE
odiszapc/nginx-java-parser,250,84,FALSE
offbynull/kademlia,21,5,FALSE
offbynull/portmapper,90,18,FALSE
ogrodnek/java_fathom,11,10,FALSE
ohioit/rundeck-http-plugin,22,25,FALSE
olcaytaner/201-DataStructures-Java,21,4,FALSE
OnlineCodex/OnlineCodex,20,5,FALSE
ooxi/jdatauri,23,14,FALSE
open-dis/open-dis-java,36,27,FALSE
open-eid/cdoc4j,16,5,FALSE
openapi-tools/swagger-maven-plugin,68,44,FALSE
opendatalab-de/geojson-jackson,257,91,FALSE
OpenGamma/ElSql,101,26,FALSE
opengeospatial/ets-ogcapi-features10,15,6,FALSE
openhkr/hkr-si,11,6,FALSE
OpenLiberty/ci.common,3,28,FALSE
opennars/opennars,363,85,FALSE
openshift/openshift-restclient-java,78,111,FALSE
openskynetwork/java-adsb,100,42,FALSE
opentimestamps/java-opentimestamps,40,34,FALSE
opentracing-contrib/java-concurrent,39,19,FALSE
optimaize/command4j,13,2,FALSE
OrderLab/OKLib,20,4,FALSE
OrhanKupusoglu/bazelize-maven-plugin,14,3,FALSE
orientechnologies/orientdb-etl,34,20,FALSE
orientechnologies/orientdb-jdbc,18,20,FALSE
orphan-oss/launch4j-maven-plugin,340,70,FALSE
os72/protobuf-dynamic,265,53,FALSE
osglworks/java-tool,52,18,FALSE
oskopek/javaanpr,150,161,FALSE
outbrain/GomJabbar,32,10,FALSE
OWASP/json-sanitizer,195,50,FALSE
OWASP/OWASP-WebScarab,593,226,FALSE
Pablissimo/SonarTsPlugin,186,106,FALSE
pablobastidasv/kc_security,10,2,FALSE
package-url/packageurl-java,20,13,FALSE
PacktPublishing/-Learn-Algorithms-and-Data-Structures-in-Java-for-Day-to-Day-Applications,11,10,FALSE
pagehelper/Mybatis-PageHelper,11993,3139,FALSE
palatable/lambda,856,124,FALSE
palatable/shoki,37,11,FALSE
palindromicity/simple-syslog,16,7,FALSE
parship/roperty,5,2,FALSE
pascalgn/jiracli,10,4,FALSE
patrickfav/uber-adb-tools,154,24,FALSE
patriques82/alphavantage4j,123,74,FALSE
pawandubey/griffin,29,7,FALSE
PawelGorny/lostword,20,12,FALSE
Payment-Components/demo-sepa,15,7,FALSE
paypal/Gibberish-Detector-Java,26,25,FALSE
pedrovgs/Algorithms,2781,849,FALSE
peter-lawrey-admin/Chronicle-Ticker,23,12,FALSE
peterbencze/serritor,31,15,FALSE
PeterisP/morphology,30,9,FALSE
petterobam/mds2index.html,47,7,FALSE
PhantomThief/thrift-pool-client,43,22,FALSE
phax/as2-server,30,9,FALSE
phax/ph-events,0,0,FALSE
pheerathach/promptpay,40,14,FALSE
philihp/weblabora,11,2,FALSE
phylogeography/spread,14,1,FALSE
pierredavidbelanger/logback-awslogs-appender,72,25,FALSE
pingcap/tidb-loadbalance,11,4,FALSE
pizihao/crow,12,7,FALSE
pk8est/table-printer,13,3,FALSE
PlayPen/playpen-core,33,7,FALSE
plutext/docx4j-export-FO,46,17,FALSE
pmckeown/dependency-track-maven-plugin,57,19,FALSE
pmlopes/aws-lambda-native-vertx,27,9,FALSE
PoslavskySV/libdivide4j,18,1,FALSE
pouyaesm/signed-community-detection,23,7,FALSE
ppke-nlpg/purepos,15,7,FALSE
prat-man/unique4j,13,3,FALSE
printingin3d/javascad,29,12,FALSE
profesorfalken/jPowerShell,212,84,FALSE
profesorfalken/jSensors,124,31,FALSE
Progether/JAdventure,304,242,FALSE
Proteus1989/Air-Explorer-Decrypter,12,5,FALSE
prpatel/serverless-java-mini-workshop,10,11,FALSE
psjava/psjava,71,18,FALSE
purcell/jargs,64,21,FALSE
purecloudlabs/elasticsearch-lambda,31,15,FALSE
PureMVC/puremvc-java-standard-framework,30,25,FALSE
PvdBerg1998/PNet,54,7,FALSE
pvto/konte-art,54,1,FALSE
qala-io/java-beginner-course,26,10,FALSE
qiurunze123/Designpattern,167,43,FALSE
qmx/jitescript,184,28,FALSE
qoomon/banking-swift-messages-java,33,29,FALSE
qqilihq/property-editor,10,2,FALSE
qubole/qds-sdk-java,7,45,FALSE
qwhai/algorithms-sort,21,15,FALSE
qzw1210/JustAuth,13,10,FALSE
radkovo/Pdf2Dom,168,75,FALSE
RagedUnicorn/github-release-maven-plugin,13,6,FALSE
RakhmedovRS/DataStructuresAndAlgorithmsInJava2ndEdition,42,20,FALSE
ralscha/bsoncodec,19,4,FALSE
random-maven/profile-activator-extension,12,5,FALSE
raydac/java-binary-block-parser,230,38,FALSE
RayDeCampo/java-xirr,74,37,FALSE
raymanrt/orientqb,31,9,FALSE
razorpay/razorpay-java,48,63,FALSE
reactiverse/vertx-maven-plugin,73,15,FALSE
realexpayments/rxp-hpp-java,5,9,FALSE
RealZimboGuy/ewelink-api-java,15,5,FALSE
reckart/tt4j,16,7,FALSE
red6/pdfcompare,197,60,FALSE
redlink-gmbh/redlink-java-sdk,4,2,FALSE
reecetech/bamboo-specs,12,11,FALSE
reggert/reb4j,10,3,FALSE
reinert/JJSchema,116,56,FALSE
renfei/ik-analyzer,15,5,FALSE
resourcepool/ssdp-client,49,21,FALSE
RestComm/jasn,5,21,FALSE
RestExpress/PluginExpress,2,24,FALSE
resurfaceio/logger-java,13,1,FALSE
RetailMeNot/TestRailSDK,26,27,FALSE
retest/recheck.cli,14,4,FALSE
retog/wymiwyg-commons-core,0,0,FALSE
retomerz/mosquito,25,5,FALSE
revdotcom/revai-java-sdk,16,0,FALSE
rex-soft/rexdb,16,8,FALSE
ricksbrown/jgenhtml,11,1,FALSE
righettod/pst-digger,55,10,FALSE
RIGS-IT/sonar-xanitizer,21,7,FALSE
ripreal/V8LogScanner,41,9,FALSE
riversun/bigdoc,11,4,FALSE
riversun/java-promise,15,6,FALSE
rjohnsondev/java-libpst,244,119,FALSE
rjstanford/spreedly-java,12,11,FALSE
rjwut/ian,15,4,FALSE
RKumsher/utils,10,9,FALSE
rnorth/duct-tape,89,11,FALSE
rnorth/visible-assertions,52,5,FALSE
robert-bor/aho-corasick,856,349,FALSE
RobertStewart/privateer,2,0,FALSE
robshep/logback-logdna,14,9,FALSE
rockt/SETH,28,16,FALSE
rohanpadhye/vasco,82,35,FALSE
romanb/JPA-NestedSet,31,28,FALSE
rombert/desktop-maven-notifier,65,16,FALSE
romix/java-concurrent-hash-trie-map,150,25,FALSE
ronmamo/reflections,4638,734,FALSE
roskart/dropwizard-jaxws,43,35,FALSE
rovats/java-utils,14,6,FALSE
rpau/javalang,22,10,FALSE
rponte/dbunitmanager,7,0,FALSE
rponte/pin-decrypter,13,0,FALSE
rpuch/xremoting,1,0,FALSE
rrice/java-string-similarity,154,46,FALSE
rsatrio/Keycloak-Federation-ExistingDB,35,7,FALSE
rstoyanchev/spring-mvc-chat,174,154,FALSE
rstoyanchev/spring-websocket-portfolio,728,447,FALSE
RTBHOUSE/avro-fastserde,43,14,FALSE
rtyley/animated-gif-lib-for-java,153,64,FALSE
ruddell/jhipster-chat-example,21,15,FALSE
rusakovichma/DocsReporter,15,10,FALSE
rweather/noise-java,128,47,FALSE
ryenus/rop,18,5,FALSE
rynr/launchpad,11,2,FALSE
saalfeldlab/stitching-spark,28,8,FALSE
sabomichal/liquibase-mssql,16,20,FALSE
sachin-handiekar/jInstagram,383,171,FALSE
sagiegurari/fax4j,23,7,FALSE
sailthru/sailthru-java-client,11,29,FALSE
sambatriste/sql-formatter,21,3,FALSE
sandflow/regxmllib,34,13,FALSE
sangkeon/java-opa-wasm,13,2,FALSE
sangupta/bloomfilter,55,16,FALSE
sangupta/gather,37,4,FALSE
sangupta/murmur,71,21,FALSE
santanusinha/json-rules,23,18,FALSE
saoj/mentabean,11,3,FALSE
SAP-archive/cloud-paulpredicts,18,18,FALSE
sarojaba/prettytable4j,20,5,FALSE
savantly-net/log4j2-extended-jsonlayout,14,7,FALSE
Sayi/swagger-diff,270,85,FALSE
sbesada/java.math.expression.parser,35,8,FALSE
sbesada/java.math.numerical.library,14,2,FALSE
sblendorio/petscii-bbs,105,14,FALSE
schnatterer/musicbrainzws2-java,15,10,FALSE
SchweizerischeBundesbahnen/springboot-graceful-shutdown,147,21,FALSE
scijava/scripting-clojure,10,2,FALSE
scipr-lab/dizk,228,65,FALSE
Scout24/illegal-transitive-dependency-check,25,5,FALSE
Scout24/spring-boot-rpm-maven-plugin,15,4,FALSE
scoutant/polyline-decoder,24,12,FALSE
scouter-contrib/scouter-plugin-server-alert-slack,21,16,FALSE
scubajorgen/FitReader,17,11,FALSE
scylladb/kafka-connect-scylladb,40,22,FALSE
sd4324530/JTuple,30,13,FALSE
sdorra/shiro-unit,3,3,FALSE
seahen/maven-s3-wagon,43,23,FALSE
seansegal/tincisnotcatan,146,20,FALSE
seaswalker/netty-wheel,23,15,FALSE
secure-software-engineering/sootdiff,15,3,FALSE
SecureSkyTechnology/burpextender-proxyhistory-webui,10,2,FALSE
sedran/moment4j,22,6,FALSE
seintur/jmixer,10,0,FALSE
semuxproject/evm,28,10,FALSE
seregamorph/hamcrest-more-matchers,10,1,FALSE
serg472/htmlcompressor,39,15,FALSE
sevntu-checkstyle/dsm-maven-plugin,14,5,FALSE
sgoertzen/sonar-break-maven-plugin,10,15,FALSE
sgoeschl/freemarker-cli,38,15,FALSE
sgreben/regex-builder,61,10,FALSE
shapesecurity/salvation,66,27,FALSE
shazam/shazamcrest,93,38,FALSE
shibing624/crf-seg,13,9,FALSE
shipilev/jdk-backports-monitor,14,6,FALSE
shred/commons-xml,0,0,FALSE
shreyasht/java8-validator,16,8,FALSE
Shunshun94/discord-bcdicebot,19,16,FALSE
SiftScience/kafka-assigner,62,21,FALSE
sigopt/sigopt-java,8,2,FALSE
silentsoft/oss-notice-file-generator,11,6,FALSE
simbo1905/root-objects,34,2,FALSE
simonnagl/netdata-java-orchestrator,26,10,FALSE
SimpleAstronomy/simple-astronomy-lib,18,26,FALSE
SimpleFinance/kafka-dropwizard-reporter,36,13,FALSE
simplenlg/simplenlg,802,188,FALSE
simplesteph/kafka-connect-github-source,438,182,FALSE
simplymequeeny/json-string-schema-generator,24,14,FALSE
sinrimin/netty-socketio-client,12,4,FALSE
sjbutler/idtk-j,1,0,FALSE
skayvanfar/cheetah,11,1,FALSE
skyscreamer/JSONassert,958,196,FALSE
slub/urnlib,28,5,FALSE
smacke/jaydio,304,70,FALSE
smallnest/fastjson-jaxrs-json-provider,18,10,FALSE
smartics/smartics-jboss-modules-maven-plugin,13,10,FALSE
smartrics/RestFixture,97,78,FALSE
smartsheet-platform/smartsheet-java-sdk,23,23,FALSE
smartystreets/smartystreets-java-sdk,14,19,FALSE
smitajit/es-rest-mock,12,0,FALSE
smola/galimatias,159,39,FALSE
smsapi/smsapi-java-client,24,12,FALSE
sndyuk/logback-more-appenders,121,56,FALSE
sofastack/sofa-hessian,129,51,FALSE
softlayer/softlayer-java,24,26,FALSE
solita/functional-utils,22,4,FALSE
Sonal0409/DevOpsCodeDemo,12,599,FALSE
SonarSource/sonar-auth-bitbucket,24,22,FALSE
SonarSource/sonar-auth-github,19,21,FALSE
sonatype/heuristic-version,0,2,FALSE
sonian/elasticsearch-jetty,286,79,FALSE
soot-oss/heros,218,90,FALSE
sorra/TraceSonar,33,12,FALSE
sparkapi/SparkJava,21,24,FALSE
spdx/Spdx-Java-Library,30,29,FALSE
spinscale/elasticsearch-graphite-plugin,66,32,FALSE
spoofzu/DeepViolet,136,33,FALSE
SpoonLabs/CoCoSpoon,10,8,FALSE
SpoonLabs/spooet,10,0,FALSE
spotify/annoy-java,135,44,FALSE
spotify/async-datastore-client,72,27,FALSE
spotify/futures-extra,136,32,FALSE
spotify/hdfs2cass,76,21,FALSE
spotify/netty-zmtp,242,60,FALSE
spotify/simple-bigtable,36,20,FALSE
spotify/ssh-agent-proxy,9,5,FALSE
spriet2000/vertx-handlers-http,11,1,FALSE
springml/salesforce-wave-api,12,10,FALSE
SpringStudent/GyJdbc,95,33,FALSE
spullara/cli-parser,103,23,FALSE
spullara/java-future-jdk8,19,8,FALSE
spyhunter99/installcert,17,11,FALSE
square/burst,462,29,FALSE
square/gifencoder,656,80,FALSE
square/jna-gmp,60,24,FALSE
square/osstrich,84,11,FALSE
square/pagerduty-incidents,70,29,FALSE
sranka/jdbcimage,15,15,FALSE
srikanth-lingala/zip4j,1901,297,FALSE
sritejakv/splitwise-java,10,10,FALSE
ssedano/jump-consistent-hash,30,17,FALSE
stackify/stackify-metrics,3,2,FALSE
stanfordnlp/CoreNLP,9359,2688,FALSE
starkbank/ecdsa-java,32,18,FALSE
StarlangSoftware/Corpus,6,4,FALSE
StarlangSoftware/TurkishDeasciifier,7,3,FALSE
StarlangSoftware/TurkishMorphologicalAnalysis,17,14,FALSE
StarlangSoftware/TurkishMorphologicalDisambiguation,8,2,FALSE
StarlangSoftware/TurkishPropBank,6,1,FALSE
StarlangSoftware/TurkishSentiNet,11,5,FALSE
StarlangSoftware/TurkishSpellChecker,10,7,FALSE
StarlangSoftware/TurkishWordNet,50,19,FALSE
StaticBeagle/ETK4J,28,2,FALSE
stefanbirkner/fake-sftp-server-rule,40,26,FALSE
STEMLab/JIneditor,13,2,FALSE
steveash/jopenfst,34,10,FALSE
stevespringett/CPE-Parser,44,15,FALSE
stevespringett/cvss-calculator,33,22,FALSE
stevespringett/owasp-risk-rating-calculator,18,4,FALSE
stevespringett/threatmodel-sdk,77,24,FALSE
stoicflame/ofx4j,72,48,FALSE
str4d/ed25519-java,215,76,FALSE
streamx-co/ExTree,10,3,FALSE
stripe-interview/java-interview-prep,41,80,FALSE
studerw/td-ameritrade-client,68,49,FALSE
stupid1t/poi-excel,14,1,FALSE
SumoLogic/sumologic-kinesis-connector,15,8,FALSE
Supera-Inovacao-Tecnologia/PS-Java,13,42,FALSE
supercargo/guice-persist-jooq,22,9,FALSE
SValentyn/Payment-Management-System,12,3,FALSE
SvenEwald/xmlbeam,74,13,FALSE
svenkubiak/jBCrypt,28,13,FALSE
swagger-api/swaggerhub-maven-plugin,30,21,FALSE
Sweetiee-yi/Jaba,97,25,FALSE
swri-robotics/bag-reader-java,35,19,FALSE
swtcpro/jingtum-lib-java,14,12,FALSE
sysco-middleware/kafka-client-collector,11,2,FALSE
szagriichuk/search-api,10,5,FALSE
tabulapdf/tabula-java,1694,435,FALSE
tacitknowledge/jcr-mock,21,8,FALSE
TakahikoKawasaki/nv-i18n,378,113,FALSE
TakahikoKawasaki/nv-websocket-client,1993,325,FALSE
takari/directory-watcher,16,4,FALSE
takari/maven-profiler,86,30,FALSE
takari/takari-local-repository,46,22,FALSE
takashi-ishio/selogger,31,7,FALSE
talios/coffee-maven-plugin,63,17,FALSE
tarql/tarql,191,62,FALSE
tauris-io/expression,12,1,FALSE
taxjar/taxjar-java,13,7,FALSE
tbuktu/ntru,105,34,FALSE
tchristofferson/Config-Updater,59,8,FALSE
tcurdt/hadoop-lzo-java,10,3,FALSE
tcurdt/jdeb,410,172,FALSE
tcurdt/jdependency,55,25,FALSE
tdebatty/java-LSH,290,82,FALSE
tdebatty/java-string-similarity,2655,441,FALSE
tdunning/anomaly-detection,102,30,FALSE
tdunning/bandit-ranking,51,4,FALSE
tdunning/open-json,17,18,FALSE
teaey/apns4j,197,77,FALSE
tecsinapse/tecsinapse-data-io,8,3,FALSE
telefonicaid/netphony-network-protocols,42,17,FALSE
tencentyun/cos-java-sdk-v4,32,12,FALSE
tenlee2012/elasticsearch-analysis-demo,11,5,FALSE
terrestris/shogun-legacy,16,16,FALSE
tfredrich/DateAdapterJ,19,7,FALSE
ThangLeQuoc/aqi-calculator,29,8,FALSE
Thare-Lam/fast-elasticsearch-query-builder,47,6,FALSE
TheBlackChamber/commons-encryption,0,0,FALSE
theborakompanioni/thymeleaf-extras-shiro,297,76,FALSE
TheCookieLab/poloniex-api-java,64,47,FALSE
thegedge/java-radix-tree,31,12,FALSE
TheHolyWaffle/TeamSpeak-3-Java-API,304,109,FALSE
ThinkingDataAnalytics/java-sdk,13,6,FALSE
thomasmueller/minperf,155,22,FALSE
thomasmueller/tinyStats,13,3,FALSE
ThoughtWire/hazelcast-locks,23,11,FALSE
thrau/jarchivelib,197,35,FALSE
threedr3am/dubbo-exp,99,14,FALSE
threefish/nutz-sqltpl,10,1,FALSE
threerings/react,36,7,FALSE
ThreeTen/threetenbp,548,139,FALSE
thundra-io/thundra-lambda-warmup,43,6,FALSE
thymeleaf/thymeleaf-itutorial,43,26,FALSE
TiBeN/ia-rcade,102,8,FALSE
tking/JSTUN,133,55,FALSE
tkutcher/jgrade,23,15,FALSE
TNG/property-loader,6,9,FALSE
tobyweston/Refactoring-Chapter-1,35,80,FALSE
tommyettinger/BlazingChain,19,3,FALSE
tommyettinger/RegExodus,24,4,FALSE
tomsik68/mclauncher-api,122,17,FALSE
tomwhite/set-game,25,6,FALSE
TongxiJi/shadowsocks-java,267,83,FALSE
tonikolaba/BatBat-Game,20,35,FALSE
tony19/named-regexp,91,20,FALSE
tonydeng/fmj,417,141,FALSE
tonysparks/leola,21,2,FALSE
toolbox4minecraft/amidst,2107,245,FALSE
toolfactory/narcissus,42,1,FALSE
topwingo/zeroFlow,10,7,FALSE
ToryZhou/design-pattern,56,31,FALSE
traiana/kafka-spiffe-principal,19,5,FALSE
trekawek/coffee-gb,1088,84,FALSE
trganda/yaml2http,11,0,FALSE
Trigary/AdvancementCreator,25,3,FALSE
triologygmbh/reCAPTCHA-V2-java,17,10,FALSE
tripluo/jrouter,13,3,FALSE
trystan/AsciiPanel,185,62,FALSE
Tsovak/selenium-wrapper-framework,10,2,FALSE
tud-fop/j-Algo,10,3,FALSE
tupilabs/tap4j,30,16,FALSE
tv2norge-collab/java-serf-client,19,7,FALSE
tvesalainen/bcc,2,0,FALSE
Twasi/twasi-core,19,4,FALSE
twitter/joauth,211,69,FALSE
twitter/netty-http2,121,64,FALSE
twitter/nodes,246,59,FALSE
twitter/sbf,157,42,FALSE
twitter/twitter-korean-text,831,181,FALSE
typesafehub/netty-http-pipelining,27,15,FALSE
uber-common/jvm-profiler,1756,344,FALSE
udger/udger-java,26,19,FALSE
uia4j/uia-sim,21,2,FALSE
uklimaschewski/JMXWrapper,38,9,FALSE
ukman/kolobok,25,2,FALSE
undera/perfmon-agent,376,137,FALSE
unitsofmeasurement/unit-ri,27,18,FALSE
unitsofmeasurement/uom-se,37,18,FALSE
unruly/control,10,6,FALSE
unruly/java-8-matchers,23,5,FALSE
uPortal-Project/portlet-utils,8,11,FALSE
uPortal-Project/WebproxyPortlet,14,29,FALSE
uprotocol/platform-java,12,1,FALSE
upyun/java-sdk,115,49,FALSE
urbanairship/datacube,265,62,FALSE
usingsky/KoreanLunarCalendar,16,3,FALSE
usnistgov/Lineage-Mapper,18,8,FALSE
uwolfer/gerrit-rest-java-client,159,89,FALSE
valery1707/kaitai-maven-plugin,12,9,FALSE
valfirst/jbehave-junit-runner,73,54,FALSE
vangj/jbayes,18,0,FALSE
vashishthask/eclipse-to-maven,27,14,FALSE
vasia/gelly-streaming,138,46,FALSE
VaughnVernon/mockroservices-java,28,11,FALSE
vaulttec/sonar-auth-oidc,90,36,FALSE
vdurmont/emoji-java,2583,555,FALSE
vdurmont/etaprinter,15,1,FALSE
vdurmont/semver4j,228,47,FALSE
venushka/jmxeval,16,9,FALSE
VerbalExpressions/JavaVerbalExpressions,2608,288,FALSE
verilylifesciences/genomewarp,98,20,FALSE
vert-x3/vertx-docgen,23,12,FALSE
vert-x3/vertx-maven-starter,140,56,FALSE
vert-x3/vertx-service-factory,20,14,FALSE
vibur/vibur-object-pool,69,16,FALSE
victor-porcar/delayed-batch-executor,20,6,FALSE
victorrentea/clean-code-dive,16,6,FALSE
vidageek/crawler,41,36,FALSE
vidstige/jadb,609,208,FALSE
vincentrussell/java-ini-parser,12,2,FALSE
vinhkhuc/lbfgs4j,14,1,FALSE
vinta/pangu.java,56,8,FALSE
visenze/visearch-sdk-java,7,13,FALSE
vitalidze/chromecast-java-api-v2,259,77,FALSE
vivekragunathan/JINQ,83,2,FALSE
viz-centric/flair-commons,15,16,FALSE
vizor-games/infraworld-cornerstone,21,22,FALSE
vlingo/xoom-auth,14,6,FALSE
vlingo/xoom-cluster,26,9,FALSE
vlingo/xoom-streams,11,4,FALSE
vmware/vrops-export,33,16,FALSE
vmzakharov/dataframe-ec,32,7,FALSE
volkodavs/secret-santa,13,2,FALSE
volodya-lombrozo/hg-revision-plugin,11,0,FALSE
w3blogfr/zebra-zpl,172,75,FALSE
walmartlabs/gozer,60,23,FALSE
wang007/vertx-start,102,19,FALSE
warmuuh/libsass-maven-plugin,115,41,FALSE
wavefrontHQ/wavefront-fdb-tailer,15,6,FALSE
wavefrontHQ/wftop,19,12,FALSE
waynedyck/gwt-gantt,10,3,FALSE
wcnwyx/gm-encryption,49,20,FALSE
wdtinc/mapbox-vector-tile-java,138,69,FALSE
wealthfront/thompson-sampling,28,12,FALSE
weaverj/erserver,21,101,FALSE
webbynet/protostuff-runtime-proto,45,22,FALSE
webjars/webjars-locator,2,7,FALSE
weblyzard/nilsimsa,10,6,FALSE
webmate-io/webmate-sdk-java,11,1,FALSE
WebThingsIO/webthing-java,51,30,FALSE
wechatpay-apiv3/CertificateDownloader,220,69,FALSE
Wedjaa/JavaAnsibleVault,10,12,FALSE
weibocom/yar-java,12,5,FALSE
welk1n/ReverseShell-Java,42,11,FALSE
wepay/WePay-Java-SDK,18,26,FALSE
weswilliams/GivWenZen,23,21,FALSE
whizzosoftware/WZWave,33,22,FALSE
william-ferguson-au/asymmetric-crypto,17,8,FALSE
wiqer/ef-redis,102,36,FALSE
wmixvideo/bradesco-boleto-registro,25,22,FALSE
wnameless/workbook-accessor,3,4,FALSE
wolf-yuan-6115/flowermoon,14,2,FALSE
woodpecker-appstore/yonyou-nc-decrypter,63,4,FALSE
Workday/timeseries-forecast,103,36,FALSE
wso2/config-mapper,33,42,FALSE
wstrange/GoogleAuth,1009,364,FALSE
wttech/Maven-CRX-Plugin,18,10,FALSE
wuba/LPA-Detector,91,22,FALSE
wxynihao/book118-downloader,234,74,FALSE
xcbeyond/ConferenceTrackManagement,13,1,FALSE
Xchuanshuo/LiteNESEmulator,23,4,FALSE
xcsp3team/XCSP3-Java-Tools,19,5,FALSE
xdwangwei/atguigu_ssm_crud,54,26,FALSE
xebia/Xebium,75,62,FALSE
xianfengyi/ExprEngine,10,1,FALSE
xiangbohua/scales-bridge,11,2,FALSE
xingePush/xinge-api-java,53,29,FALSE
xjodoin/torpedoquery,79,18,FALSE
xnnyygn/dynamic-log-level,11,7,FALSE
xspec/xspec-maven-plugin-1,5,11,FALSE
xuanbo/dag-executor,12,9,FALSE
xuminwlt/j360-tools,131,24,FALSE
XUranus/lightsocks-java,24,15,FALSE
yagarea/java-chat,10,3,FALSE
yanceyZhang/wx-chatbot,72,27,FALSE
yawkat/reflect,14,0,FALSE
ycdtbs/Face-recognition-login,52,19,FALSE
yegor256/cactoos,722,165,FALSE
yfpeng/pengyifan-leetcode,23,18,FALSE
yichen0831/OpenCC-Java,15,9,FALSE
yinlou/mltk,137,74,FALSE
yomorun/hashids-java,1009,196,FALSE
ysc/word,1786,686,FALSE
Yubico/yubico-j,13,9,FALSE
YuboLong/MyLive,177,58,FALSE
yuqi1129/calcite-test,206,160,FALSE
yurelle/Base45Encoder,10,2,FALSE
zafarkhaja/jsemver,419,83,FALSE
zalando-stups/java-sproc-wrapper,64,29,FALSE
zalandoresearch/zap,50,10,FALSE
zencoder/zencoder-java,10,11,FALSE
zeroturnaround/maven-jrebel-plugin,52,23,FALSE
zeroturnaround/zt-process-killer,123,24,FALSE
zerouwar/Octopus,67,24,FALSE
Zettelkasten-Team/Zettelkasten,692,86,FALSE
zhanyeye/DesSim,10,3,FALSE
zhaolihe/useragent-parser,10,7,FALSE
zheng93775/mysql-lock,16,6,FALSE
zhining-lu/netty-websocket-proxy,30,13,FALSE
zhixiangli/code-similarity,17,8,FALSE
ZhongAnTech/dmds,15,4,FALSE
zhongxunking/sync,12,5,FALSE
zhoujianling/PointCloudUtilities,34,2,FALSE
zhuweitung/banana-helper,18,37,FALSE
zihluwang/opensource-core,10,0,FALSE
Zlika/reproducible-build-maven-plugin,68,19,FALSE
zman2013/scuttlebutt,14,2,FALSE
ZsBT/mrz-java,69,40,FALSE
ztelur/consistent-hash-algorithm,24,13,FALSE