project,branch,line
2captcha-2captcha-java,0.403225806,0.292134831
520github-fw-perf-test,0.90625,0.922297297
520github-fw-statemachine,0.428571429,0.657754011
AccelerationNet-access2csv,0.1,0.263157895
actiontech-dble,0.080808278,0.070677802
AdamBien-jwtenizr,0.423076923,0.901960784
AdamBien-xplr,0.661290323,0.778301887
addthis-stream-lib,0.781914894,0.828333936
adobe-commerce-cif-magento-graphql,0.019915303,0.027727377
adobe-htl-tck,0.074324324,0.056379822
aelstad-keccakj,0.641176471,0.768518519
aerogear-aerogear-unifiedpush-java-client,0.307017544,0.614325069
afrunt-jach,0.491477273,0.589975349
agarciadom-xeger,0.5,0.740740741
agentgt-jatl,0.783410138,0.667752443
agido-malter-logback-elasticsearch-appender,0.107142857,0.243440233
aidhog-blabel,0.127629734,0.183554548
ainslec-picocog,0.243243243,0.515337423
akamai-NetStorageKit-Java,0.543859649,0.669477234
albfernandez-javadbf,0.739076155,0.807496823
aled-jsi,0.768382353,0.823394495
aleksandr-m-gitflow-maven-plugin,0.047674419,0.04324684
alex2chen-j-statemachine,0.006315789,0.004933399
alexcojocaru-elasticsearch-maven-plugin,0.203271028,0.227941176
alexr007-ultimate8,0,0.000769231
alfasoftware-soapstone,0.791139241,0.850047755
aliyun-aliyun-log-flink-connector,0.010504202,0.004583652
aliyun-aliyun-log-logback-appender,0.555555556,0.647342995
almondtools-stringsearchalgorithms,0.921875,0.947202522
alt236-apkdetails,0.052173913,0.039333048
amazon-archives-amazon-kinesis-connectors,0.122699387,0.214953271
amazon-archives-aws-request-signing-apache-interceptor,0.708333333,0.947368421
amazon-ion-ion-docs,0.589108911,0.680544436
amihaiemil-docker-java-api,0.676470588,0.881682734
amihaiemil-zold-java-client,0.375,0.542222222
andree-surya-moji4j,0.960784314,0.982905983
andylamp-BPlusTree,0.585204756,0.592141671
Ant-Grand-Grand,0.782407407,0.782724252
antherd-sm-crypto,0.691176471,0.711790393
Antibrumm-jackson-antpathfilter,0.310457516,0.451530612
antlr-antlrworks,0.059362824,0.042224064
antlr-stringtemplate3,0.53798127,0.75447083
anubhavshukla-properties-to-yaml-converter,0.738095238,0.7875
apache-commons-cli,0.940540541,0.951065509
apache-commons-codec,0.927280551,0.945071646
apache-dubbo-rpc-jsonrpc,0.166666667,0.353535354
apache-maven-ear-plugin,0.118055556,0.104113111
apache-maven-verifier-plugin,0.240875912,0.318471338
apache-pdfbox-jbig2,0.314622001,0.400783929
apache-sling-org-apache-sling-feature,0.434511435,0.530692659
apache-sling-org-apache-sling-servlets-resolver,0.327389444,0.407393146
apanimesh061-VaderSentimentJava,0.867647059,0.950310559
apereo-cas-server-security-filter,0.553030303,0.355844156
appnexus-ElasticNet4j,0.478070175,0.364721485
AquaticInformatics-aquarius-sdk-java,0.506849315,0.014267756
archervanderwaal-storm-server,0.089403974,0.202097902
Ardesco-driver-binary-downloader-maven-plugin,0.47012987,0.610126582
asaflevy-SelenuimExtend,0.173076923,0.232722144
Asana-java-asana,0.798742138,0.293836598
asciidoctor-asciidoclet,0.707964602,0.828205128
ashish-chopra-Structures,0.496124031,0.545454545
ashwanthkumar-gocd-janitor,0.513888889,0.683890578
ashwanthkumar-slack-java-webhook,0.34375,0.355421687
assertthat-selenium-shutterbug,0.05027933,0.068020305
atorstling-bychan,0.487654321,0.81085044
Atrox-haikunatorjava,0.8125,0.837209302
atteo-evo-inflector,0.730769231,0.834586466
attoparser-attoparser,0.646462019,0.698415141
augustd-burp-suite-jsonpath,0.341463415,0.176895307
aurbroszniowski-os-platform-finder,0.305555556,0.5
authlete-authlete-java-common,0.290528762,0.217865182
AuthorizeNet-sample-code-java,0.190553746,0.468461229
AuthorizeNet-sdk-java,0.042307692,0.201571268
authorjapps-simulator,0.728915663,0.774336283
avaje-common-avaje-agentloader,0.225071225,0.312958435
AVMf-avmf,0.107321131,0.134696527
AwakenCN-InChat,0.029154519,0.018736988
aws-amazon-neptune-sigv4-signer,0.838709677,0.848484848
aws-cloudformation-cloudformation-template-schema,0.035580524,0.049668874
awslabs-amazon-kinesis-scaling-utils,0.034934498,0.026408451
awslabs-amazon-sns-java-extended-client-lib,0.825,0.649006623
awslabs-aws-codepipeline-custom-job-worker,0.75,0.895652174
axelhjalm-bitwig-midi-fighter-twister,0,0.137636081
azam-ulidj,0.766666667,0.958525346
badlogic-basis-template,0.621843003,0.805740646
Bandwidth-java-bandwidth,0.31133429,0.42340347
BarcodeAPI-server,0.545023697,0.656896552
barrer-translate-online,0.25,0.471830986
Barteks2x-173generator,0.402035623,0.394886364
baswerc-routes,0.391666667,0.445403377
bdupras-guava-probably,0.788,0.946466809
BellaDati-belladati-sdk-java,0.921126761,0.916666667
ben-xo-cdjscrobbler,0.164335664,0.121002593
beothorn-URISchemeHandler,0.5,0.176470588
bernardosulzbach-dungeon,0.24132948,0.287699434
berndporr-iirj,0.640522876,0.825757576
BestCreater-SSM,0.003484321,0.023106547
bestyize-DoubanAPI,0.402489627,0.564164649
beyonddream-JRAKE,0.776315789,0.908629442
bgandon-juli-to-slf4j,0.309677419,0.337423313
BingAds-BingAds-Java-SDK,0.374601826,0.366321054
binghe001-mykit-holiday,0.49859944,0.834605598
biouno-figshare-java-api,0.005847953,0.048780488
biouno-pbs-java-api,0,0.162790698
bkiers-atlas,0.283783784,0.408256881
blackbeard334-djoom3,0.015164067,0.01638674
Blazemeter-xtn5250,0.219167004,0.303200264
blinkfox-mini-table,0.775510204,1
blueapron-kafka-connect-protobuf-converter,0.87704918,0.943396226
bluemix-NumberToArabicWords,0.557142857,0.89017341
bmatthews68-ldapunit,0.807692308,0.880658436
bmwcarit-hmm-lib,0.677631579,0.83974359
bohnman-squiggly,0.564685315,0.621142482
bonnyfone-vectalign,0.485130112,0.318446602
bookshelfdave-etp,0.624505929,0.702290076
bpodgursky-jbool_expressions,0.802069858,0.821163366
bpsm-edn-java,0.736176935,0.821938392
braintree-braintree_java,0.371601208,0.443881857
bremersee-sms,0.253731343,0.341902314
brettwooldridge-SparseBitSet,0.44017094,0.510174419
brutusin-commons,0.085616438,0.186900958
brutusin-instrumentation,0.366666667,0.580796253
bserdar-jcliff,0.252427184,0.287716956
btrekkie-dynamic-connectivity,0.975138122,0.987096774
bubuntux-poker-engine,0.318664643,0.22446324
buddy-works-simple-java-project,0,1
budhash-cliche,0.287054409,0.246835443
c0ny1-captcha-killer,0.065989848,0.033589923
camunda-camunda-xml-model,0.653743316,0.770588235
Cantara-Java-Auto-Update,0.549107143,0.526439483
carlosbritojun-jflunt,0.478873239,0.534722222
carlostse-jopencc,0.326086957,0.235294118
CarmJos-AliDDNS-Updater,0,0.176470588
casid-jusecase,0.833333333,0.898305085
cbartosiak-bson-codecs-jsr310,0.103448276,0.85106383
cellsrg-tabbypdf,0.067003793,0.075839653
Celos-avro-json-decoder,0.522012579,0.56626506
ceridwen-com-ceridwen-standard-interchange-protocol-library,0.571625344,0.741813602
cescoffier-vertx-completable-future,0.75,0.839378238
ChannelApe-shopify-sdk,0.598445596,0.803928096
Chatanga-Girinoscope,0.028142589,0.011388286
chenhaiyangs-mybatis-encrypt-plugin,0.153333333,0.353846154
chenjianjx-wsdl2html,0.123529412,0.100977199
chocoteam-choco-graph,0.295439524,0.324946778
chrfrantz-DBSCAN,0.970588235,0.985915493
chriswhocodes-FreeLogJ,1,0.83908046
cjmatta-kafka-connect-irc,0.111111111,0.111111111
clarkchen-data_structure,0.231237323,0.257627119
cloudbees-diff4j,0.311816193,0.348258706
cloudspannerecosystem-pgadapter,0.486215539,0.529051988
cm-heclouds-onenet-studio-api-java-sdk,0.25,0.483585859
cocolian-cocolian-nlp,0.558546433,0.644902635
codeclou-java-junit-xml-merger,1,0.96460177
codedance-silken,0.110619469,0.075664622
codelibs-elasticsearch-dynarank,0.480874317,0.657342657
codelibs-elasticsearch-sstmpl,0.243589744,0.403645833
codelibs-jhighlight,0.07033957,0.170358365
codelibs-ranklib,0.263798701,0.372062905
codelion-gramtest,0.452914798,0.489683631
codepine-testrail-api-java-client,0.18873403,0.357314974
coderodde-OrderStatisticTree,0.755905512,0.736842105
CodeShield-Security-Log4JShell-Bytecode-Detector,0.681818182,0.692307692
CodinGameCommunity-XmasRush,0.242424242,0.211320755
coekie-gentyref,0.845394737,0.912359551
confluentinc-kafka-connect-datagen,0.758064516,0.891472868
contentful-contentful.java,0.835535977,0.877618523
conveyal-osm-lib,0.441979522,0.510180337
coralblocks-CoralME,0.614754098,0.65682968
corentin59-ArtNetStack,0,0.001081081
Coreoz-Wisp,0.85483871,0.841304348
couchbaselabs-couchbase-capi-server,0.520547945,0.64556962
cowtowncoder-java-cachemate,0.504132231,0.548780488
cowtowncoder-low-gc-membuffers,0.5875,0.723150358
c-rack-cbor-java,0.906976744,0.969439728
crispab-javabuilderpattern,0.85,0.96097561
crossoverJie-leetcode,0.97761194,1
Crozin-Wykop.pl-Java-SDK,0.204225352,0.097334878
cternes-openkeepass,0.859762675,0.893327667
ctran-TinyRadius,0.090066225,0.111786148
ctrl-alt-dev-tps-parse,0.535164835,0.618527316
ctron-rpm-builder,0.048951049,0.051498847
CubeEngine-Dirigent,0.864640884,0.871212121
CurrencyCloud-currencycloud-java,0.710659898,0.655180552
cyberborean-rdfbeans,0.782958199,0.811004785
dadiyang-equator,0.795081967,0.829787234
dadoonet-elasticsearch-beyonder,0.242424242,0.27
DaisyDiff-DaisyDiff,0.620232172,0.627011896
damienclaveau-kafka-graphite,0.419354839,0.734939759
dampcake-bencode,0.96875,1
danieldk-dictomaton,0.564971751,0.556900726
darmiel-eeee,0.219026549,0.17919514
dart-maven-plugin-dart-maven-plugin,0,0.009536785
DataDog-java-dogstatsd-client,0.737614679,0.847381865
datastax-native-protocol,0.759447005,0.810309278
datoin-http-requests,0.44,0.672661871
davidB-scala-maven-plugin,0.12361809,0.062011943
DavidHerBet-java-codility,0.840764331,0.940298507
davidmoten-guava-mini,1,1
davidmoten-rxjava2-file,0.456521739,0.423631124
davidmoten-rxjava-slf4j,0.557971014,0.790196078
dbaggott-newrelic-dropwizard,0.839285714,0.86970684
ddopson-java-class-enumerator,0.409090909,0.37704918
delthas-JavaMP3,0.677325581,0.745230079
demidenko05-beigesoft-accounting,0,0.002452726
demidenko05-beigesoft-webstore,0.00284738,0.003785091
de-mklinger-tomcat-juli-slf4j,0,0.052631579
deniswsrosa-liquicouch,0.571428571,0.61732852
denniskniep-GQLRaider,0.414285714,0.406417112
dev-aspectj-aspectj-maven-plugin,0.303501946,0.356026786
devcon5io-mutation-analysis-plugin,0.992982456,0.992409867
devnied-Bit-lib4j,0.976923077,1
dhatim-business-hours-java,0.981651376,0.994623656
dibbhatt-kafka-spark-consumer,0.072992701,0.092558984
didi-benchmark-thrift,0.530503979,0.683863886
digipost-http-client-builder,0.076923077,0.23853211
digitalfondue-npjt-extra,0.747058824,0.888349515
digitalheir-java-nfa,0.330882353,0.625
DigitalPebble-TextClassification,0.20521542,0.331908832
digital-preservation-utf8-validator,0.560606061,0.54
dingjs-javaagent,0.011651966,0.022606383
dizitart-jbus,0.59,0.755555556
dkellenb-formula-evaluator,0.597802198,0.64231738
dmak-jaxb-xew-plugin,0.908396947,0.962917182
dmcg-okey-doke,0.722943723,0.723880597
dmeoli-WS4J,0.629324547,0.764125561
dmitry-zhuravlev-jooq-postgis-spatial,0.035315985,0.078688525
Doccrazy-keycloak-protocol-cas,0.096153846,0.214374226
dpaukov-combinatoricslib,0.824091778,0.828407225
dperezcabrera-jpoker,0.15720524,0.101273885
d-plaindoux-suitcase,0.772727273,0.968553459
dpressel-sgdtk,0.046321526,0.078794902
DReichLab-ADNA-Tools,0.259786477,0.295992274
Driftt-EmailReplyParser,0.972222222,0.974683544
dropwizard-dropwizard-elasticsearch,0.619047619,0.79338843
dsc-cmt-cmt-statemachine,0.692307692,0.871232877
dspinellis-ckjm,0.55,0.596091205
dsyer-spring-security-rsa,0.571428571,0.709944751
dubasdey-portable-ftp-server,0.2,0.195783133
dubin555-Kafka-Insight,0.091836735,0.028419183
duguying-pinyin,0.90625,0.925925926
dyng-polling,0.292168675,0.489489489
earcut4j-earcut4j,0.275510204,0.451871658
eBay-bsonpatch,0.831932773,0.905487805
eBay-json-comparison,0.59375,0.833333333
echisan-wbp4j,0.195402299,0.326185102
ecki-et-otp,0.397058824,0.19047619
eclipse-jbom,0.294573643,0.367262724
edagarli-azeroth-event,0.577922078,0.72979798
e-gineering-gitflow-helper-maven-plugin,0.00867052,0.021563342
eightbitjim-cassette-nibbler,0.163703704,0.184831293
EladLeev-KeyToField-smt,0.863636364,0.976190476
elasql-elasql,0.010448916,0.017206816
elasticpath-json-unmarshaller,0.962686567,0.927659574
ElectronicChartCentre-java-vector-tile,0.408525755,0.471465077
EnterpriseQualityCoding-FizzBuzzEnterpriseEdition,0.833333333,0.920903955
entrusc-xdata,0.65625,0.757871878
erdtman-java-json-canonicalization,0.264750378,0.396728016
esamson-logback-luhn-mask,0.897058824,0.96969697
EsotericSoftware-yamlbeans,0.745042493,0.892705167
ethlo-jsons2xsd,0.897435897,0.934210526
eurekaclinical-datastore,0.25,0.533018868
eurekaclinical-javautil,0.199556541,0.202266783
everwatchsolutions-json-data-generator,0.123430962,0.080622348
exchange-core-orderbook,0.630177515,0.690614137
EXIficient-exificient-core,0.424135319,0.57592616
ExpediaGroup-avro-compatibility,0.651685393,0.894736842
ExpediaGroup-jasvorno,0.733096085,0.788461538
f0ng-captcha-killer-modified,0.051383399,0.029143898
f4b6a3-ksuid-creator,0.901639344,0.939873418
f4b6a3-tsid-creator,0.910344828,0.954674221
f4b6a3-ulid-creator,0.961538462,0.979746835
f4b6a3-uuid-creator,0.68984701,0.883071553
fangyidong-json-simple,0.651515152,0.693133047
fasseg-exp4j,0.898701299,0.922492401
fdinoff-neovim-java-client,0.5703125,0.526508227
FDMediagroep-hamcrest-jsoup,0.53125,0.572254335
feiYouLian-jpinyin,0.580645161,0.673659674
FelixGail-gplaymusic,0.022222222,0.024121296
fhoeben-hsac-fitnesse-plugin,0.774647887,0.953439153
figo-connect-java-figo,0.048275862,0.049626105
fizzed-jne,0.552307692,0.606156275
floverfelt-find-and-replace-maven-plugin,0.888888889,0.909677419
Flying9001-pay,0,0.008090615
forcedotcom-SiteCrawler,0.045918367,0.0409234
forcedotcom-wsc,0.299190751,0.440004757
fordfrog-ruian2pgsql,0.201183432,0.123342803
forgemo-bittrex-java-client,0.214285714,0.55985267
ForgeRock-OpenBanking-UK-Datamodel-Java-SDK,0.001849568,0.003997976
ForteScarlet-Mock.java,0.00441989,0.005314438
Francesco149-koohii,0.728571429,0.794392523
francisdb-serviceloader-maven-plugin,0.679487179,0.716312057
fraunhoferfokus-Fuzzino,0.561040694,0.78814568
freva-ascii-table,0.954248366,0.944444444
fsantiag-sonar-clojure,0.722222222,0.952887538
fzakaria-ascii85,0.861111111,0.950617284
g4dpz-predict4java,0.714859438,0.906207827
g4s8-cactoos-crypto,1,1
gabrie-allaigre-sonar-gitlab-plugin,0.846041056,0.961770624
games647-ColorConsole,0.221311475,0.137614679
GaoLeiQin-SwordOffer,0.608274648,0.704603581
gaols-reduce-rule,0.416666667,0.41509434
gchq-synthetic-data-generator,0.631578947,0.792834891
GeBeater-dozer-jdk8-support,0.679487179,1
geftimov-hadoop-map-reduce-patterns,0.056880734,0.060623229
george-haddad-cardme,0.524377857,0.67969854
geosolutions-it-geoserver-manager,0.182992465,0.280512028
geosolutions-it-http-proxy,0.293918919,0.484349259
ghacupha-book-keeper,0.34375,0.568965517
ghaffarian-progex,0.496346098,0.629435084
ghosthack-turismo,0.053846154,0.12803532
Gikkman-Java-Twirk,0.656160458,0.75020816
giltene-jHiccup,0.09375,0.130151844
gisarmory-mbtiles4j,0.5,0.473214286
gitbucket-markedj,0.817567568,0.914043584
GitHub-Laziji-reverse-regexp,0.747252747,0.786713287
gkopff-gson-javatime-serialisers,0.590909091,0.93
gkopff-gson-jodatime-serialisers,0.5,0.93125
glenrobson-iiif-tiler,0.576086957,0.684848485
gmr-rabbitmq-flume-plugin,0.008333333,0.092342342
GMWolf-artemis-odb-eeel,0.5,0.722222222
goncalomb-NBTEditor,0.008792226,0.123472552
googleapis-disco-to-proto3-converter,0.658513641,0.824431026
googleapis-java-pubsub-group-kafka-connector,0.721712538,0.67183227
GoogleCloudPlatform-app-maven-plugin,0.443262411,0.520100503
google-escapevelocity,0.890265487,0.937919463
google-jsontoken,0.571428571,0.728813559
GoSimpleLLC-jpgAgent,0.048148148,0.082107843
goxr3plus-java-google-speech-api,0.069767442,0.075576037
gquintana-metrics-sql,0.708571429,0.875
gradusnikov-jmatio,0.467973856,0.582539683
grantneale-kafka-lag-based-assignor,0.6,0.591549296
graphhopper-jackson-datatype-jts,0.942307692,0.920353982
graphstream-gs-core,0.177742699,0.223537498
graylog-labs-syslog4j-graylog2,0.102581072,0.120223672
greengerong-prerender-java,0.547169811,0.740585774
gridgain-yardstick,0.100850547,0.116340561
gridkit-jvm-attach,0.029032258,0.062784349
grumlimited-geocalc,0.833333333,0.914285714
Grundlefleck-ASM-NonClassloadingExtensions,0.781818182,0.745614035
Guo-xm-mybatis-expand,0.009433962,0.02284264
habernal-confusion-matrix,0.75,0.824925816
hackingwu-Java-Promise,0.428571429,0.601092896
hajhouj-fastsico,0.291666667,0.09352518
hankcs-hanlp-lucene-plugin,0.244047619,0.503144654
harawata-appdirs,0.723404255,0.775362319
Harium-etyl,0.021372328,0.032304586
Harium-keel,0.158819672,0.213436097
HarvardPL-AbcDatalog,0.678596491,0.697490837
hazelcast-hazelcast-kubernetes,0.507246377,0.668055556
hellige-ccs,0.795294118,0.870264064
hengyunabc-metrics-zabbix,0.266666667,0.372262774
heremaps-oksse,0.046875,0.176
Heroicai0101-abtest,0.161616162,0.826446281
heroku-heroku-jvm-application-deployer,0.073529412,0.040677966
hertzsprung-hamcrest-json,1,0.987654321
hifly81-bank-account-axon,0.041666667,0.119777159
hivsuper-document-converter,0.060606061,0.030188679
hlavki-jlemmagen,0.636904762,0.723098996
hneemann-digitalCustomComponents,0,0.232673267
hneemann-Oscilloscope,0.032957502,0.04979021
hoijui-Jawk,0.196641387,0.223638331
hoijui-ReZipDoc,0.711009174,0.872586873
hongbeomi-Programmers,0.899647887,0.950045413
hongliuliao-thrift-generator,0.620915033,0.737089202
houbb-heaven,0.020048393,0.020087478
houbb-nlp-hanzi-similar,0.703125,0.857142857
houbb-opencc4j,0.830645161,0.905660377
houbb-pinyin,0.685483871,0.767032967
houbb-segment,0.82967033,0.92893401
houbb-sensitive-word,0.588495575,0.766203704
houbb-word-checker,0.763157895,0.822454308
hsluv-hsluv-java,0.962962963,0.989189189
hs-web-hsweb-utils,0.029411765,0.015890058
huaban-jieba-analysis,0.736526946,0.735166425
huangbowen521-SpringJMSSample,0.333333333,0.530612245
hubert-marteau-MultiChainJavaAPI,0.106557377,0.09379616
HugoJhonathan-Challenge-Oracle-ONE-conversordemoedas,0,0.156657963
huiwang-cracking-the-coding-interview,0.888217523,0.980036298
huiyang100-excel-formula-engine,0.55,0.666666667
humbertodias-java-data-structures-algorithms,0.625628141,0.6910299
hummeling-if97,0.683631362,0.558436945
ibit-tech-sql-builder,0.724770642,0.808127572
IBM-Cloud-gp-java-client,0.035267349,0.027027027
iceenongli-iceworkday,0.12601626,0.077605322
icgw-FCA-Map,0.292682927,0.386292835
idealo-mongodb-slow-operations-profiler,0.097539543,0.10035155
iipc-jwarc,0.469461698,0.560633484
iipc-urlcanon,0.848484848,0.893617021
imixs-muluk,0.026595745,0.073506891
imohsenb-ISO8583-Message-Client-java,0.257142857,0.355769231
in28minutes-JUnitIn28Minutes,0.8125,0.425373134
iNamik-java_text_tables,0.567010309,0.557427259
indexdata-cql-java,0.490808824,0.487226277
InfoSec812-sonar-auth-google,0.8,0.926470588
Ingenico-ePayments-connect-sdk-java,0.581336696,0.208583074
inreachventures-aws-signing-request-interceptor,0.8125,0.928571429
instana-instana-java-opentracing,0.432692308,0.382075472
InstantWebP2P-tweetnacl-java,0.689826303,0.926680244
intel-jndn-mock,0.75,0.880368098
internetitem-logback-elasticsearch-appender,0.118055556,0.263063063
in-the-keyhole-khs-sherpa,0.002192982,0.006728343
inversoft-jackson5,0,0.475409836
inversoft-restify,0.556872038,0.659955257
io7m-aeron-guide,0.105802048,0.051186017
iquadrat-sbb-train-scheduler,0.359631443,0.432507525
iris-edu-stationxml-seed-converter,0.369294606,0.464018692
ironpinguin-serialized-php-parser,0.727272727,0.793103448
Isaac315-sql-translator,0.268,0.326086957
iterate-ch-java-openstack-swift,0.127760252,0.141958042
IvanTrendafilov-Confucius,0.963636364,0.957198444
ixa-ehu-ixa-pipe-ml,0.009138059,0.007922361
ixa-ehu-ixa-pipe-tok,0.108695652,0.218894009
iyzico-iyzipay-java,0.094202899,0.010143902
j256-simplecsv,0.910041841,0.946296296
j256-simplemagic,0.87278415,0.932488005
j256-two-factor-auth,0.97260274,0.989473684
jacksonpradolima-csv2bib,0.6,0.777777778
jackyfd-collectionX,0.542056075,0.608017817
jaeheonshim-ChessBoard,0.693832599,0.761324042
jagrosh-GiveawayBot,0.008356546,0.015772871
jagrosh-MusicBot,0.008168028,0.006079027
jahlborn-jackcess,0.775881684,0.873945905
jahlborn-sqlbuilder,0.664576803,0.826253687
jai-imageio-jai-imageio-core,0.132412673,0.218405091
jamf-AppConfig-Generator,0,0.015974441
JanGorman-jersey-passbook,0.239130435,0.119521912
jano7-executor,0.916666667,0.943661972
jarekratajski-badlam,0.75,0.825641026
JaroslavTulach-heapdump,0.25,0.48
jasminb-jsonapi-converter,0.842007435,0.894293732
javadelight-delight-fileupload,0.4,0.283333333
javadev-moneytostr,0.501440922,0.244026068
javadev-sqltojava,0.810344828,0.87394958
JavadocMD-simplelatlng,0.94047619,0.962962963
javagl-Common,0.059917355,0.07346691
javagl-Obj,0.589488636,0.665517241
javalite-jar-explorer,0.442536328,0.408952187
javamelody-jira-confluence-javamelody,0.311111111,0.300925926
JavaMoney-jsr354-ri-bp,0.531927711,0.660943168
java-sepa-xml-java-sepa-xml,0.760416667,0.716775599
jbossas-staxmapper,0.435294118,0.417197452
jbrundege-taro,0.780334728,0.806770099
jcabi-jcabi-maven-plugin,0.029411765,0.086065574
jcabi-jcabi-ssl-maven-plugin,0.071428571,0.378676471
jcbvm-i18n-editor,0.054304636,0.043010753
jchambers-fast-uuid,0.6875,0.957627119
jchambers-id-obfuscator,0.972222222,0.991561181
jchambers-jeospatial,1,1
jdbc-observations-datasource-proxy,0.630963973,0.608941418
j-easy-easy-flows,0.705882353,0.890547264
j-easy-easy-states,0.783333333,0.898876404
JeffLi1993-java-core-learning-example,0.027777778,0.039486204
jenkinsci-syslog-java-client,0.279166667,0.527227723
jenshadlich-S3-Performance-Test,0.06779661,0.082142857
JervyShi-nacos-embedded,0.592592593,0.75
jetlang-remoting,0.243944637,0.331983806
jetty-project-jetty-eventsource-servlet,0.642857143,0.9
jfinal-jfinal,0.023016953,0.043229253
jhalterman-concurrentunit,0.636363636,0.511111111
jhalterman-lyra,0.565527066,0.67361668
jhalterman-typetools,0.781021898,0.864583333
jhunters-jprotobuf,0.440725806,0.559381443
jiangxincode-SearchEngine,0.12195122,0.207289294
jillesvangurp-osm2geojson,0.316872428,0.280104712
jinahya-bit-io,0.703488372,0.854214123
jitsi-bccontrib,0.434285714,0.92286115
jlawrie-opencsv,0.960854093,0.995661605
jmazzitelli-prometheus-scraper,0.547425474,0.639400922
jmurty-java-xmlbuilder,0.697916667,0.772182254
jnr-jnr-constants,0.509433962,0.048825623
jnr-jnr-enxio,0.037634409,0.041044776
jnr-jnr-ffi,0.473478939,0.470456455
jnr-jnr-netdb,0.447916667,0.110710608
jnr-jnr-process,0.5,0.8125
jnr-jnr-unixsocket,0.427652733,0.566081871
JodaOrg-joda-collect,0.910714286,0.95751634
JodaOrg-joda-time-hibernate,0.413978495,0.547348485
JodaOrg-joda-time-i18n,0.533333333,0.761904762
johnlcox-toml4j,0.755319149,0.780068729
johnlpage-POCDriver,0.116847826,0.098669623
JohnsProject-JGameEngine,0.158780231,0.148522167
jonatan-kazmierczak-class-visualizer,0.012430939,0.017305893
jonathanhds-sql-builder,0.790123457,0.782945736
jon-hanson-parsecj,0.496062992,0.650998825
joniles-rtfparserkit,0.7,0.939347409
JoonasVali-jartin,0.013245033,0.02108678
jordw-heftydb,0.525936599,0.770373514
jprante-elasticsearch-csv,0.004347826,0.0625
jprante-elasticsearch-transport-websocket,0.122630992,0.266117479
jprante-log4j2-elasticsearch,0.340909091,0.268041237
jramoyo-indexed-file-reader,0.820512821,0.762430939
jrmelsha-keccak,0.654205607,0.748322148
jruby-joni,0.587988376,0.722552281
jsunsoftware-http-request,0.388571429,0.456856703
jtidy-jtidy,0.570034843,0.714611092
jtmelton-attack-surface-analyzer,0.070978202,0.092038707
juandesi-email4j,0.45,0.609053498
julienchastang-charts4j,0.778541953,0.840981857
julietkilo-CANBabel,0.61,0.541358936
jvirtanen-config-extras,0.75,0.7
jvitorr-Jeasier,0.034782609,0.039007092
jzy3d-jGL,0.029987866,0.047580359
k55k32-simple-codegen,0.5,0.675862069
kabutz-striped-executor-service,0.673913043,0.875
kamranzafar-jtar,0.668674699,0.766109785
KasperFranz-AntiAd,0.213793103,0.21322314
kayahr-pherialize,0.851851852,0.819277108
kazuhikoarase-jaconv,0.903225806,0.969924812
KevinStern-software-and-algorithms,0.756978654,0.87787895
kgalant-PackageBuilder,0.059055118,0.071470076
kifj-jboss-syslog,0.571428571,0.737704918
killbilling-recurly-java-library,0.29584854,0.508279221
kittylyst-ocelotvm,0.512820513,0.722854188
kklisura-props-to-constants-generator,0.892857143,0.955357143
knowm-jspice,0.579383886,0.485094851
koendeschacht-bow-utils,0.186637618,0.199457668
kohsuke-wordnet-random-name,1,0.885714286
kolchagov-java-crud-api,0.036158192,0.13530415
konsolas-ConditionalCommands,0.162055336,0.341356674
KosherJava-zmanim,0.09789823,0.172960725
kravchik-jcommon,0.454022989,0.446650124
kristofa-mock-http-server,0.875,0.871266735
kristofa-wicket-tagcloud,0.833333333,0.681818182
krpors-delver,0.116666667,0.303030303
kungfoo-geohash-java,0.866459627,0.928813559
Kurento-kurento-module-creator,0.417482061,0.513149455
Labs64-swid-generator,0.375,0.37995338
lafaspot-ja3_4java,0.807692308,0.74863388
lastfm-coverartarchive-api,0.807692308,0.866028708
LatencyUtils-LatencyUtils,0.628571429,0.775238095
lazee-freemarker-java-8,0.763157895,0.780885781
lbehnke-hierarchical-clustering-java,0.3,0.374034003
leonbloy-pngj,0.514214047,0.5834303
leonhad-paradoxdriver,0.719585561,0.778333784
leonliao-wechat-app-pay-java-sdk,0.7,0.838815789
lerndevops-samplejavaapp,0.201149425,0.207964602
levigo-jbig2-imageio,0.540322581,0.66626506
lexburner-consistent-hash-algorithm,0.533333333,0.372413793
lfkdsk-bnf-ast,0.473684211,0.753138075
liangbaika-validate,0.034539474,0.159949622
LianjiaTech-json-diff,0.884615385,0.976804124
libcoolsocket-java,0.790575916,0.902930403
LibrePDF-OpenRTF,0.112926136,0.168032787
lightoze-gwt-i18n-server,0.642585551,0.66988417
lingyejun-tick-authenticator,0.487804878,0.700892857
linux-china-plantuml-gist,0.005617978,0.021148036
linux-china-rocker-template-demo,0,0.655172414
linux-china-toolchains-maven-plugin,0.091666667,0.173423423
liqpay-sdk-java,0.613636364,0.58778626
liudongdong0909-mybatis-generator-core-fix,0.063867798,0.054913492
LiveRamp-HyperMinHash-java,0.576923077,0.5696767
lizard-framework-lizard-spi,0.3125,0.47761194
llatinov-sample-dropwizard-rest-stub,0.213114754,0.269005848
locationtech-spatial4j,0.745802239,0.831369468
loehndorf-scengen,0.065771812,0.051651809
LogisticsCraft-OcclusionCulling,0.770833333,0.697329377
logpresso-CVE-2021-44228-Scanner,0.272495756,0.316901408
loong0306-commutils4j,0.113756614,0.197168857
lrozenblyum-chess,0.893145161,0.924242424
lucaspouzac-contiperf,0.759868421,0.735294118
luigiselmi-flink-kafka-consumer,0.058823529,0.069551777
lujinfeifly-jsoncode,0.56981982,0.625199362
lukfor-pgs-calc,0.504125413,0.577555817
lyg5623-lightgbm_predict4j,0.346311475,0.369839933
m09-syllable-counter,0.75,0.942307692
macacajs-wd.java,0.131147541,0.188944724
magdel-MapNav,0.030137502,0.046882793
MagicTheGathering-mtg-sdk-java,0.528571429,0.392330383
mahjong4j-mahjong4j,0.787971458,0.94966443
makersoft-mybatis-shards,0.368995633,0.449375867
ManuelB-facebook-recommender-demo,0.538461538,0.525179856
mariazevedo88-json-formatter-validator,0.928571429,0.982832618
MarkShen1992-Mashibing_High_Concurrency,0,0.001494768
marschall-path-classloader,0.375,0.514705882
marschall-svn-diffstat,0.185344828,0.158083832
martin-g-wicket-jquery-selectors,0.602564103,0.697841727
marwin1991-keep-changelog-maven-plugin,0.079896907,0.255489022
marzn-telegrambot-japi,0.253125,0.301169591
massigerardi-ta4j-strategy-parser,0.61627907,0.751668892
Mastercard-client-encryption-java,0.85,0.948620362
mateiw-littlebasic,0.222063037,0.357359965
mattdavey-EuronextClone,0.551948052,0.48902439
matthewhorridge-mdock,0.101694915,0.101101101
mattsheppard-gethostname4j,0.5,0.666666667
maxmind-geoip-api-java,0.058446632,0.079773869
maxtomin-decimal,0.821428571,0.864811133
mdeanda-lorem,0.684210526,0.808823529
mdewilde-podcast-parser,0.13358209,0.285673919
mduerig-json-jerk,0.636792453,0.723790323
medmes-keycloak-monitoring-spi,0.607142857,0.523178808
meixuesong-aggregate-persistence,0.737931034,0.766791045
meltmedia-jgroups-aws,0.361111111,0.481308411
mesosphere-marathon-client,0.354166667,0.159722222
messai-engineering-Yuga,0.439672802,0.527085125
metamug-java-jwt,0.714285714,0.901960784
meteoinfo-wContour,0.004347826,0.007585539
MezereonXP-AnomalyDetectTool,0.81092437,0.671787709
mfathi91-persian-date-time,0.888111888,0.930232558
mhshams-jnbis,0.720588235,0.801072647
michaeltandy-log4j-json,0.863636364,0.902777778
michaelwittig-java-q,0.066481994,0.278015398
MieskeB-json-api-spring-boot,0.942622951,0.98828125
mike706574-java-map-support,0.45,0.021072797
mikera-enlight,0.469230769,0.552845528
mikera-randomz,0.36627907,0.527272727
mileshenrichs-QuiFFT,0.975609756,0.985436893
mincloud1501-DevOps,0,1
mirabeau-nl-ceddl4j,0.6,0.961937716
mixer-beam-client-java,0.239130435,0.200791296
Mixermachine-base-test,0.867021277,0.898373984
mixpanel-mixpanel-java,0.549180328,0.672131148
mjsalerno-UnoBot,0.112881806,0.155053358
mmastrac-nanojson,0.864306785,0.84336936
mocnik-science-geogrid,0.490084986,0.623318386
mokiat-java-data-front,0.71875,0.816203144
MottoX-BeanUtils,0.666666667,0.901408451
MountCloud-graphql-client,0.297619048,0.462555066
moznion-java-random-string,0.955223881,0.98089172
mpatric-mp3agic,0.684375,0.841663626
MPriess-GeoJSON-POJO,0.75,0.92173913
msarhan-ummalqura-calendar,0.602564103,0.791666667
msigwart-fakeload,0.352,0.398765432
msojocs-OmenChallengeHelper,0.033653846,0.031669866
mulesoft-labs-rhinodo,0.256756757,0.353708231
murreIsCoding-auth,0.5625,0.768518519
mvel-mvel,0.624115456,0.670153061
mwanji-toml4j,0.953517588,0.967793881
naosense-markdown-preview-sync,0,0.019002375
NawaMan-NullableJ,0.582142857,0.63540569
neil-justice-louvain,0.464788732,0.549019608
Neop-mudmap2,0.246441948,0.307459168
neo-search-multiple-string-searcher,0.847715736,0.862068966
netarchivesuite-heritrix3-wrapper,0.109289617,0.080185042
NetherlandsForensicInstitute-kafka-spout,0.858695652,0.948113208
neuland-jade4j,0.718877849,0.805405405
nicolas-raoul-jakaroma,0.787878788,0.932735426
niesfisch-java-code-tracer,0.351351351,0.342465753
NightFlightCaptain-ssm,0.025,0.034482759
Nilhcem-FakeSMTP,0.164948454,0.220720721
ning-compress,0.562674095,0.6191052
ning-tr13,0.417938931,0.47329773
NishkarshRaj-Maven-Using-CMD,0,0.666666667
noophq-subtitle,0.457920792,0.507342144
Nordstrom-nifi_terraform_generator,0.636363636,0.65066144
nothingax-micro-DB,0.610465116,0.752488688
npathai-hamcrest-optional,1,1
nurkiewicz-typeof,0.958333333,0.961038961
nutzam-nutzwx,0.025,0.025218235
nuxeo-onedrive-java-client,0.047413793,0.079478055
o19s-RankyMcRankFace,0.291237113,0.392976589
ocaffe-numero-por-extenso,0.942857143,0.858267717
offbynull-kademlia,0.65625,0.832582583
offbynull-portmapper,0.34991119,0.437390213
ogrodnek-java_fathom,0.704545455,0.759259259
olcaytaner-201-DataStructures-Java,0.074380165,0.086923658
OnlineCodex-OnlineCodex,0.000418629,0.000859823
ooxi-jdatauri,0.642857143,0.933884298
openapi-tools-swagger-maven-plugin,0.035211268,0.090062112
opendatalab-de-geojson-jackson,0.331491713,0.714689266
OpenGamma-ElSql,0.811320755,0.915555556
OpenLiberty-ci.common,0.213183731,0.283833063
openskynetwork-java-adsb,0.049457177,0.097257926
opentimestamps-java-opentimestamps,0.486284289,0.599330824
opentracing-contrib-java-concurrent,0.925,0.965217391
optimaize-command4j,0.232804233,0.43993994
OrderLab-OKLib,0.364551084,0.3739538
OrhanKupusoglu-bazelize-maven-plugin,0.041015625,0.041188386
orientechnologies-orientdb-jdbc,0.361842105,0.285498489
os72-protobuf-dynamic,0.720588235,0.909090909
oskopek-javaanpr,0.099634369,0.145113887
OWASP-json-sanitizer,0.900729927,0.970546985
Pablissimo-SonarTsPlugin,0.890243902,0.924556213
pablobastidasv-kc_security,0.233333333,0.146551724
package-url-packageurl-java,0.747081712,0.907216495
PacktPublishing--Learn-Algorithms-and-Data-Structures-in-Java-for-Day-to-Day-Applications,0.702898551,0.756493506
pagehelper-Mybatis-PageHelper,0.642533937,0.630985915
palindromicity-simple-syslog,0.396207585,0.473371429
parship-roperty,0.903614458,0.983086681
patrickfav-uber-adb-tools,0.595879556,0.823655914
patriques82-alphavantage4j,0.230769231,0.856369897
pawandubey-griffin,0.020661157,0.013872832
paypal-Gibberish-Detector-Java,0.852941176,0.752293578
pedrovgs-Algorithms,0.904805915,0.979568009
petterobam-mds2index.html,0.158823529,0.220064725
PhantomThief-thrift-pool-client,0.305555556,0.37037037
phax-as2-server,0.011627907,0.013157895
phax-ph-events,0.327956989,0.551934827
pheerathach-promptpay,0.952380952,1
philihp-weblabora,0.521611002,0.675468292
pierredavidbelanger-logback-awslogs-appender,0.233333333,0.379008746
pingcap-tidb-loadbalance,0.095150961,0.309926082
pk8est-table-printer,0.742574257,0.81595092
pouyaesm-signed-community-detection,0.672203765,0.696771175
ppke-nlpg-purepos,0.365878726,0.381985294
prat-man-unique4j,0.85,0.72173913
profesorfalken-jPowerShell,0.145833333,0.505076142
profesorfalken-jSensors,0.331578947,0.426944972
Proteus1989-Air-Explorer-Decrypter,0.657142857,0.801687764
prpatel-serverless-java-mini-workshop,0.5,0.8
psjava-psjava,0.727430556,0.776711056
purcell-jargs,0.913043478,0.837349398
PureMVC-puremvc-java-standard-framework,0.787878788,0.905405405
PvdBerg1998-PNet,0.5,0.733716475
pvto-konte-art,0.180574324,0.209425525
qala-io-java-beginner-course,0.166666667,0.265060241
qmx-jitescript,0.29787234,0.295605859
qoomon-banking-swift-messages-java,0.660091047,0.840692124
qqilihq-property-editor,0.285714286,0.364341085
qubole-qds-sdk-java,0.436440678,0.215721464
qwhai-algorithms-sort,0.915584416,0.995305164
radkovo-Pdf2Dom,0.596525097,0.746153846
RagedUnicorn-github-release-maven-plugin,0.027027027,0.031481481
ralscha-bsoncodec,0.840909091,0.860696517
random-maven-profile-activator-extension,0.011111111,0.061068702
RayDeCampo-java-xirr,0.833333333,0.885714286
raymanrt-orientqb,0.923076923,0.96350365
realexpayments-rxp-hpp-java,0.56284153,0.829656863
RealZimboGuy-ewelink-api-java,0,0.033542977
redlink-gmbh-redlink-java-sdk,0.024208566,0.038509317
renfei-ik-analyzer,0.298124383,0.386007238
resourcepool-ssdp-client,0.294736842,0.465558195
resurfaceio-logger-java,0.836734694,0.70324748
RetailMeNot-TestRailSDK,0.091743119,0.265432099
retog-wymiwyg-commons-core,0.040145985,0.07875895
retomerz-mosquito,0.064885496,0.047560976
righettod-pst-digger,0.696969697,0.643478261
RIGS-IT-sonar-xanitizer,0.873188406,0.95368171
ripreal-V8LogScanner,0.425097276,0.5829767
riversun-bigdoc,0.384146341,0.517094017
riversun-java-promise,0.741935484,0.896039604
rjohnsondev-java-libpst,0.28314799,0.373981089
rjstanford-spreedly-java,0.3,0.180084746
rjwut-ian,0.577642276,0.685514786
RKumsher-utils,0.967741935,0.996904025
rnorth-duct-tape,0.783333333,0.952173913
robert-bor-aho-corasick,0.896713615,0.925925926
RobertStewart-privateer,0.85,0.620253165
robshep-logback-logdna,0.75,0.884057971
rockt-SETH,0.206437292,0.244903506
rombert-desktop-maven-notifier,0.168316832,0.205405405
romix-java-concurrent-hash-trie-map,0.677884615,0.776
rovats-java-utils,1,0.964285714
rpau-javalang,0.351105332,0.450560015
rponte-dbunitmanager,0.625,0.22754491
rponte-pin-decrypter,0.673076923,0.865116279
rrice-java-string-similarity,0.823529412,0.915492958
rsatrio-Keycloak-Federation-ExistingDB,0.555555556,0.575949367
rtyley-animated-gif-lib-for-java,0.74120603,0.859668508
rweather-noise-java,0.540653814,0.49146451
ryenus-rop,0.936781609,0.978798587
rynr-launchpad,0.625,0.666666667
sabomichal-liquibase-mssql,0.343137255,0.396363636
sachin-handiekar-jInstagram,0.299674267,0.556321839
sagiegurari-fax4j,0.776325903,0.863060017
sailthru-sailthru-java-client,0.253521127,0.379061372
sambatriste-sql-formatter,0.336065574,0.523012552
sandflow-regxmllib,0.596444444,0.598938992
sangupta-bloomfilter,0.248407643,0.418052257
sangupta-gather,0.945979899,0.963144963
sangupta-murmur,0.979166667,0.977900552
saoj-mentabean,0.484228972,0.569852941
SAP-archive-cloud-paulpredicts,0.291954023,0.470457079
sarojaba-prettytable4j,0.951807229,0.978902954
savantly-net-log4j2-extended-jsonlayout,0.769230769,0.8
sbesada-java.math.expression.parser,0.601694915,0.677002584
sbesada-java.math.numerical.library,0.590909091,0.683622829
sblendorio-petscii-bbs,0.002839833,0.003618517
Scout24-illegal-transitive-dependency-check,0.802631579,0.917620137
scoutant-polyline-decoder,0.173469388,0.151315789
scouter-contrib-scouter-plugin-server-alert-slack,0.24,0.177966102
scubajorgen-FitReader,0.78372093,0.861024033
sd4324530-JTuple,0.848484848,0.915730337
sdorra-shiro-unit,0.9,0.921052632
seahen-maven-s3-wagon,0.053030303,0.114084507
seaswalker-netty-wheel,0.529761905,0.731825525
sedran-moment4j,1,1
seintur-jmixer,0.526315789,0.668016194
serg472-htmlcompressor,0.362453532,0.367791077
sgoertzen-sonar-break-maven-plugin,0.185185185,0.422222222
sgreben-regex-builder,0.808510638,0.55399568
shapesecurity-salvation,0.908584169,0.972303207
shazam-shazamcrest,0.841584158,0.871101871
shibing624-crf-seg,0.01150203,0.00680967
shipilev-jdk-backports-monitor,0.08115942,0.035986159
shred-commons-xml,1,1
shreyasht-java8-validator,0.621212121,0.802083333
Shunshun94-discord-bcdicebot,0.379496403,0.417493797
SiftScience-kafka-assigner,0.578571429,0.545189504
sigopt-sigopt-java,0.7,0.47740113
silentsoft-oss-notice-file-generator,0.775,0.94980695
SimpleAstronomy-simple-astronomy-lib,0.958333333,0.777777778
SimpleFinance-kafka-dropwizard-reporter,0.5,0.539473684
simplesteph-kafka-connect-github-source,0.214285714,0.204927212
simplymequeeny-json-string-schema-generator,0.928571429,0.982142857
sinrimin-netty-socketio-client,0.145785877,0.360383944
sjbutler-idtk-j,0.344594595,0.623430962
skayvanfar-cheetah,0.010298661,0.007289294
skyscreamer-JSONassert,0.857954545,0.917785235
slub-urnlib,0.855421687,0.952861953
smallnest-fastjson-jaxrs-json-provider,0.397058824,0.529411765
smartrics-RestFixture,0.716049383,0.787946429
smartystreets-smartystreets-java-sdk,0.541516245,0.609058403
smitajit-es-rest-mock,0.802325581,0.881632653
smola-galimatias,0.819578828,0.898018648
smsapi-smsapi-java-client,0.04494382,0.030431706
sndyuk-logback-more-appenders,0.468586387,0.578790882
sofastack-sofa-hessian,0.232309285,0.272014207
softlayer-softlayer-java,0.073834638,0.007325311
solita-functional-utils,0.269201521,0.124627862
Sonal0409-DevOpsCodeDemo,0.201149425,0.207964602
SonarSource-sonar-auth-bitbucket,0.871794872,0.980861244
sonatype-heuristic-version,0.283146067,0.419510061
sonian-elasticsearch-jetty,0.572347267,0.72063854
soot-oss-heros,0.419923372,0.592702904
sorra-TraceSonar,0.184563758,0.185185185
sparkapi-SparkJava,0.578512397,0.801980198
spdx-Spdx-Java-Library,0.663081696,0.75
spinscale-elasticsearch-graphite-plugin,0.705128205,0.842406877
spoofzu-DeepViolet,0,0.045622688
spotify-annoy-java,0.7125,0.793650794
spotify-async-datastore-client,0.461538462,0.368017525
spotify-futures-extra,0.942857143,0.939393939
spotify-simple-bigtable,0.833333333,0.683937824
spotify-ssh-agent-proxy,0.359649123,0.598802395
springml-salesforce-wave-api,0.382352941,0.675036928
SpringStudent-GyJdbc,0.298913043,0.403055229
spullara-cli-parser,0.838709677,0.799479167
spyhunter99-installcert,0.089552239,0.117880795
square-gifencoder,0.304347826,0.400793651
square-osstrich,0.011494253,0.007853403
square-pagerduty-incidents,0.857142857,0.908256881
sranka-jdbcimage,0.07073509,0.045550847
srikanth-lingala-zip4j,0.174132139,0.201340782
sritejakv-splitwise-java,0.166666667,0.38277512
ssedano-jump-consistent-hash,0.833333333,0.857142857
starkbank-ecdsa-java,0.448369565,0.563016529
StarlangSoftware-Corpus,0.426395939,0.403041825
StarlangSoftware-TurkishPropBank,0.235849057,0.448717949
StarlangSoftware-TurkishSentiNet,0.842105263,0.788321168
stefanbirkner-fake-sftp-server-rule,0.964285714,0.886792453
steveash-jopenfst,0.747114376,0.859657948
stevespringett-CPE-Parser,0.924437299,0.973713034
stevespringett-cvss-calculator,0.69047619,0.938211382
stevespringett-owasp-risk-rating-calculator,0.519230769,0.93993994
stevespringett-threatmodel-sdk,0.514563107,0.211389522
stoicflame-ofx4j,0.306990881,0.257939582
str4d-ed25519-java,0.623700624,0.899147015
streamx-co-ExTree,0.536567164,0.692654349
stripe-interview-java-interview-prep,0,0.25
studerw-td-ameritrade-client,0.302380952,0.451768898
stupid1t-poi-excel,0.213759214,0.221574344
supercargo-guice-persist-jooq,0.659090909,0.792
SValentyn-Payment-Management-System,0,0.022338499
SvenEwald-xmlbeam,0.441429732,0.513795822
svenkubiak-jBCrypt,0.708333333,0.901960784
Sweetiee-yi-Jaba,0.774647887,0.864795918
swri-robotics-bag-reader-java,0.413857678,0.525286581
sysco-middleware-kafka-client-collector,0.631578947,0.756097561
szagriichuk-search-api,0.092307692,0.465116279
tacitknowledge-jcr-mock,0.91025641,0.988439306
TakahikoKawasaki-nv-websocket-client,0.130774236,0.136084774
takari-directory-watcher,0.191780822,0.216138329
tauris-io-expression,0.56718529,0.701841712
taxjar-taxjar-java,0.866666667,0.933070866
tbuktu-ntru,0.656438026,0.664508671
tchristofferson-Config-Updater,0.754237288,0.821276596
tcurdt-hadoop-lzo-java,0.547619048,0.611764706
tcurdt-jdependency,0.797297297,0.848979592
tdebatty-java-LSH,0.298701299,0.27613941
tdebatty-java-string-similarity,0.883928571,0.777945619
tdunning-anomaly-detection,0.153846154,0.180952381
tdunning-bandit-ranking,0.26,0.317982456
tdunning-open-json,0.913525499,0.929305913
teaey-apns4j,0.103174603,0.090909091
telefonicaid-netphony-network-protocols,0.545780198,0.6948187
tencentyun-cos-java-sdk-v4,0,0.004435683
tenlee2012-elasticsearch-analysis-demo,0.148648649,0.407258065
tfredrich-DateAdapterJ,0.772727273,0.817204301
ThangLeQuoc-aqi-calculator,0.863636364,0.953367876
TheBlackChamber-commons-encryption,0.469827586,0.557251908
theborakompanioni-thymeleaf-extras-shiro,0.848214286,0.920588235
TheCookieLab-poloniex-api-java,0.075,0.088636364
thegedge-java-radix-tree,0.638297872,0.711934156
TheHolyWaffle-TeamSpeak-3-Java-API,0.077411168,0.039647577
ThinkingDataAnalytics-java-sdk,0.313131313,0.299866131
thomasmueller-tinyStats,0.878934625,0.89375
ThoughtWire-hazelcast-locks,0.613207547,0.671428571
threedr3am-dubbo-exp,0.006289308,0.066616766
threefish-nutz-sqltpl,0.4,0.251184834
threerings-react,0.51734104,0.672566372
thundra-io-thundra-lambda-warmup,0.486486486,0.691876751
thymeleaf-thymeleaf-itutorial,0,0.096774194
TiBeN-ia-rcade,0.321995465,0.241780822
tking-JSTUN,0.060822898,0.06506633
tkutcher-jgrade,0.594444444,0.621848739
TNG-property-loader,0.916666667,0.883084577
tobyweston-Refactoring-Chapter-1,0.833333333,0.833333333
tommyettinger-BlazingChain,0.291666667,0.322456814
tomsik68-mclauncher-api,0.031073446,0.035087719
TongxiJi-shadowsocks-java,0.042666667,0.029433407
tonikolaba-BatBat-Game,0.073684211,0.184038378
tony19-named-regexp,0.843373494,0.95982906
tonydeng-fmj,0.03125,0.059375
tonysparks-leola,0.395088094,0.473317865
toolbox4minecraft-amidst,0.0940472,0.184325785
ToryZhou-design-pattern,0.07879925,0.778900112
traiana-kafka-spiffe-principal,0.75,0.714285714
trganda-yaml2http,0.511013216,0.632352941
Trigary-AdvancementCreator,0.409395973,0.457570715
triologygmbh-reCAPTCHA-V2-java,1,0.983333333
trystan-AsciiPanel,0.494318182,0.60899654
tud-fop-j-Algo,0.002570208,0.001360615
tupilabs-tap4j,0.90530303,0.944723618
tv2norge-collab-java-serf-client,0.085714286,0.059245961
tvesalainen-bcc,0.121772505,0.129554656
Twasi-twasi-core,0.027777778,0.028176796
typesafehub-netty-http-pipelining,0.8,0.859375
uber-common-jvm-profiler,0.490131579,0.55715658
udger-udger-java,0.14713217,0.477824268
uia4j-uia-sim,0.708737864,0.835140998
uklimaschewski-JMXWrapper,0.770491803,0.918699187
ukman-kolobok,0.205128205,0.265100671
unitsofmeasurement-unit-ri,0.391748192,0.608563536
unruly-java-8-matchers,0.636363636,0.830845771
upyun-java-sdk,0.272511848,0.346063455
usingsky-KoreanLunarCalendar,0.540816327,0.838565022
usnistgov-Lineage-Mapper,0.539585871,0.487131865
valery1707-kaitai-maven-plugin,0.284210526,0.492031873
valfirst-jbehave-junit-runner,0.893617021,0.978540773
vangj-jbayes,0.805054152,0.8998779
VaughnVernon-mockroservices-java,0.515625,0.683241252
vaulttec-sonar-auth-oidc,0.807692308,0.921348315
vdurmont-emoji-java,0.841025641,0.934472934
vdurmont-etaprinter,0.692307692,0.801980198
vdurmont-semver4j,0.866359447,0.941471572
venushka-jmxeval,0.928571429,0.954898911
VerbalExpressions-JavaVerbalExpressions,0.890909091,0.994011976
verilylifesciences-genomewarp,0.537821483,0.623081841
vibur-vibur-object-pool,0.588888889,0.676
victor-porcar-delayed-batch-executor,0.652173913,0.772861357
victorrentea-clean-code-dive,0.275,0.238888889
vidageek-crawler,0.74137931,0.724031008
vidstige-jadb,0.660714286,0.756240822
vincentrussell-java-ini-parser,0.803921569,0.933333333
vinhkhuc-lbfgs4j,0.405750799,0.616363636
visenze-visearch-sdk-java,0.652631579,0.739416745
vitalidze-chromecast-java-api-v2,0.311010216,0.444191344
vivekragunathan-JINQ,0.34375,0.507782101
vizor-games-infraworld-cornerstone,0.210678211,0.136740331
volkodavs-secret-santa,0.829268293,0.939814815
volodya-lombrozo-hg-revision-plugin,0.787878788,0.996350365
w3blogfr-zebra-zpl,0.229508197,0.321005917
walmartlabs-gozer,0.816120907,0.908139535
wavefrontHQ-wavefront-fdb-tailer,0.3,0.345498783
wavefrontHQ-wftop,0.15860735,0.319010417
waynedyck-gwt-gantt,0.061791967,0.062316716
wcnwyx-gm-encryption,0.833333333,0.837209302
wdtinc-mapbox-vector-tile-java,0.357086302,0.458542229
wealthfront-thompson-sampling,0.734375,0.928961749
weaverj-erserver,0.105,0.071082391
webbynet-protostuff-runtime-proto,0.698924731,0.768595041
webjars-webjars-locator,0.754901961,0.854330709
weblyzard-nilsimsa,0.933333333,0.935897436
webmate-io-webmate-sdk-java,0.006543075,0.131180626
WebThingsIO-webthing-java,0.055147059,0.084978541
Wedjaa-JavaAnsibleVault,0.677419355,0.849840256
weibocom-yar-java,0.48241206,0.653526971
welk1n-ReverseShell-Java,0,0.534883721
wepay-WePay-Java-SDK,0.00177305,0.008849558
weswilliams-GivWenZen,0.526645768,0.672877847
whizzosoftware-WZWave,0.554153523,0.625250501
william-ferguson-au-asymmetric-crypto,0.276595745,0.389690722
wiqer-ef-redis,0.047747748,0.046481178
wmixvideo-bradesco-boleto-registro,0.5875,0.160233918
wolf-yuan-6115-flowermoon,0.008187135,0.006089604
woodpecker-appstore-yonyou-nc-decrypter,0.5,0.518324607
Workday-timeseries-forecast,0.81420765,0.928362573
wso2-config-mapper,0.755060729,0.867584746
wstrange-GoogleAuth,0.526785714,0.739130435
xcbeyond-ConferenceTrackManagement,0.15,0.130177515
Xchuanshuo-LiteNESEmulator,0.040983607,0.051143451
xcsp3team-XCSP3-Java-Tools,0.207741533,0.27016844
xianfengyi-ExprEngine,0.403693931,0.564924115
xiangbohua-scales-bridge,0.194444444,0.330188679
xingePush-xinge-api-java,0.5,0.524492234
xjodoin-torpedoquery,0.712,0.809112333
xnnyygn-dynamic-log-level,0.5,1
xspec-xspec-maven-plugin-1,0.422764228,0.578782172
xuanbo-dag-executor,0.7,0.76744186
xuminwlt-j360-tools,0.043710021,0.046932742
XUranus-lightsocks-java,0.012658228,0.042372881
yagarea-java-chat,0.109375,0.151202749
yanceyZhang-wx-chatbot,0.45,0.661354582
yfpeng-pengyifan-leetcode,0.531362007,0.591260504
yichen0831-OpenCC-Java,1,0.932773109
yinlou-mltk,0.097981108,0.131870801
yomorun-hashids-java,0.684782609,0.812865497
ysc-word,0.339573357,0.319834413
Yubico-yubico-j,0.666666667,0.686666667
yuqi1129-calcite-test,0.070618465,0.11382732
yurelle-Base45Encoder,0.90625,0.956521739
zafarkhaja-jsemver,0.910662824,0.928395062
zalando-stups-java-sproc-wrapper,0.264705882,0.293540751
zeroturnaround-maven-jrebel-plugin,0.152238806,0.206039076
Zettelkasten-Team-Zettelkasten,0.040208208,0.041306212
zhaolihe-useragent-parser,0.489932886,0.57320442
zhining-lu-netty-websocket-proxy,0.048192771,0.031201248
zhixiangli-code-similarity,0.944444444,0.948051948
ZhongAnTech-dmds,0.006514908,0.006788752
zhongxunking-sync,0.460144928,0.469792606
zhoujianling-PointCloudUtilities,0.721082855,0.792164179
ZsBT-mrz-java,0.69787234,0.856443719
ztelur-consistent-hash-algorithm,0.145631068,0.160305344
afranken-jmeter-analysis-maven-plugin,0.477900552,0.704946996
agiledon-payroll-ddd,0.365079365,0.49754902
agoncal-agoncal-application-petstore-ee7,0.16064257,0.031360947
alanhay-html-exporter,0.553738318,0.579710145
albfernandez-itext2,0.366326046,0.457461175
alexnederlof-Jasper-report-maven-plugin,0.620689655,0.658682635
amazon-archives-aws-ssm-java-caching-client,0.522727273,0.96
amzn-amazon-pay-api-sdk-java,0.479768786,0.5317139
apache-commons-jxpath,0.680851064,0.775052192
apache-maven-clean-plugin,0.289325843,0.271689498
apache-maven-compiler-plugin,0.273775216,0.375516956
apache-maven-deploy-plugin,0.33423913,0.424460432
apache-maven-shade-plugin,0.299351797,0.333444928
apache-maven-war-plugin,0.503472222,0.652068127
apache-sling-org-apache-sling-query,0.819085487,0.856831395
arangodb-jackson-dataformat-velocypack,0.733333333,0.650429799
Ardesco-Query,0.847826087,0.920634921
arnaugarcia-sallefy,0.21884058,0.128054165
aseldawy-spatialhadoop2,0.28375576,0.291951938
azige-moebooru-viewer,0.004424779,0.039323046
berlam-github-bucket,0.03663274,0.069295458
binance-binance-futures-connector-java,0.536,0.59798995
bingoohuang-excel2javabeans,0.61754386,0.888619855
bkatwal-kafka-solr-sink-connector,0.098765432,0.231707317
blackdoor-hate,0.301886792,0.877470356
blinkfox-jpack-maven-plugin,0.415512465,0.522417154
bruceran-krpc,0.11295255,0.124959962
CeON-spark-utils,0.75,0.753424658
chenjianjx-swagger2html,0.523255814,0.734375
chyxion-table-to-xls,0.739837398,0.875717017
cliang97-HealthReport-WUT,0,0.492537313
code4craft-xsoup,0.557471264,0.579262213
codeforamerica-pdfparser,0.18556701,0.400793651
codeine-cd-codeine,0.103601781,0.072671555
codelibs-elasticsearch-dataformat,0.575892857,0.727592267
confluentinc-castle,0.25398313,0.204021448
Cryptonomica-cryptonomica,0,0.001629147
ctapweb-AutoSubClause,0.35046729,0.394517282
CycloneDX-cyclonedx-maven-plugin,0.683615819,0.826955075
daimuuc-CampusLife-SSM-,0.012345679,0.017599437
dano-vertx-zeromq,0.769230769,0.927125506
davidmoten-rtree-multi,0.90960452,0.953362256
DenzelCode-AdvancedSQL,0.008264463,0.01682243
devopshydclub-vprofile-project,0.029411765,0.072368421
devopshydclub-vprofile-repo,0.083333333,0.359550562
dgroup-laconic-velocity,0.785714286,0.870229008
digitalpetri-opc-ua-nodeset-parser,0.333333333,0.32967033
dnsjava-dnsjava,0.657277848,0.688928766
drmacro-wordinator,0.653807107,0.751727116
dropwizard-dropwizard-health,0.486111111,0.824427481
eBay-FeedSDK,0.180904523,0.141099262
ECharts-Java-ECharts-Java,0.000148756,0.076109937
edgexfoundry-support-rulesengine,0.103448276,0.391780822
eolinker-sql2dsl,0.276595745,0.458628842
etsy-statsd-jvm-profiler,0.456375839,0.558044807
eyp-serfj,0.542955326,0.598163031
ferstl-pedantic-pom-enforcers,0.746031746,0.887530562
ferstl-spring-jdbc-oracle,0.349056604,0.268722467
finn-no-retriable-kafka-consumer,0.782608696,0.751937984
floppylab-markdown2document,0.238095238,0.414529915
flowscolors-kube-eventer4j,0.048913043,0.233438486
fortitudetec-sonar-ruby-plugin,0.761363636,0.813211845
fusion-jena-JaroWinklerSimilarity,0.738636364,0.853658537
gesellix-Nimbus-JOSE-JWT,0.498381877,0.661851609
getodk-javarosa,0.585143749,0.622653584
gherynos-secrete,0.274193548,0.458432304
gini-dropwizard-gelf,0.5,0.614814815
googleapis-java-spanner-jdbc,0.719626168,0.81329735
google-closure-stylesheets,0.663341646,0.81033306
Graylog2-gelfclient,0.588709677,0.796780684
gturri-aXMLRPC,0.413580247,0.535657686
guoliao502-crypto,0.4,0.586538462
HdrHistogram-HdrHistogram,0.597692308,0.722235266
hevoio-recoverable-kafka-producer,0.04368932,0.11942959
hkhcoder-vprofile-project,0.029411765,0.072368421
hoereth-springfox-enum-plugin,0.714285714,0.819277108
huangp-entityunit,0.73566879,0.868585732
iamazy-elasticsearch-sql2,0.355514479,0.536594473
icon-Systemhaus-GmbH-javassist-maven-plugin,0.292372881,0.437641723
idealo-logback-redis,0.779411765,0.872093023
igniterealtime-openfire-hazelcast-plugin,0.059659091,0.03892493
igniterealtime-tinder,0.358585859,0.429852321
imadcn-idworker,0.636363636,0.789889415
Imaginary11-bionic-utils,0.120547945,0.224043716
intuit-graphql-filter-java,0.431623932,0.690017513
jagrosh-Vortex,0.011494253,0.009919944
jarslab-babel-maven-plugin,0.666666667,0.867521368
jdubois-spring-on-azure,0.099206349,0.096307024
jedicontributors-jedi-kafka-client,0.169811321,0.363636364
jenkinsci-custom-distribution-service,0.6875,0.788732394
jessin20161124-miniDubboOpen,0,0.024072217
JetBrains-jetCheck,0.751677852,0.883002208
jingpeicomp-id-generator,0.590206186,0.805954825
jitsi-otr4j,0.310810811,0.499350227
jjohannes-gradle-module-metadata-maven-plugin,0.262626263,0.521348315
JodaOrg-joda-time,0.817197835,0.904051886
joelittlejohn-embedmongo-maven-plugin,0.193181818,0.209737828
jottley-spring-social-salesforce,0.184615385,0.548648649
jriecken-gae-java-mini-profiler,0.301282051,0.354166667
jsolve-templ4docx,0.415185784,0.550913838
justauth-JustAuth,0.277573529,0.383070301
kapoorlabs-kiara,0.605295567,0.812030075
keith0591-pgp-encryption,0.5625,0.827586207
kevin-wang001-mockj,0.449438202,0.770780856
koen-serneels-ws-proxy,0.408695652,0.313645621
koraktor-steam-condenser-java,0.236571429,0.282397004
krullert-universe,0.533412483,0.599975967
LarryDpk-Google-Bard,0.761904762,0.846846847
lastaflute-lastaflute,0.136519303,0.127682569
lightningMan-flash-netty,0.004716981,0.142857143
linked-solutions-jarql,0.483870968,0.623076923
lucidworks-spark-solr,0.258705114,0.397917041
lzgabel-camunda-cloud-bpmn-converter,0.19579288,0.822666667
marcosvidolin-doco,0.75,0.711409396
Maschell-JNUSLib,0.127777778,0.261072988
Mastercard-oauth1-signer-java,0.826530612,0.870722433
matthewhorridge-owlexplanation,0.062883436,0.095595596
mbizhani-Adroit,0.441640379,0.483315954
messenger4j-messenger4j,0.137957317,0.850272232
microsoft-AppCenter-Test-Appium-Java-Extensions,0.472222222,0.473837209
mlieshoff-jcrapi,0.867088608,0.992599901
momosecurity-mosec-maven-plugin,0.12,0.217821782
monitorjbl-excel-streaming-reader,0.699680511,0.591004184
mraible-jhipster6-demo,0.091240876,0.098664688
mvpjava-springboot-JUnit5-tutorial,0,0.137254902
mybatis-mapper-provider,0.506535948,0.683566434
myui-btree4j,0.238020833,0.372044018
named-data-jndn,0.295091901,0.304548772
narupley-not-going-to-be-commons-ssl,0.402690206,0.40528287
naver-lucy-xss-servlet-filter,0.8359375,0.94095941
neilswainston-FragGenie,0.605263158,0.754347826
netceteragroup-trema-core,0.612756264,0.738488271
nla-outbackcdx,0.478078078,0.595772443
NLP2RDF-NIF-lib,0.60106383,0.802083333
NLPchina-ansj_seg,0.591431095,0.681995483
NovatecConsulting-BeanTest,0.763888889,0.934210526
octavian-h-time-series-math,0.855128205,0.957671958
ohioit-rundeck-http-plugin,0.85,0.928315412
open-eid-cdoc4j,0.544147844,0.693363844
osglworks-java-tool,0.356429463,0.411560191
pascalgn-jiracli,0.290917069,0.341703427
PawelGorny-lostword,0.22080292,0.298561151
peterbencze-serritor,0.269430052,0.27192429
PeterisP-morphology,0.652051362,0.624459121
phylogeography-spread,0.320844327,0.445374133
pmlopes-aws-lambda-native-vertx,0,0.06741573
printingin3d-javascad,0.875126904,0.90926276
Progether-JAdventure,0.362467866,0.514237144
purecloudlabs-elasticsearch-lambda,0.147826087,0.196571429
qiurunze123-Designpattern,0,0.000962464
razorpay-razorpay-java,0.67826087,0.850666667
reecetech-bamboo-specs,0.200589971,0.328784119
reinert-JJSchema,0.657608696,0.705091258
revdotcom-revai-java-sdk,0.661202186,0.555555556
rex-soft-rexdb,0.141643059,0.145617667
rohanpadhye-vasco,0.468604651,0.609675282
ronmamo-reflections,0.613668061,0.719592134
RTBHOUSE-avro-fastserde,0.825938567,0.843558282
ruddell-jhipster-chat-example,0.150943396,0.108571429
scipr-lab-dizk,0.540473225,0.703028275
Scout24-spring-boot-rpm-maven-plugin,0.25,0.223214286
scylladb-kafka-connect-scylladb,0.054989817,0.138437742
seansegal-tincisnotcatan,0.306416727,0.311217693
secure-software-engineering-sootdiff,0.087628866,0.085616438
sevntu-checkstyle-dsm-maven-plugin,0.791666667,0.91005291
simbo1905-root-objects,0.391304348,0.836734694
simonnagl-netdata-java-orchestrator,0.549180328,0.529986053
simplenlg-simplenlg,0.654162553,0.742005958
smartsheet-platform-smartsheet-java-sdk,0.478547855,0.515205725
spriet2000-vertx-handlers-http,0.0625,0.078571429
SumoLogic-sumologic-kinesis-connector,0.126666667,0.228177642
Supera-Inovacao-Tecnologia-PS-Java,0,1
TakahikoKawasaki-nv-i18n,0.830985915,0.916228531
takari-maven-profiler,0.4,0.675925926
takashi-ishio-selogger,0.435978836,0.575321726
tarql-tarql,0.612565445,0.633596392
tcurdt-jdeb,0.604705882,0.72160464
tecsinapse-tecsinapse-data-io,0.621197252,0.732992327
terrestris-shogun-legacy,0.014802632,0.008730447
Thare-Lam-fast-elasticsearch-query-builder,0.625,0.833333333
thomasmueller-minperf,0.403368794,0.392962744
thrau-jarchivelib,0.897435897,0.905380334
tripluo-jrouter,0.661323681,0.769889065
twitter-twitter-korean-text,0.433281005,0.71163868
undera-perfmon-agent,0.520576132,0.647267566
unitsofmeasurement-uom-se,0.362510322,0.490288011
unruly-control,0.403508772,0.504032258
urbanairship-datacube,0.506067961,0.662953795
vasia-gelly-streaming,0.269565217,0.31942446
vmzakharov-dataframe-ec,0.811308767,0.861331051
wang007-vertx-start,0.239336493,0.222040816
wechatpay-apiv3-CertificateDownloader,0,0.072727273
wttech-Maven-CRX-Plugin,0.109375,0.191919192
wuba-LPA-Detector,0.5,0.510135135
xebia-Xebium,0.261235955,0.234541578
ycdtbs-Face-recognition-login,0.020408163,0.090301003
zeroturnaround-zt-process-killer,0.310344828,0.405034325
zhuweitung-banana-helper,0.004250797,0.029296875
Zlika-reproducible-build-maven-plugin,0.31920904,0.452254642
zman2013-scuttlebutt,0.8,0.958333333
opennars-opennars,0.723727924,0.786431291
red6-pdfcompare,0.366666667,0.396782842
StarlangSoftware-TurkishMorphologicalDisambiguation,0.489383215,0.388655462
StarlangSoftware-TurkishWordNet,0.144843569,0.140795382
520github-fw-parallel-task,0.730769231,0.709433962
acegi-xml-format-maven-plugin,0.309782609,0.541076487
Afrozaar-wp-api-v2-client-java,0.185,0.220772159
AgNO3-jcifs-ng,0.093011689,0.120217166
agrison-redux4j,0.625,0.779069767
AlanDelip-SpringBoot-Template,0.442857143,0.711711712
AlexP11223-JavaSpringMvcBlog,0.219387755,0.376623377
alibaba-rsocket-broker-rsocket-broker-gateway-mqtt,0.095238095,0.067114094
almson-almson-refcount,0.270072993,0.523219814
amazon-archives-aws-dynamodb-stream-eventbridge-fanout,0.8,0.444444444
apache-commons-compress,0.75284738,0.868495781
apache-commons-imaging,0.645197424,0.77658254
apache-dubbo-hessian-lite,0.252907943,0.314100586
apache-flink-benchmarks,0.000830762,0.000904068
apache-maven-help-plugin,0.233663366,0.245810056
apache-maven-install-plugin,0.306818182,0.424403183
apache-maven-jar-plugin,0,0.030172414
apache-maven-jarsigner-plugin,0.394495413,0.492227979
apache-maven-shared-utils,0.570982143,0.647138229
apache-maven-site-plugin,0.079245283,0.085736555
apache-maven-source-plugin,0.195,0.301948052
apache-sling-org-apache-sling-dynamic-include,0.460784314,0.336032389
Appdynamics-redis-monitoring-extension,0.551724138,0.588744589
AshisRaj-cucelastic-maven-plugin,0.362204724,0.527872582
awslabs-aws-glue-catalog-sync-agent-for-hive,0.000120768,0.000344535
Azure-Samples-cassandra-proxy,0.03440367,0.06754386
binance-binance-connector-java,0.674008811,0.731229077
bkatwal-kafka-util,0.375,0.652173913
blinkfox-zealot,0.716292135,0.862419206
casbin-jcasbin,0.693625119,0.753398058
cimiano-tbx2rdf,0.465034965,0.553763441
cloudbees-oss-zendesk-java-client,0.202247191,0.158559304
codelibs-elasticsearch-langfield,0.61025641,0.724317295
codelibs-jcifs,0.058869154,0.07538094
contentful-contentful-management.java,0.691648822,0.894230769
Coreoz-PPT-Templates,0.180851064,0.282051282
Coveros-GitHub-Sandbox-selenified,0.348275862,0.330780685
craigwblake-redline,0.539033457,0.648833034
crossoverJie-distributed-redis-tool,0.62962963,0.73964497
damnhandy-Handy-URI-Templates,0.804545455,0.865779927
danielwegener-logback-kafka-appender,0.666666667,0.742857143
DataDog-jmeter-datadog-backend-listener,0.375,0.417989418
davidmoten-aws-maven-plugin,0,0.013944223
davidmoten-bplustree,0.827102804,0.932984293
davidmoten-rtree,0.796778191,0.836321839
davidmoten-rtree2,0.801680672,0.89298893
davidmoten-rxjava-jdbc,0.553030303,0.647139588
davidmoten-word-wrap,0.957746479,0.988023952
dgroup-docker-unittests,0.596385542,0.709077381
dhananjaypatkar-kafka-connect-phoenix,0.1,0.104166667
dikhan-pagerduty-client,0.277777778,0.664440735
domclick-kafka-logback,0.7,0.789473684
dreezey-argon2-password-hash-provider,0.35,0.498054475
etsy-arbiter,0.435294118,0.506918239
ExpediaGroup-datasqueeze,0.080717489,0.141581633
facebook-facebook-java-business-sdk,0.006650996,0.005867725
FAIRdom-RightField,0.377476538,0.38379567
ferstl-depgraph-maven-plugin,0.737940026,0.84579195
flipkart-incubator-databuilderframework,0.524096386,0.746188341
Fundynamic-dune2themaker4j,0.658105023,0.775865778
gatanaso-multiselect-combo-box-flow,0.476744186,0.586319218
getgauge-contrib-gauge-maven-plugin,0.644736842,0.612676056
gongdaowen-ofdparser,0.575971731,0.771121352
graphstream-gs-algo,0.339812815,0.349761303
hazelcast-hazelcast-azure,0.721518987,0.879098361
hsiafan-apk-parser,0.387312187,0.504975124
IBlogLab-enhance-gateway,0.012057272,0.017919888
ifpe-cti-saudegaranhuns,0.042857143,0.048064919
iipc-webarchive-commons,0.373337766,0.402729666
indrabasak-bouncycastle-fips-examples,0.166666667,0.747252747
iorga-group-debattons,0.104166667,0.102229055
iost-official-java-sdk,0.492917847,0.675518672
jahlborn-jackcessencrypt,0.589430894,0.769306931
janssk1-maven-graph-plugin,0.808219178,0.882222222
JaroslavTulach-SelfGraal,0.747058824,0.883745963
JCVenterInstitute-VIGOR4,0.139172488,0.183007894
jericks-geoserver-shell,0.623106061,0.911460488
jericks-parboiled-wkt,0.852691218,0.732922732
jfaster-mango,0.5299511,0.639898563
jghoman-haivvreo,0.56870229,0.716549296
jklingsporn-vertx-push-onesignal,0.095238095,0.248062016
jpenren-thymeleaf-ui-dialect,0.537974684,0.845394737
kamaladafrica-codice-fiscale,0.816770186,0.938640133
keighrim-mae-annotation,0.251520417,0.239268222
keikai-dev-ref,0.015700483,0.024893918
kevin-wang001-poi-el,0.054166667,0.062809917
klakegg-pkix-ocsp,0.828571429,0.920382166
Kuangcp-NettyBook2,0,0.007965483
Kugin-data-reconciliation,0.096153846,0.726315789
kwart-demo-kerberos-in-java,0.157894737,0.121848739
liuanxin-api-document,0.02526003,0.079959514
L-PLUM-ContractDetection,0.327660802,0.478384852
mailjet-mailjet-apiv3-java,0.191358025,0.18054837
mambu-gmbh-Mambu-APIs-Java,0.03925099,0.094530722
matthiaszimmermann-ethereum-paper-wallet,0.620689655,0.77484787
maven-nar-nar-maven-plugin,0.11509716,0.179292929
mbronshteyn-quarkus-jdbi-project,0.212765957,0.290836653
mercadopago-sdk-java,0.141366224,0.696475771
mikera-mikera,0.502116284,0.474750469
monkeymq-jgossip,0.071428571,0.317647059
MRPanyu-excel-imp-exp,0.719827586,0.825910931
msanez-sonar-branch-community,0.909090909,0.987096774
mulesoft-catalyst-mule-sonarqube-plugin,0.093264249,0.113069016
murfffi-zebra4j,0.60989011,0.905608755
mvallim-emv-qrcode,0.98603352,0.993176649
nicoulaj-checksum-maven-plugin,0.060693642,0.133414933
novotnyradek-fred-client,0.408450704,0.426363246
NTTDATA-EMEA-QAT-cherry,0.637931034,0.69035533
open-dis-open-dis-java,0.06430652,0.179827798
opengeospatial-ets-ogcapi-features10,0.397849462,0.536277603
openhkr-hkr-si,0.105115907,0.268928843
orphan-oss-launch4j-maven-plugin,0.085443038,0.188705234
OWASP-OWASP-WebScarab,0.000396825,0.000850306
palatable-lambda,0.768608414,0.876417234
palatable-shoki,0.880208333,0.972035794
plutext-docx4j-export-FO,0.21978022,0.333333333
pmckeown-dependency-track-maven-plugin,0.873134328,0.960378984
qzw1210-JustAuth,0.212765957,0.130340725
reactiverse-vertx-maven-plugin,0.234067207,0.324082785
retest-recheck.cli,0.168067227,0.130901288
ricksbrown-jgenhtml,0.694139194,0.823876197
romanb-JPA-NestedSet,0.592178771,0.707272727
Sayi-swagger-diff,0.81025641,0.934054054
schnatterer-musicbrainzws2-java,0.304159734,0.397509304
SchweizerischeBundesbahnen-springboot-graceful-shutdown,0.7,0.769230769
SecureSkyTechnology-burpextender-proxyhistory-webui,0.095744681,0.359050445
semuxproject-evm,0.675138122,0.876503892
sgoeschl-freemarker-cli,0.656050955,0.816411683
smartics-smartics-jboss-modules-maven-plugin,0.203219316,0.298532495
SonarSource-sonar-auth-github,0.938461538,0.979522184
SpoonLabs-CoCoSpoon,0.882352941,0.947058824
SpoonLabs-spooet,0.468085106,0.659340659
spotify-hdfs2cass,0.099273608,0.100421941
stackify-stackify-metrics,0.54887218,0.565965583
swagger-api-swaggerhub-maven-plugin,0.696428571,0.915702479
swtcpro-jingtum-lib-java,0.038799076,0.050338534
takari-takari-local-repository,0.599537037,0.617428268
talios-coffee-maven-plugin,0.040816327,0.141414141
topwingo-zeroFlow,0.166666667,0.43338438
uPortal-Project-WebproxyPortlet,0.185354691,0.230164403
uprotocol-platform-java,0.722543353,0.84370258
uwolfer-gerrit-rest-java-client,0.377652051,0.581253466
vashishthask-eclipse-to-maven,0.198924731,0.422619048
vert-x3-vertx-maven-starter,0,1
vmware-vrops-export,0.263908702,0.271435819
wnameless-workbook-accessor,0.957746479,0.963265306
wxynihao-book118-downloader,0.65,0.792792793
xdwangwei-atguigu_ssm_crud,0,0.004310345
yegor256-cactoos,0.904255319,0.906397483
YuboLong-MyLive,0.004731861,0.03021978
zalandoresearch-zap,0.63372093,0.597181009
zencoder-zencoder-java,0.6,0.544437539
zerouwar-Octopus,0.480496454,0.718120805
zhanyeye-DesSim,0.461678832,0.594724221
zheng93775-mysql-lock,0.288888889,0.383333333
zihluwang-opensource-core,0.035573123,0.055970149
asterisk-java-asterisk-java,0.231200898,0.170680926
dakusui-jcunit,0.817741935,0.908531223
ipeirotis-Get-Another-Label,0.616,0.774210808
orientechnologies-orientdb-etl,0.477124183,0.544250132
santanusinha-json-rules,0.287671233,0.844680851
spullara-java-future-jdk8,0.216216216,0.52247191
stanfordnlp-CoreNLP,0.153675644,0.183523989
StarlangSoftware-TurkishDeasciifier,0.853658537,0.885542169
StarlangSoftware-TurkishMorphologicalAnalysis,0.587510994,0.656723716
StarlangSoftware-TurkishSpellChecker,0.866983373,0.925986842
6tail-lunar-java,0.615611193,0.778893242
6tail-tyme4j,0.581050228,0.73374613
abahgat-suffixtree,0.808219178,0.905405405
alessio29-savagebot,0.403587444,0.548567435
apache-commons-graph,0.790868925,0.84822335
arangodb-java-velocypack,0.794019934,0.819218241
argoproj-labs-argo-client-java,0,0.028656126
ATLANTBH-owl,0,0.016759777
aurbroszniowski-Rainfall-core,0.100917431,0.132075472
autermann-yaml,0.6,0.700374532
bfh-evg-unicrypt,0.557273519,0.68941202
bouncestorage-chaos-http-proxy,0.753623188,0.773234201
CiscoDevNet-stealthwatch-data-exporter,0.149820421,0.19066555
cloudiator-visor,0.143217054,0.064023406
coldnew-twse-captcha-solver-java,0.5,0.733333333
cowtowncoder-java-uuid-generator,0.428246014,0.503882657
daisy-jhyphen,0.656716418,0.804597701
davidmoten-predict4java,0.766816143,0.966053748
duma-repo-manis-study,0.053184045,0.089544513
fabric8io-docker-maven-plugin,0.621262458,0.696843128
FasterXML-jackson-annotations,0.628306878,0.795166858
FasterXML-jackson-benchmarks,0.000152149,0.000433118
FasterXML-jackson-core,0.747012936,0.806612671
FasterXML-java-classmate,0.888601036,0.951987997
fuzziness-kabeja,0.061806656,0.084016064
ganskef-LittleProxy-mitm,0.602941176,0.759459459
GoogleCloudPlatform-kafka-pubsub-emulator,0.228196721,0.380971825
gregorriegler-babdev-spring,1,0.577777778
hageldave-ezFFTW,0.854545455,0.972440945
HebiRobotics-HebiCam,0.116959064,0.065753425
hellokaton-webp-io,0.404761905,0.608695652
indeedeng-mph-table,0.558558559,0.685869565
indeedeng-vowpal-wabbit-java,0.488479263,0.490514905
javastar920905-mdbook,0.05,0.053191489
Javastro-jsofa,0.640350877,0.929458068
jericks-geometrycommands,0.918518519,0.978752887
jitsi-jitsi-webrtc-vad-wrapper,0.48,0.409448819
jlinn-quartz-redis-jobstore,0.495774648,0.579225352
jruby-jcodings,0.319801673,0.522947045
jsonld-java-jsonld-java,0.812342569,0.895907473
lamarios-sherdog-parser,0.523364486,0.750356633
Lcry-java-png-compress-util,0.409090909,0.672566372
lemire-externalsortinginjava,0.78125,0.898230088
lexburner-kdio,0.361111111,0.582524272
mdewilde-opml-parser,0.91011236,0.952743902
MitchTalmadge-ASCII-Data,0.959183673,0.962962963
mlaccetti-rocksaw,0.057692308,0.197278912
msemys-esjc,0.058273271,0.063048639
ocpsoft-common,0.423076923,0.475
odiszapc-nginx-java-parser,0.213496933,0.35941867
openshift-openshift-restclient-java,0.474358974,0.634687735
outbrain-GomJabbar,0.397058824,0.327967807
peter-lawrey-admin-Chronicle-Ticker,0.3,0.529411765
pizihao-crow,0.545454545,0.650845254
PlayPen-playpen-core,0.00126183,0.001325787
PoslavskySV-libdivide4j,0.804347826,0.92513369
raydac-java-binary-block-parser,0.871061844,0.918800844
reckart-tt4j,0.30877193,0.407358739
reggert-reb4j,0.5,0.717647059
RestComm-jasn,0.6171875,0.685772774
RestExpress-PluginExpress,1.823089192,2.58315771
rnorth-visible-assertions,0.673469388,0.673469388
rpuch-xremoting,0.477678571,0.616568047
sangkeon-java-opa-wasm,0.406504065,0.695842451
seregamorph-hamcrest-more-matchers,0.782051282,0.812865497
smacke-jaydio,0.5,0.625396825
square-burst,1.277777778,1.418484848
square-jna-gmp,1.466666667,1.668813741
StaticBeagle-ETK4J,0.738875474,0.800163912
STEMLab-JIneditor,0,0.001166985
tabulapdf-tabula-java,0.791397849,0.821971035
ThreeTen-threetenbp,0.579823859,0.666319181
tommyettinger-RegExodus,0.334738891,0.500422654
tomwhite-set-game,0.448717949,0.571856287
trekawek-coffee-gb,0.156402737,0.236761711
twitter-netty-http2,0.375150784,0.38267148
twitter-sbf,0.651468315,0.69954688
uPortal-Project-portlet-utils,0.05,0.176553477
vinta-pangu.java,0.833333333,1
viz-centric-flair-commons,0.210638298,0.657088123
vlingo-xoom-auth,0.557239057,0.847733711
vlingo-xoom-cluster,0.517906336,0.703383729
vlingo-xoom-streams,0.5215311,0.709627329
warmuuh-libsass-maven-plugin,0.146666667,0.381097561
amazon-archives-dynamodb-key-diagnostics-library,0.574074074,0.815533981
arey-spring-batch-toolkit,0.35,0.515235457
Azure-azure-functions-java-worker,0.098822582,0.164242264
baidu-smartapp-openapi-java,0.112434194,0.466469957
bingoohuang-westid,0.289156627,0.586572438
btrplace-scheduler,4.225179831,5.307512881
CODAIT-stocator,0.102209945,0.07428115
fanchaoo-hahu,0,0.017123288
google-guava-beta-checker,0.9,0.975
HelixNetwork-pendulum,0.364945978,0.48713418
iotaledger-cliri,0.446313706,0.538658381
javamonkey-beetl2.0,0.39869281,0.49640835
jbossas-jboss-dmr,0.830852503,0.824364723
js-cookie-java-cookie,0.835443038,0.815217391
ksprojects-zkcopy,0.370967742,0.337037037
lettuce-io-lettuce-core,0.451163369,0.464804788
mguymon-model-citizen,1.170212766,1.548721109
roskart-dropwizard-jaxws,0.682291667,0.867803838
rstoyanchev-spring-websocket-portfolio,0.533333333,0.827868852
spotify-netty-zmtp,0.50390625,0.721455458
Tsovak-selenium-wrapper-framework,0.068181818,0.121656601
aehrc-ontology-core,0.143109435,0.207087421
amazon-archives-pocket-etl,0.579277865,0.976011994
apache-sling-org-apache-sling-scripting-sightly,0.276869159,0.340855107
chengdedeng-waf,0.01572327,0.020303264
cloudiator-sword,0.39771167,0.486705719
fanchaoo-forum,0,0.034375
iipc-openwayback,0.35729544,0.361016669
intoolswetrust-jsignpdf,0.027857829,0.042170048
joshgontijo-rest-client,0.530232558,0.676809211
jqassistant-archive-jqa-graphml-plugin,0.448979592,0.442048518
mastodon-sc-mastodon,0.103168964,0.123629848
mike10004-common-helper,1.849839309,2.209219564
rusakovichma-DocsReporter,0.412073491,0.407211029
saalfeldlab-stitching-spark,0.039305556,0.043082416
twitter-joauth,0.634146341,0.838666667
twitter-nodes,0.3925,0.488074957