project,nomop,ltw,abs,rel
2captcha-2captcha-java,33.878,109.252,75.374,3.224
3redronin-mu-server,72.92,209.328,136.408,2.87
520github-fw-parallel-task,31.432,35.318,3.886,1.123
520github-fw-perf-test,1.695,6.036,4.341,3.561
520github-fw-statemachine,1.474,3.727,2.253,2.528
6tail-lunar-java,2.184,17.257,15.073,7.901
6tail-tyme4j,1.511,7.741,6.23,5.123
abahgat-suffixtree,1.478,5.456,3.978,3.691
AccelerationNet-access2csv,1.447,7.037,5.59,4.863
acegi-xml-format-maven-plugin,1.832,61.932,60.1,33.805
actiontech-dble,9.767,160.615,150.848,16.444
AdamBien-jwtenizr,1.806,15.362,13.556,8.506
AdamBien-xplr,1.473,3.416,1.943,2.319
addthis-stream-lib,90.555,1815.3,1724.745,20.046
adobe-commerce-cif-magento-graphql,2.109,26.231,24.122,12.437
adobe-htl-tck,1.462,12.227,10.765,8.363
aehrc-ontology-core,2.85,104.423,101.573,36.639
aelstad-keccakj,73.936,97.348,23.412,1.316
aerogear-aerogear-unifiedpush-java-client,2.783,176.833,174.05,63.54
afranken-jmeter-analysis-maven-plugin,2.309,35.436,33.127,15.346
Afrozaar-wp-api-v2-client-java,1.991,46.803,44.812,23.507
afrunt-jach,1.535,5.822,4.287,3.792
agarciadom-xeger,2.855,43.422,40.567,15.209
agentgt-jatl,1.677,5.11,3.433,3.047
agido-malter-logback-elasticsearch-appender,1.618,10.842,9.224,6.7
agiledon-payroll-ddd,1.948,71.562,69.614,36.736
AgNO3-jcifs-ng,2.516,21.515,18.999,8.551
agoncal-agoncal-application-petstore-ee7,2.576,70.293,67.717,27.287
agrison-redux4j,3.416,19.167,15.751,5.61
aidhog-blabel,1.451,7.178,5.727,4.946
ainslec-picocog,1.773,3.772,1.999,2.127
ajantis-java-crdt,1.355,4.489,3.134,3.312
akamai-NetStorageKit-Java,1.547,5.278,3.731,3.411
AlanDelip-SpringBoot-Template,2.472,107.351,104.879,43.426
alanhay-html-exporter,3.663,183.188,179.525,50.01
albfernandez-itext2,4.271,104.019,99.748,24.354
albfernandez-javadbf,5.757,32.372,26.615,5.623
aled-jsi,2.005,17.3,15.295,8.628
aleksandr-m-gitflow-maven-plugin,2.048,8.477,6.429,4.139
alessio29-savagebot,2.302,70.05,67.748,30.43
alex2chen-j-statemachine,1.416,3.141,1.725,2.218
alexcojocaru-elasticsearch-maven-plugin,2.743,77.809,75.066,28.366
alexnederlof-Jasper-report-maven-plugin,4.358,137.145,132.787,31.469
AlexP11223-JavaSpringMvcBlog,1.766,21.547,19.781,12.201
alexr007-ultimate8,1.438,3.522,2.084,2.449
alfasoftware-soapstone,5.696,174.527,168.831,30.64
alibaba-rsocket-broker-rsocket-broker-gateway-mqtt,2.978,22.815,19.837,7.661
alipay-ams-java-sdk,1.966,24.71,22.744,12.568
aliyun-aliyun-log-flink-connector,1.892,7.462,5.57,3.943
aliyun-aliyun-log-logback-appender,12.486,36.499,24.013,2.923
almondtools-stringsearchalgorithms,7.865,236.304,228.439,30.045
almson-almson-refcount,7.547,36.177,28.63,4.793
alt236-apkdetails,1.469,6.736,5.267,4.585
amazon-archives-amazon-kinesis-connectors,3.026,100.447,97.421,33.194
amazon-archives-aws-dynamodb-stream-eventbridge-fanout,2.656,93.147,90.491,35.07
amazon-archives-aws-request-signing-apache-interceptor,1.456,7.079,5.623,4.861
amazon-archives-aws-ssm-java-caching-client,2.753,100.437,97.684,36.482
amazon-archives-dynamodb-key-diagnostics-library,2.413,96.055,93.642,39.807
amazon-archives-pocket-etl,6.787,207.725,200.938,30.606
amazon-ion-ion-docs,1.852,18.342,16.49,9.903
amihaiemil-docker-java-api,1.945,19.533,17.588,10.042
amihaiemil-zold-java-client,1.558,14.436,12.878,9.265
amzn-amazon-pay-api-sdk-java,4.028,252.612,248.584,62.714
andree-surya-moji4j,1.687,3.784,2.097,2.243
andylamp-BPlusTree,243.079,267.431,24.352,1.1
Ant-Grand-Grand,4.026,52.453,48.427,13.028
antherd-sm-crypto,6.537,8.418,1.881,1.287
Antibrumm-jackson-antpathfilter,2.209,112.603,110.394,50.974
antlr-antlrworks,1.466,12.792,11.326,8.725
antlr-stringtemplate3,1.572,16.232,14.66,10.325
anubhavshukla-properties-to-yaml-converter,1.864,4.045,2.181,2.17
apache-commons-cli,2.045,13.138,11.093,6.424
apache-commons-codec,27.145,47.742,20.597,1.758
apache-commons-compress,38.038,284.541,246.503,7.48
apache-commons-graph,4.231,38.328,34.097,9.058
apache-commons-imaging,35.573,215.581,180.008,6.06
apache-commons-jxpath,2.477,29.24,26.763,11.804
apache-dubbo-hessian-lite,2.039,24.295,22.256,11.915
apache-dubbo-rpc-jsonrpc,2.156,39.877,37.721,18.495
apache-flink-benchmarks,2.323,42.83,40.507,18.437
apache-maven-clean-plugin,2.298,64.725,62.427,28.165
apache-maven-compiler-plugin,3.854,125.586,121.732,32.585
apache-maven-deploy-plugin,3.725,154.555,150.83,41.491
apache-maven-ear-plugin,1.623,5.642,4.019,3.476
apache-maven-help-plugin,3.172,127.463,124.291,40.183
apache-maven-install-plugin,3.652,150.477,146.825,41.203
apache-maven-jar-plugin,2.001,47.672,45.671,23.824
apache-maven-jarsigner-plugin,2.293,81.216,78.923,35.419
apache-maven-shade-plugin,4.302,140.491,136.189,32.657
apache-maven-shared-utils,13.365,83.169,69.804,6.222
apache-maven-site-plugin,3.187,93.185,89.998,29.239
apache-maven-source-plugin,2.555,53.034,50.479,20.756
apache-maven-verifier-plugin,1.469,4.415,2.946,3.005
apache-maven-war-plugin,4.541,72.54,67.999,15.974
apache-pdfbox-jbig2,13.04,224.341,211.301,17.204
apache-sling-org-apache-sling-dynamic-include,1.958,63.786,61.828,32.577
apache-sling-org-apache-sling-feature,2.682,96.804,94.122,36.093
apache-sling-org-apache-sling-query,1.615,15.83,14.215,9.801
apache-sling-org-apache-sling-scripting-sightly,2.835,117.556,114.721,41.465
apache-sling-org-apache-sling-servlets-resolver,3.624,105.912,102.288,29.225
apanimesh061-VaderSentimentJava,2.844,30.376,27.532,10.68
apereo-cas-server-security-filter,1.671,62.737,61.066,37.544
Appdynamics-redis-monitoring-extension,1.763,28.066,26.303,15.919
appnexus-ElasticNet4j,1.419,4.495,3.076,3.167
AquaticInformatics-aquarius-sdk-java,1.848,16.116,14.268,8.72
arangodb-jackson-dataformat-velocypack,11.561,410.054,398.493,35.468
arangodb-java-velocypack,1.924,7.398,5.474,3.845
archervanderwaal-storm-server,1.896,38.138,36.242,20.114
Ardesco-driver-binary-downloader-maven-plugin,7.683,74.806,67.123,9.736
Ardesco-Query,2.215,70.689,68.474,31.913
arey-spring-batch-toolkit,12.358,340.989,328.631,27.592
argoproj-labs-argo-client-java,2.467,18.062,15.595,7.321
arnaugarcia-sallefy,4.147,200.186,196.039,48.272
asaflevy-SelenuimExtend,47.994,52.608,4.614,1.096
Asana-java-asana,2.084,24.828,22.744,11.913
asciidoctor-asciidoclet,4.064,155.951,151.887,38.373
aseldawy-spatialhadoop2,170.978,329.545,158.567,1.927
ashenwgt-awesome-bdd-with-cucumber,1.747,31.565,29.818,18.068
ashish-chopra-Structures,1.471,5.96,4.489,4.051
AshisRaj-cucelastic-maven-plugin,2.228,92.634,90.406,41.577
ashwanthkumar-gocd-janitor,1.595,24.87,23.275,15.592
ashwanthkumar-slack-java-webhook,1.502,6.269,4.767,4.173
assertthat-selenium-shutterbug,2.037,3.899,1.862,1.914
ATLANTBH-owl,1.77,6.821,5.051,3.853
atorstling-bychan,2.618,9.935,7.317,3.794
Atrox-haikunatorjava,1.505,3.773,2.268,2.506
atteo-evo-inflector,1.674,15.306,13.632,9.143
attoparser-attoparser,79.896,515.434,435.538,6.451
augustd-burp-suite-jsonpath,1.386,4.363,2.977,3.147
aurbroszniowski-os-platform-finder,1.5,5.734,4.234,3.822
aurbroszniowski-Rainfall-core,8.531,22.929,14.398,2.687
autermann-yaml,1.688,25.334,23.646,15.008
authlete-authlete-java-common,1.862,32.277,30.415,17.334
AuthorizeNet-sample-code-java,68.224,102.78,34.556,1.506
AuthorizeNet-sdk-java,2.261,29.502,27.241,13.048
authorjapps-simulator,2.214,45.649,43.435,20.618
avaje-common-avaje-agentloader,1.722,15.295,13.573,8.882
AVMf-avmf,1.63,4.71,3.08,2.889
AwakenCN-InChat,1.329,2.994,1.665,2.252
aws-amazon-neptune-sigv4-signer,1.935,75.074,73.139,38.797
aws-cloudformation-cloudformation-template-schema,1.521,5.907,4.386,3.883
awslabs-amazon-kinesis-scaling-utils,1.631,13.403,11.772,8.217
awslabs-amazon-sns-java-extended-client-lib,2.862,106.384,103.522,37.171
awslabs-aws-codepipeline-custom-job-worker,2.439,112.691,110.252,46.203
awslabs-aws-glue-catalog-sync-agent-for-hive,2.434,32.706,30.272,13.437
awslabs-route53-infima,2.199,35.618,33.419,16.197
axelhjalm-bitwig-midi-fighter-twister,1.351,3.14,1.789,2.324
azam-ulidj,1.42,3.8,2.38,2.676
azige-moebooru-viewer,1.633,40.617,38.984,24.872
Azure-azure-functions-java-worker,3.738,196.197,192.459,52.487
Azure-Samples-cassandra-proxy,1.818,24.945,23.127,13.721
badlogic-basis-template,1.428,8.079,6.651,5.657
baidu-smartapp-openapi-java,9.917,1164.449,1154.532,117.419
Bandwidth-java-bandwidth,2.118,49.486,47.368,23.364
BarcodeAPI-server,2.465,33.533,31.068,13.603
barrer-translate-online,8.208,23.149,14.941,2.82
Barteks2x-173generator,20.222,40.417,20.195,1.998
basdijkstra-tau-rest-assured,7.08,151.761,144.681,21.435
baswerc-routes,2.173,39.027,36.854,17.959
bazaarvoice-dropwizard-redirect-bundle,2.133,8.768,6.635,4.11
bazaarvoice-jsonpps,1.49,20.377,18.887,13.675
bazaarvoice-rison,2.152,34.73,32.578,16.138
bdupras-guava-probably,8.131,33.534,25.403,4.124
BellaDati-belladati-sdk-java,3.977,49.156,45.179,12.36
ben-xo-cdjscrobbler,1.87,65.229,63.359,34.881
beothorn-URISchemeHandler,1.762,3.462,1.7,1.964
berlam-github-bucket,2.168,59.45,57.282,27.421
bernardosulzbach-dungeon,1.992,21.725,19.733,10.906
berndporr-iirj,2.762,6.193,3.431,2.242
BestCreater-SSM,1.966,5.968,4.002,3.035
bestyize-DoubanAPI,3.458,5.527,2.069,1.598
beyonddream-JRAKE,1.47,5.943,4.473,4.042
bfh-evg-unicrypt,43.413,439.835,396.422,10.131
bgandon-juli-to-slf4j,1.839,8.015,6.176,4.358
binance-binance-connector-java,3.392,58.745,55.353,17.318
binance-binance-futures-connector-java,3.119,50.887,47.768,16.315
BingAds-BingAds-Java-SDK,36.125,265.37,229.245,7.345
binghe001-mykit-holiday,1.492,18.579,17.087,12.452
bingoohuang-excel2javabeans,3.835,131.387,127.552,34.259
bingoohuang-westid,2.51,44.461,41.951,17.713
biouno-figshare-java-api,1.397,9.954,8.557,7.125
biouno-pbs-java-api,1.372,3.429,2.057,2.499
bkatwal-kafka-solr-sink-connector,1.666,20.663,18.997,12.402
bkatwal-kafka-util,43.873,173.309,129.436,3.95
bkiers-atlas,1.735,11.086,9.351,6.389
blackbeard334-djoom3,1.45,5.243,3.793,3.615
blackdoor-hate,1.974,32.578,30.604,16.503
Blazemeter-xtn5250,43.231,67.969,24.738,1.572
blinkfox-jpack-maven-plugin,4.034,146.18,142.146,36.236
blinkfox-mini-table,1.371,3.623,2.252,2.642
blinkfox-zealot,1.702,27.443,25.741,16.123
blueapron-kafka-connect-protobuf-converter,2.123,28.076,25.953,13.224
bluemix-NumberToArabicWords,1.413,6.576,5.163,4.653
bmatthews68-ldapunit,31.882,73.944,42.062,2.319
bmwcarit-hmm-lib,1.429,5.533,4.104,3.871
bohnman-squiggly,2.357,42.003,39.646,17.82
bonnyfone-vectalign,2.171,10.481,8.31,4.827
bookshelfdave-etp,1.478,12.641,11.163,8.552
bouncestorage-chaos-http-proxy,43.736,47.055,3.319,1.075
bpodgursky-jbool_expressions,2.437,9.096,6.659,3.732
bpsm-edn-java,1.597,8.829,7.232,5.528
braintree-braintree_java,2.732,75.057,72.325,27.473
bremersee-sms,2.152,53.889,51.737,25.041
brettwooldridge-SparseBitSet,6.349,800.252,793.903,126.043
bruceran-krpc,2.905,87.696,84.791,30.187
brutusin-commons,12.012,13.92,1.908,1.158
brutusin-instrumentation,1.427,11.481,10.054,8.045
bserdar-jcliff,1.434,7.344,5.91,5.121
btrekkie-dynamic-connectivity,1.504,4.955,3.451,3.294
btrplace-scheduler,64.32,1014.753,950.433,15.776
bubuntux-poker-engine,1.382,3.316,1.934,2.399
buddy-works-simple-java-project,1.568,5.633,4.065,3.592
budhash-cliche,1.402,4.405,3.003,3.141
c0ny1-captcha-killer,1.394,6.856,5.462,4.918
camunda-camunda-xml-model,2.464,21.594,19.13,8.763
Cantara-Java-Auto-Update,17.998,139.931,121.933,7.774
carlosbritojun-jflunt,1.797,5.031,3.234,2.799
carlostse-jopencc,1.409,3.34,1.931,2.37
CarmJos-AliDDNS-Updater,1.427,19.931,18.504,13.967
casbin-jcasbin,3.43,144.216,140.786,42.045
casid-jusecase,1.506,3.546,2.04,2.354
cbartosiak-bson-codecs-jsr310,2.001,7.375,5.374,3.685
cellsrg-tabbypdf,1.412,5.202,3.79,3.684
Celos-avro-json-decoder,1.613,26.512,24.899,16.436
CeON-spark-utils,2.324,54.264,51.94,23.349
ceridwen-com-ceridwen-standard-interchange-protocol-library,2.995,32.094,29.099,10.715
cescoffier-vertx-completable-future,31.703,68.504,36.801,2.16
ChannelApe-shopify-sdk,11.457,99.083,87.626,8.648
Chatanga-Girinoscope,1.37,3.108,1.738,2.268
chengdedeng-waf,2.254,16.608,14.354,7.368
chenhaiyangs-mybatis-encrypt-plugin,1.654,8.649,6.995,5.229
chenjianjx-swagger2html,1.988,71.273,69.285,35.851
chenjianjx-wsdl2html,1.549,7.519,5.97,4.854
chocoteam-choco-graph,10.265,183.208,172.943,17.847
chrfrantz-DBSCAN,1.438,3.688,2.25,2.564
chriswhocodes-FreeLogJ,1.728,3.746,2.018,2.167
Chrriis-RRDiagram,1.501,5.565,4.064,3.707
chyxion-table-to-xls,2.233,79.071,76.838,35.41
cimiano-tbx2rdf,1.839,26.858,25.019,14.604
CiscoDevNet-stealthwatch-data-exporter,1.707,25.901,24.194,15.173
cjmatta-kafka-connect-irc,1.422,6.785,5.363,4.771
clarkchen-data_structure,1.347,3.964,2.617,2.942
cliang97-HealthReport-WUT,5.831,200.095,194.264,34.315
cloudbees-diff4j,1.589,6.532,4.943,4.11
cloudbees-oss-zendesk-java-client,3.255,120.069,116.814,36.887
cloudiator-sword,3.071,25.075,22.004,8.165
cloudiator-visor,2.324,6.521,4.197,2.805
cloudspannerecosystem-pgadapter,2.517,72.582,70.065,28.836
cm-heclouds-onenet-studio-api-java-sdk,1.662,22.367,20.705,13.457
cocolian-cocolian-nlp,12.957,129.067,116.11,9.961
CODAIT-stocator,7.463,340.067,332.604,45.567
code4craft-xsoup,1.542,18.282,16.74,11.856
codeclou-java-junit-xml-merger,1.784,22.352,20.568,12.529
codedance-silken,1.397,7.183,5.786,5.141
codeforamerica-pdfparser,1.565,33.597,32.032,21.467
codeine-cd-codeine,1.835,24.488,22.653,13.344
codelibs-elasticsearch-dataformat,6.47,387.597,381.127,59.906
codelibs-elasticsearch-dynarank,25.728,703.214,677.486,27.332
codelibs-elasticsearch-langfield,53.753,446.626,392.873,8.308
codelibs-elasticsearch-sstmpl,11.13,448.236,437.106,40.272
codelibs-jcifs,2.159,21.986,19.827,10.183
codelibs-jhighlight,1.384,5.392,4.008,3.895
codelibs-ranklib,1.915,10.099,8.184,5.273
codelion-gramtest,2.588,96.937,94.349,37.456
codepine-testrail-api-java-client,1.781,39.166,37.385,21.991
coderodde-OrderStatisticTree,1.453,5.544,4.091,3.815
CodeShield-Security-Log4JShell-Bytecode-Detector,3.883,17.135,13.252,4.412
CodinGameCommunity-XmasRush,1.412,6.317,4.905,4.473
coekie-gentyref,1.491,8.957,7.466,6.007
coldnew-twse-captcha-solver-java,1.663,16.066,14.403,9.66
Col-E-Simple-Memory-Compiler,1.691,16.019,14.328,9.473
confluentinc-castle,2.395,39.646,37.251,16.553
confluentinc-kafka-connect-datagen,3.326,78.422,75.096,23.578
contentful-contentful.java,4.839,94.268,89.429,19.48
contentful-contentful-management.java,5.873,81.191,75.318,13.824
conveyal-osm-lib,11.775,121.087,109.312,10.283
coralblocks-CoralME,1.765,68.193,66.428,38.636
corentin59-ArtNetStack,1.369,2.975,1.606,2.173
Coreoz-PPT-Templates,2.122,53.119,50.997,25.032
Coreoz-Wisp,32.597,62.689,30.092,1.923
couchbaselabs-couchbase-capi-server,2.096,46.052,43.956,21.971
Coveros-GitHub-Sandbox-selenified,4.534,89.839,85.305,19.814
cowtowncoder-java-cachemate,2.101,8.015,5.914,3.814
cowtowncoder-java-uuid-generator,4.031,50.105,46.074,12.429
cowtowncoder-low-gc-membuffers,2.675,7.444,4.769,2.782
c-rack-cbor-java,2.408,8.692,6.284,3.609
craigwblake-redline,2.228,25.941,23.713,11.643
crispab-javabuilderpattern,1.404,5.309,3.905,3.781
crossoverJie-distributed-redis-tool,2.136,38.399,36.263,17.977
crossoverJie-leetcode,1.436,3.736,2.3,2.601
Crozin-Wykop.pl-Java-SDK,1.382,7.057,5.675,5.106
Cryptonomica-cryptonomica,2.216,18.156,15.94,8.193
ctapweb-AutoSubClause,4.612,142.229,137.617,30.838
cternes-openkeepass,4.325,29.108,24.783,6.73
ctran-TinyRadius,1.505,3.695,2.19,2.455
ctrl-alt-dev-tps-parse,42.281,61.236,18.955,1.448
ctron-rpm-builder,1.698,5.192,3.494,3.057
CubeEngine-Dirigent,1.427,6.06,4.633,4.246
CurrencyCloud-currencycloud-java,159.191,285.815,126.624,1.795
cutecharts-cutecharts.java,1.674,52.149,50.475,31.152
cyberborean-rdfbeans,2.378,41.404,39.026,17.411
CycloneDX-cyclonedx-maven-plugin,21.193,85.491,64.298,4.033
dadiyang-equator,1.399,4.412,3.013,3.153
dadoonet-elasticsearch-beyonder,2.276,51.115,48.839,22.458
daimuuc-CampusLife-SSM-,2.243,69.189,66.946,30.846
DaisyDiff-DaisyDiff,1.72,12.042,10.322,7.001
daisy-jhyphen,1.604,4.449,2.845,2.773
damienclaveau-kafka-graphite,1.975,27.678,25.703,14.014
damnhandy-Handy-URI-Templates,3.35,41.819,38.469,12.483
dampcake-bencode,1.582,6.314,4.732,3.991
danieldk-dictomaton,7.062,202.548,195.486,28.681
danielwegener-logback-kafka-appender,1.939,78.243,76.304,40.352
dano-vertx-zeromq,9.794,47.895,38.101,4.89
darmiel-eeee,1.53,4.175,2.645,2.728
dart-maven-plugin-dart-maven-plugin,1.526,11.795,10.269,7.729
DataDog-java-dogstatsd-client,130.947,154.393,23.446,1.179
DataDog-jmeter-datadog-backend-listener,9.761,194.264,184.503,19.902
datastax-native-protocol,4.625,89.14,84.515,19.273
datoin-http-requests,2.097,33.348,31.251,15.902
davidB-scala-maven-plugin,2.048,9.018,6.97,4.403
DavidHerBet-java-codility,1.598,4.998,3.4,3.127
davidmoten-aws-maven-plugin,1.92,35.171,33.251,18.318
davidmoten-bplustree,18.939,143.345,124.406,7.568
davidmoten-guava-mini,2.113,5.799,3.686,2.744
davidmoten-predict4java,2.062,17.455,15.393,8.465
davidmoten-rtree,10.269,475.501,465.232,46.304
davidmoten-rtree2,8.462,292.471,284.009,34.562
davidmoten-rtree-multi,9.553,271.965,262.412,28.469
davidmoten-rxjava2-file,3.37,112.309,108.939,33.326
davidmoten-rxjava-jdbc,4.465,103.849,99.384,23.258
davidmoten-rxjava-slf4j,4.859,70.064,65.205,14.419
davidmoten-word-wrap,1.917,5.535,3.618,2.887
dbaggott-newrelic-dropwizard,2.046,53.113,51.067,25.959
ddopson-java-class-enumerator,1.424,3.368,1.944,2.365
delthas-JavaMP3,5.531,11.954,6.423,2.161
demidenko05-beigesoft-accounting,1.38,4.293,2.913,3.11
demidenko05-beigesoft-webstore,1.398,7.102,5.704,5.08
de-mklinger-tomcat-juli-slf4j,1.421,6.108,4.687,4.298
deniswsrosa-liquicouch,1.98,20.224,18.244,10.214
denniskniep-GQLRaider,1.444,21.331,19.887,14.772
DenzelCode-AdvancedSQL,41.446,54.255,12.809,1.309
dev-aspectj-aspectj-maven-plugin,3.959,83.48,79.521,21.086
devcon5io-mutation-analysis-plugin,2.964,118.768,115.804,40.07
devnied-Bit-lib4j,1.536,7.894,6.358,5.139
devopshydclub-vprofile-project,2.383,77.77,75.387,32.635
devopshydclub-vprofile-repo,1.973,57.608,55.635,29.198
dgroup-docker-unittests,5.927,94.595,88.668,15.96
dgroup-laconic-velocity,1.528,16.13,14.602,10.556
dhananjaypatkar-kafka-connect-phoenix,2.195,36.391,34.196,16.579
dhatim-business-hours-java,1.924,13.293,11.369,6.909
dibbhatt-kafka-spark-consumer,2.008,5.815,3.807,2.895
didi-benchmark-thrift,30.761,74.121,43.36,2.409
digipost-http-client-builder,1.664,4.419,2.755,2.655
digitalfondue-npjt-extra,2.266,66.251,63.985,29.236
digitalheir-java-nfa,1.857,11.777,9.92,6.341
DigitalPebble-TextClassification,1.506,5.662,4.156,3.759
digitalpetri-opc-ua-nodeset-parser,2.638,12.769,10.131,4.84
digital-preservation-utf8-validator,1.516,3.296,1.78,2.174
dikhan-pagerduty-client,324.465,411.842,87.377,1.269
dingjs-javaagent,1.52,9.062,7.542,5.961
dizitart-jbus,6.929,136.229,129.3,19.66
dkellenb-formula-evaluator,1.776,9.553,7.777,5.378
dmak-jaxb-xew-plugin,4.011,121.478,117.467,30.286
dmcg-okey-doke,1.936,5.653,3.717,2.919
dmeoli-WS4J,5.064,24.858,19.794,4.908
dmitry-zhuravlev-jooq-postgis-spatial,1.412,4.766,3.354,3.375
dnsjava-dnsjava,17.961,217.447,199.486,12.106
Doccrazy-keycloak-protocol-cas,2.339,52.991,50.652,22.655
domclick-kafka-logback,1.861,59.544,57.683,31.995
dpaukov-combinatoricslib,2.149,10.833,8.684,5.04
dperezcabrera-jpoker,5.805,144.88,139.075,24.957
d-plaindoux-suitcase,1.547,10.097,8.55,6.526
dpressel-sgdtk,6.176,9.707,3.531,1.571
dreezey-argon2-password-hash-provider,4.557,31.247,26.69,6.856
DReichLab-ADNA-Tools,1.748,19.248,17.5,11.011
Driftt-EmailReplyParser,1.479,10.371,8.892,7.012
drmacro-wordinator,5.466,164.753,159.287,30.141
dropwizard-dropwizard-elasticsearch,4.384,270.919,266.535,61.797
dropwizard-dropwizard-health,6.497,225.92,219.423,34.772
dsc-cmt-cmt-statemachine,2.896,22.2,19.304,7.665
dspinellis-ckjm,1.428,9.712,8.284,6.801
dsyer-spring-security-rsa,2.353,9.215,6.862,3.916
dubasdey-portable-ftp-server,1.638,15.577,13.939,9.509
dubin555-Kafka-Insight,1.395,3.056,1.661,2.19
duguying-pinyin,1.517,3.32,1.803,2.188
duma-repo-manis-study,1.483,9.284,7.801,6.26
dyng-polling,7.113,14.305,7.192,2.011
earcut4j-earcut4j,1.826,4.046,2.22,2.215
eBay-bsonpatch,1.714,15.783,14.069,9.208
eBay-FeedSDK,1.548,17.496,15.948,11.302
eBay-json-comparison,1.631,58.366,56.735,35.785
ECharts-Java-ECharts-Java,1.978,46.785,44.807,23.652
echisan-wbp4j,2.832,25.023,22.191,8.835
ecki-et-otp,1.398,3.162,1.764,2.261
eclipse-jbom,12.116,43.576,31.46,3.596
edagarli-azeroth-event,1.895,39.481,37.586,20.834
edgexfoundry-support-rulesengine,3,55.522,52.522,18.507
e-gineering-gitflow-helper-maven-plugin,1.604,3.586,1.982,2.235
eightbitjim-cassette-nibbler,2.777,353.528,350.751,127.305
EladLeev-KeyToField-smt,1.416,7.787,6.371,5.499
elasql-elasql,1.418,6.966,5.548,4.912
elasticpath-json-unmarshaller,2.694,66.706,64.012,24.76
ElectronicChartCentre-java-vector-tile,4.767,118.754,113.987,24.911
EnterpriseQualityCoding-FizzBuzzEnterpriseEdition,2.28,32.326,30.046,14.178
entrusc-xdata,1.48,6.077,4.597,4.106
eolinker-sql2dsl,1.541,42.313,40.772,27.458
erdtman-java-json-canonicalization,1.754,3.852,2.098,2.196
errai-errai,3.595,30.994,27.399,8.621
esamson-logback-luhn-mask,1.766,63.931,62.165,36.201
EsmerilProgramming-overtown,1.704,27.705,26.001,16.258
EsotericSoftware-yamlbeans,1.562,15.66,14.098,10.025
ethlo-jsons2xsd,2.228,27.259,25.031,12.234
etsy-arbiter,1.505,28.277,26.772,18.788
etsy-statsd-jvm-profiler,2.533,41.817,39.284,16.508
eurekaclinical-datastore,2.007,37.972,35.965,18.919
eurekaclinical-javautil,2.033,6.623,4.59,3.257
everwatchsolutions-json-data-generator,2.223,6.669,4.446,3
exchange-core-orderbook,2.276,74.066,71.79,32.542
EXIficient-exificient-core,1.92,12.446,10.526,6.482
ExpediaGroup-avro-compatibility,2.044,28.895,26.851,14.136
ExpediaGroup-datasqueeze,15.531,569.482,553.951,36.667
ExpediaGroup-jasvorno,2.166,49.553,47.387,22.877
eyp-serfj,1.736,24.212,22.476,13.947
f0ng-captcha-killer-modified,1.52,8.516,6.996,5.602
f4b6a3-ksuid-creator,5.36,10.785,5.425,2.012
f4b6a3-tsid-creator,7.894,24.987,17.093,3.165
f4b6a3-ulid-creator,3.818,7.748,3.93,2.029
f4b6a3-uuid-creator,24.977,77.592,52.615,3.106
fabric8io-docker-maven-plugin,34.899,222.128,187.229,6.364
facebook-facebook-java-business-sdk,3.9,208.792,204.892,53.536
FAIRdom-RightField,11.294,209.906,198.612,18.585
fanchaoo-forum,2.38,77.721,75.341,32.655
fanchaoo-hahu,2.532,102.217,99.685,40.37
fangyidong-json-simple,1.737,5.57,3.833,3.206
fasseg-exp4j,7.817,14.224,6.407,1.819
FasterXML-jackson-annotations,2.144,5.584,3.44,2.604
FasterXML-jackson-benchmarks,2.06,4.614,2.554,2.239
FasterXML-jackson-core,41.895,135.153,93.258,3.225
FasterXML-java-classmate,2.22,11.283,9.063,5.082
fcrepo-exts-fcrepo-import-export,2.965,160.082,157.117,53.99
fdinoff-neovim-java-client,1.743,28.184,26.441,16.169
FDMediagroep-hamcrest-jsoup,1.422,13.63,12.208,9.585
feiYouLian-jpinyin,1.468,4.047,2.579,2.756
FelixGail-gplaymusic,1.849,4.422,2.573,2.391
fengwenyi-api-result,1.744,3.844,2.1,2.204
ferstl-depgraph-maven-plugin,48.565,1836.518,1787.953,37.815
ferstl-pedantic-pom-enforcers,7.901,104.032,96.131,13.166
ferstl-spring-jdbc-oracle,2.666,101.1,98.434,37.921
fhoeben-hsac-fitnesse-plugin,2.284,44.137,41.853,19.324
figo-connect-java-figo,1.688,9.447,7.759,5.596
fiji-AnalyzeSkeleton,1.568,5.171,3.603,3.297
finn-no-retriable-kafka-consumer,6.658,93.112,86.454,13.984
fizzed-jne,1.89,21.51,19.62,11.38
flipkart-incubator-databuilderframework,56.487,350.527,294.04,6.205
floppylab-markdown2document,1.954,45.878,43.924,23.479
floverfelt-find-and-replace-maven-plugin,2.079,7.686,5.607,3.696
flowscolors-kube-eventer4j,3.749,148.283,144.534,39.552
Flying9001-pay,1.423,5.281,3.858,3.711
forcedotcom-SiteCrawler,1.739,5.942,4.203,3.416
forcedotcom-wsc,4.695,114.981,110.286,24.49
fordfrog-ruian2pgsql,1.593,4.354,2.761,2.733
forgemo-bittrex-java-client,1.951,32.921,30.97,16.873
ForgeRock-OpenBanking-UK-Datamodel-Java-SDK,2.187,39.71,37.523,18.157
ForteScarlet-Mock.java,1.703,4.536,2.833,2.663
fortitudetec-sonar-ruby-plugin,2.157,57.204,55.047,26.52
Francesco149-koohii,3.051,7.965,4.914,2.61
francisdb-serviceloader-maven-plugin,1.944,5.573,3.629,2.866
fraunhoferfokus-Fuzzino,17.153,128.046,110.893,7.464
freva-ascii-table,1.412,3.858,2.446,2.732
fsantiag-sonar-clojure,2.133,81.754,79.621,38.328
Fundynamic-dune2themaker4j,3.036,70.941,67.905,23.366
fusion-jena-JaroWinklerSimilarity,15.542,420.652,405.11,27.065
fuzziness-kabeja,1.578,4.418,2.84,2.799
fzakaria-ascii85,1.776,3.523,1.747,1.983
g4dpz-predict4java,1.703,10.71,9.007,6.288
g4s8-cactoos-crypto,1.457,3.834,2.377,2.631
gabrie-allaigre-sonar-gitlab-plugin,14.074,99.239,85.165,7.051
games647-ColorConsole,1.635,15.829,14.194,9.681
ganskef-LittleProxy-mitm,17.448,69.898,52.45,4.006
GaoLeiQin-SwordOffer,1.558,5.539,3.981,3.555
gaols-reduce-rule,1.472,3.309,1.837,2.247
gatanaso-multiselect-combo-box-flow,2.139,32.696,30.557,15.285
gchq-synthetic-data-generator,2.873,90.317,87.444,31.436
GeBeater-dozer-jdk8-support,1.756,7.38,5.624,4.202
geftimov-hadoop-map-reduce-patterns,1.629,8.997,7.368,5.523
george-haddad-cardme,1.601,19.19,17.589,11.986
geosolutions-it-geoserver-manager,1.702,19.185,17.483,11.272
geosolutions-it-http-proxy,3.171,126.979,123.808,40.043
gesellix-Nimbus-JOSE-JWT,1.752,12.338,10.586,7.042
getgauge-contrib-gauge-maven-plugin,3.742,80.115,76.373,21.409
getodk-javarosa,5.264,102.183,96.919,19.411
ghacupha-book-keeper,1.633,7.866,6.233,4.816
ghaffarian-progex,3.522,82.856,79.334,23.525
gherynos-secrete,2.384,18.248,15.864,7.654
ghosthack-turismo,1.494,6.446,4.952,4.314
Gikkman-Java-Twirk,2.808,7.036,4.228,2.505
giltene-jHiccup,1.373,4.668,3.295,3.399
gini-dropwizard-gelf,5.828,227.2,221.372,38.984
gisarmory-mbtiles4j,1.491,5.593,4.102,3.751
gitbucket-markedj,1.747,20.02,18.273,11.459
GitHub-Laziji-reverse-regexp,1.422,3.687,2.265,2.592
gkopff-gson-javatime-serialisers,1.972,11.359,9.387,5.76
gkopff-gson-jodatime-serialisers,1.663,17.999,16.336,10.823
glenrobson-iiif-tiler,14.715,48.484,33.769,3.294
gmr-rabbitmq-flume-plugin,1.651,7.072,5.421,4.283
GMWolf-artemis-odb-eeel,1.51,5.515,4.005,3.652
goncalomb-NBTEditor,1.41,8.426,7.016,5.975
gongdaowen-ofdparser,5.211,73.827,68.616,14.167
googleapis-disco-to-proto3-converter,2.13,43.287,41.157,20.322
googleapis-java-pubsub-group-kafka-connector,4.214,121.317,117.103,28.789
googleapis-java-spanner-jdbc,14.821,1579.058,1564.237,106.541
google-closure-stylesheets,2.12,54.031,51.911,25.486
GoogleCloudPlatform-app-maven-plugin,2.588,77.241,74.653,29.845
GoogleCloudPlatform-kafka-pubsub-emulator,13.832,137.892,124.06,9.969
google-escapevelocity,2.173,27.714,25.541,12.753
google-guava-beta-checker,4.948,30.833,25.885,6.231
google-jsontoken,1.504,14.808,13.304,9.845
GoSimpleLLC-jpgAgent,1.557,5.464,3.907,3.509
goxr3plus-java-google-speech-api,1.76,4.392,2.632,2.495
gquintana-metrics-sql,7.007,54.97,47.963,7.845
gradusnikov-jmatio,2.572,8.634,6.062,3.356
grantneale-kafka-lag-based-assignor,1.484,8.97,7.486,6.044
graphhopper-jackson-datatype-jts,1.663,30.211,28.548,18.166
graphstream-gs-algo,3.841,1895.289,1891.448,493.436
graphstream-gs-core,9.251,57.394,48.143,6.204
Graylog2-gelfclient,4.886,66.395,61.509,13.588
graylog-labs-syslog4j-graylog2,1.758,55.003,53.245,31.287
greengerong-prerender-java,1.729,17.139,15.41,9.912
gregorriegler-babdev-spring,1.668,7.762,6.094,4.653
gridgain-yardstick,9.421,13.77,4.349,1.461
gridkit-jvm-attach,1.409,3.649,2.24,2.589
grumlimited-geocalc,1.448,6.776,5.328,4.679
Grundlefleck-ASM-NonClassloadingExtensions,48.912,189.789,140.877,3.88
gturri-aXMLRPC,2.724,86.198,83.474,31.643
guoliao502-crypto,1.948,39.054,37.106,20.048
Guo-xm-mybatis-expand,1.947,8.997,7.05,4.62
habernal-confusion-matrix,1.711,5.72,4.009,3.343
hackingwu-Java-Promise,5.356,7.577,2.221,1.414
hageldave-ezFFTW,18.611,31.407,12.796,1.687
hajhouj-fastsico,1.856,3.876,2.02,2.088
hankcs-hanlp-lucene-plugin,2.063,46.208,44.145,22.398
harawata-appdirs,1.819,5.202,3.383,2.859
Harium-etyl,1.851,5.598,3.747,3.024
Harium-keel,2.123,14.517,12.394,6.837
HarvardPL-AbcDatalog,1.935,18.944,17.009,9.79
hazelcast-hazelcast-azure,11.09,100.86,89.77,9.094
hazelcast-hazelcast-kubernetes,15.613,417.63,402.017,26.748
HdrHistogram-HdrHistogram,39.548,67.504,27.956,1.706
HebiRobotics-HebiCam,1.408,5.615,4.207,3.987
HelixNetwork-pendulum,23.34,323.907,300.567,13.877
hellige-ccs,1.521,5.77,4.249,3.793
hellokaton-webp-io,1.421,3.222,1.801,2.267
hengyunabc-metrics-zabbix,1.701,60.473,58.772,35.551
heremaps-oksse,1.573,9.826,8.253,6.246
Heroicai0101-abtest,2.085,12.825,10.74,6.151
heroku-heroku-jvm-application-deployer,1.934,4.131,2.197,2.135
hertzsprung-hamcrest-json,1.601,6.359,4.758,3.971
hevoio-recoverable-kafka-producer,1.635,30.712,29.077,18.784
hifly81-bank-account-axon,1.649,13.223,11.574,8.018
hivsuper-document-converter,1.359,4.288,2.929,3.155
hkhcoder-vprofile-project,2.462,75.572,73.11,30.695
hlavki-jlemmagen,2.659,255.419,252.76,96.058
hneemann-digitalCustomComponents,1.504,18.544,17.04,12.329
hneemann-Oscilloscope,1.414,3.439,2.025,2.432
hoereth-springfox-enum-plugin,2.036,30.763,28.727,15.109
hoijui-Jawk,1.84,20.713,18.873,11.257
hoijui-ReZipDoc,1.829,5.819,3.99,3.181
hongbeomi-Programmers,1.525,5.761,4.236,3.777
hongliuliao-thrift-generator,1.589,26.446,24.857,16.643
houbb-heaven,1.415,6.968,5.553,4.924
houbb-nlp-hanzi-similar,1.846,15.818,13.972,8.568
houbb-opencc4j,2.347,16.034,13.687,6.831
houbb-pinyin,1.668,12.181,10.513,7.302
houbb-segment,2.947,29.012,26.065,9.844
houbb-sensitive-word,6.326,297.749,291.423,47.067
houbb-word-checker,1.637,8.59,6.953,5.247
hsiafan-apk-parser,2.458,22.948,20.49,9.336
hsluv-hsluv-java,2.04,6.461,4.421,3.167
hs-web-hsweb-utils,1.523,6.764,5.241,4.441
huaban-jieba-analysis,5.567,86.513,80.946,15.54
huangbowen521-SpringJMSSample,12.49,70.511,58.021,5.645
huangp-entityunit,3.577,126.237,122.66,35.291
hubert-marteau-MultiChainJavaAPI,1.442,10.326,8.884,7.16
HugoJhonathan-Challenge-Oracle-ONE-conversordemoedas,1.438,3.411,1.973,2.372
huiwang-cracking-the-coding-interview,1.5,6.954,5.454,4.636
huiyang100-excel-formula-engine,1.573,9.686,8.113,6.157
humbertodias-java-data-structures-algorithms,1.459,5.534,4.075,3.793
hummeling-if97,1.407,5.201,3.794,3.696
iamazy-elasticsearch-sql2,2.322,79.725,77.403,34.334
ibit-tech-sql-builder,1.481,9.657,8.176,6.52
IBlogLab-enhance-gateway,3.508,35.417,31.909,10.096
IBM-Cloud-gp-java-client,1.49,11.727,10.237,7.87
iceenongli-iceworkday,1.566,4.024,2.458,2.569
icgw-FCA-Map,2.238,73.591,71.353,32.882
icon-Systemhaus-GmbH-javassist-maven-plugin,2.945,77.489,74.544,26.312
idealo-logback-redis,4.073,48.51,44.437,11.91
idealo-mongodb-slow-operations-profiler,1.505,9.555,8.05,6.348
ifpe-cti-saudegaranhuns,1.856,24.914,23.058,13.423
igniterealtime-openfire-hazelcast-plugin,2.341,57.738,55.397,24.663
igniterealtime-tinder,18.675,30.666,11.991,1.642
iipc-jwarc,2.032,8.635,6.603,4.249
iipc-openwayback,18.818,78.461,59.643,4.169
iipc-urlcanon,1.646,13.285,11.639,8.071
iipc-webarchive-commons,35.188,69.1,33.912,1.963
imadcn-idworker,5.352,104.069,98.717,19.444
imagej-example-script-collection,3.205,150.695,147.49,47.018
Imaginary11-bionic-utils,1.641,29.633,27.992,18.057
imixs-muluk,1.579,4.45,2.871,2.818
imohsenb-ISO8583-Message-Client-java,1.689,7.784,6.095,4.608
in28minutes-JUnitIn28Minutes,1.469,3.589,2.12,2.443
iNamik-java_text_tables,1.44,5.406,3.966,3.754
indeedeng-mph-table,17.955,55.931,37.976,3.115
indeedeng-vowpal-wabbit-java,91.358,495.52,404.162,5.423
indexdata-cql-java,1.639,5.129,3.49,3.129
indrabasak-bouncycastle-fips-examples,1.995,43.136,41.141,21.622
InfoSec812-sonar-auth-google,1.799,26.421,24.622,14.686
Ingenico-ePayments-connect-sdk-java,2.052,35.889,33.837,17.489
inreachventures-aws-signing-request-interceptor,1.658,23.012,21.354,13.879
instana-instana-java-opentracing,1.473,4.962,3.489,3.368
InstantWebP2P-tweetnacl-java,3.276,5.997,2.721,1.83
intel-jndn-mock,6.755,13.822,7.067,2.046
internetitem-logback-elasticsearch-appender,1.537,10.205,8.668,6.639
in-the-keyhole-khs-sherpa,1.415,5.614,4.199,3.967
intoolswetrust-jsignpdf,2.037,17.54,15.503,8.61
intuit-graphql-filter-java,2.145,47.603,45.458,22.192
inversoft-jackson5,2.192,37.371,35.179,17.048
inversoft-restify,2.151,29.168,27.017,13.56
io7m-aeron-guide,1.803,5.629,3.826,3.122
iorga-group-debattons,3.198,165.492,162.294,51.748
iost-official-java-sdk,1.883,37.799,35.916,20.073
iotaledger-cliri,20.918,163.087,142.169,7.796
iquadrat-sbb-train-scheduler,7.126,134.806,127.68,18.917
iris-edu-stationxml-seed-converter,35.288,100.701,65.413,2.853
ironpinguin-serialized-php-parser,1.388,3.502,2.114,2.523
Isaac315-sql-translator,1.616,51.598,49.982,31.929
iterate-ch-java-openstack-swift,1.637,8.132,6.495,4.967
IvanTrendafilov-Confucius,1.439,4.79,3.351,3.328
ixa-ehu-ixa-pipe-ml,1.726,7.681,5.955,4.45
ixa-ehu-ixa-pipe-tok,1.727,7.646,5.919,4.427
iyzico-iyzipay-java,1.521,12.814,11.293,8.424
j256-simplecsv,1.71,8.277,6.567,4.84
j256-simplemagic,2.941,20.601,17.66,7.004
j256-two-factor-auth,1.581,3.564,1.983,2.254
jackhallam-weightless-orm,7.395,124.975,117.58,16.899
jacksonpradolima-csv2bib,6.698,13.504,6.806,2.016
jackyfd-collectionX,1.811,5.55,3.739,3.064
jaeheonshim-ChessBoard,1.434,3.685,2.251,2.569
jagrosh-GiveawayBot,1.626,15.735,14.109,9.677
jagrosh-MusicBot,1.988,4.131,2.143,2.077
jagrosh-Vortex,2.442,32.749,30.307,13.41
jahlborn-jackcess,42.957,222.679,179.722,5.183
jahlborn-jackcessencrypt,3.219,39.113,35.894,12.15
jahlborn-sqlbuilder,1.773,10.633,8.86,5.997
jai-imageio-jai-imageio-core,2.91,21.465,18.555,7.376
jamf-AppConfig-Generator,1.775,5.751,3.976,3.24
JanGorman-jersey-passbook,1.647,6.28,4.633,3.812
jano7-executor,4.786,7.647,2.861,1.597
janssk1-maven-graph-plugin,2.538,42.552,40.014,16.765
jarekratajski-badlam,1.397,3.599,2.202,2.576
JaroslavTulach-heapdump,2.166,19.418,17.252,8.964
JaroslavTulach-SelfGraal,1.631,51.039,49.408,31.293
jarslab-babel-maven-plugin,8.784,217.669,208.885,24.78
jasminb-jsonapi-converter,1.951,47.961,46.01,24.582
javadelight-delight-fileupload,2.049,5.939,3.89,2.898
javadev-moneytostr,1.393,4.724,3.331,3.391
javadev-sqltojava,1.551,15.874,14.323,10.234
JavadocMD-simplelatlng,1.534,4.776,3.242,3.113
javagl-Common,1.562,4.506,2.944,2.884
javagl-Obj,1.485,5.441,3.956,3.663
javalite-jar-explorer,1.38,3.813,2.433,2.763
javamelody-jira-confluence-javamelody,1.806,20.916,19.11,11.581
JavaMoney-jsr354-ri-bp,90.015,123.912,33.897,1.376
javamonkey-beetl2.0,2.633,75.899,73.266,28.826
java-sepa-xml-java-sepa-xml,1.451,3.852,2.401,2.654
javastar920905-mdbook,1.402,3.072,1.67,2.191
Javastro-jsofa,1.754,5.698,3.944,3.248
jbossas-jboss-dmr,26.187,269.286,243.099,10.283
jbossas-staxmapper,1.491,4.803,3.312,3.221
jbrundege-taro,2.364,60.063,57.699,25.407
jcabi-jcabi-maven-plugin,2.405,22.709,20.304,9.442
jcabi-jcabi-ssl-maven-plugin,5.179,17.567,12.388,3.391
jcbvm-i18n-editor,1.427,8.958,7.531,6.277
jchambers-fast-uuid,1.977,5.815,3.838,2.941
jchambers-id-obfuscator,1.548,5.936,4.388,3.834
jchambers-jeospatial,1.436,6.283,4.847,4.375
JCVenterInstitute-VIGOR4,2.678,84.363,81.685,31.502
jdbc-observations-datasource-proxy,4.86,128.564,123.704,26.453
jdubois-spring-on-azure,3.345,207.105,203.76,61.914
j-easy-easy-flows,1.701,75.11,73.409,44.156
j-easy-easy-states,1.65,55.809,54.159,33.823
jedicontributors-jedi-kafka-client,12.206,138.369,126.163,11.336
JeffLi1993-java-core-learning-example,1.419,4.022,2.603,2.834
jenkinsci-custom-distribution-service,6.028,213.752,207.724,35.459
jenkinsci-syslog-java-client,2.496,5.74,3.244,2.299
jenshadlich-S3-Performance-Test,1.447,13.19,11.743,9.115
jericks-geometrycommands,3.103,37.648,34.545,12.132
jericks-geoserver-shell,45.485,136.711,91.226,3.005
jericks-parboiled-wkt,1.617,20.413,18.796,12.623
JervyShi-nacos-embedded,30.187,49.654,19.467,1.644
jessin20161124-miniDubboOpen,1.959,17.836,15.877,9.104
JetBrains-jetCheck,3.441,29.193,25.752,8.483
jetlang-remoting,22.089,30.386,8.297,1.375
jetty-project-jetty-eventsource-servlet,3.692,30.174,26.482,8.172
jfaster-mango,3.256,120.616,117.36,37.044
jfinal-jfinal,2.176,8.373,6.197,3.847
jghoman-haivvreo,6.816,126.392,119.576,18.543
jhalterman-concurrentunit,5.658,9.918,4.26,1.752
jhalterman-lyra,8.322,29.511,21.189,3.546
jhalterman-typetools,1.92,7.086,5.166,3.69
jhunters-jprotobuf,4.61,63.203,58.593,13.709
jiangxincode-SearchEngine,1.441,4.368,2.927,3.031
jillesvangurp-osm2geojson,3.595,28.134,24.539,7.825
jinahya-bit-io,4.891,146.676,141.785,29.988
jingpeicomp-id-generator,41.195,183.591,142.396,4.456
jitsi-bccontrib,2.245,4.563,2.318,2.032
jitsi-jitsi-webrtc-vad-wrapper,1.488,5.327,3.839,3.579
jitsi-otr4j,2.763,69.527,66.764,25.163
jjohannes-gradle-module-metadata-maven-plugin,3.127,89.222,86.095,28.532
jklingsporn-vertx-push-onesignal,2.49,18.861,16.371,7.574
jlawrie-opencsv,1.691,8.02,6.329,4.742
jlinn-quartz-redis-jobstore,23.967,81.202,57.235,3.388
jmazzitelli-prometheus-scraper,1.548,8.171,6.623,5.278
jmurty-java-xmlbuilder,1.827,4.26,2.433,2.331
jnr-jnr-constants,1.51,5.471,3.961,3.623
jnr-jnr-enxio,1.556,18.467,16.911,11.868
jnr-jnr-ffi,39.247,885.509,846.262,22.562
jnr-jnr-netdb,1.687,17.952,16.265,10.641
jnr-jnr-process,1.719,23.199,21.48,13.495
jnr-jnr-unixsocket,5.753,25.521,19.768,4.436
JodaOrg-joda-collect,1.439,9.629,8.19,6.691
JodaOrg-joda-time,3.52,44.895,41.375,12.754
JodaOrg-joda-time-hibernate,2.124,67.508,65.384,31.783
JodaOrg-joda-time-i18n,1.437,4.245,2.808,2.954
joel-costigliola-assertj-neo4j,2.524,68.816,66.292,27.264
joelittlejohn-embedmongo-maven-plugin,2.825,107.194,104.369,37.944
johnlcox-toml4j,1.42,7.733,6.313,5.445
johnlpage-POCDriver,1.472,17.493,16.021,11.883
JohnsProject-JGameEngine,1.538,4.116,2.578,2.676
jonatan-kazmierczak-class-visualizer,1.366,3.479,2.113,2.546
jonathanhds-sql-builder,1.946,25.633,23.687,13.172
jon-hanson-parsecj,1.865,6.583,4.718,3.529
joniles-rtfparserkit,1.892,6.337,4.445,3.349
jonpereiradev-diff-objects,1.498,7.872,6.374,5.255
JoonasVali-jartin,1.439,3.448,2.009,2.396
jordw-heftydb,36.051,121.031,84.98,3.357
joshgontijo-rest-client,6.338,52.173,45.835,8.231
jottley-spring-social-salesforce,2.182,66.414,64.232,30.437
jpenren-thymeleaf-ui-dialect,1.818,43.259,41.441,23.794
jprante-elasticsearch-csv,6.849,180.438,173.589,26.345
jprante-elasticsearch-transport-websocket,27.321,209.803,182.482,7.679
jprante-log4j2-elasticsearch,2.631,80.418,77.787,30.565
jqassistant-archive-jqa-graphml-plugin,2.665,77.914,75.249,29.236
jqassistant-archive-jqa-javaee6-plugin,3.281,71.874,68.593,21.906
jramoyo-indexed-file-reader,1.497,3.653,2.156,2.44
jriecken-gae-java-mini-profiler,1.451,11.416,9.965,7.867
jrmelsha-keccak,1.429,3.527,2.098,2.468
jruby-jcodings,1.528,5.578,4.05,3.65
jruby-joni,5.523,12.655,7.132,2.291
js-cookie-java-cookie,2.555,31.819,29.264,12.453
jsolve-templ4docx,2.042,45.171,43.129,22.12
jsonld-java-jsonld-java,8.723,141.502,132.779,16.221
jsunsoftware-http-request,6.523,102.87,96.347,15.77
jtidy-jtidy,2.246,21.448,19.202,9.549
jtmelton-attack-surface-analyzer,64.684,103.536,38.852,1.6
juandesi-email4j,1.77,19.211,17.441,10.853
julienchastang-charts4j,1.601,11.362,9.761,7.096
julietkilo-CANBabel,1.501,8.555,7.054,5.699
junichi11-netbeans-color-codes-preview,2.578,45.782,43.204,17.758
justauth-JustAuth,1.636,24.987,23.351,15.273
jvirtanen-config-extras,1.488,12.646,11.158,8.498
jvitorr-Jeasier,1.431,11.264,9.833,7.871
jzy3d-jGL,1.43,6.277,4.847,4.389
k55k32-simple-codegen,1.52,16.665,15.145,10.963
kabutz-striped-executor-service,15.164,18.317,3.153,1.207
kamaladafrica-codice-fiscale,3.471,17.398,13.927,5.012
kamranzafar-jtar,1.471,3.854,2.383,2.619
kapoorlabs-kiara,12.559,229.262,216.703,18.254
KasperFranz-AntiAd,1.619,13.804,12.185,8.526
kayahr-pherialize,1.382,4.897,3.515,3.543
kazuhikoarase-jaconv,1.388,3.354,1.966,2.416
keighrim-mae-annotation,4.207,40.506,36.299,9.628
keikai-dev-ref,1.958,46.901,44.943,23.953
keith0591-pgp-encryption,9.45,37.042,27.592,3.919
KevinStern-software-and-algorithms,1.515,10.174,8.659,6.715
kevin-wang001-mockj,1.828,19.358,17.53,10.589
kevin-wang001-poi-el,1.95,16.309,14.359,8.363
kgalant-PackageBuilder,1.424,5.677,4.253,3.986
kifj-jboss-syslog,2.404,4.563,2.159,1.898
killbilling-recurly-java-library,3.416,51.608,48.192,15.107
kittylyst-ocelotvm,1.431,5.835,4.404,4.077
kklisura-props-to-constants-generator,1.575,9.815,8.24,6.231
klakegg-pkix-ocsp,3.021,70.409,67.388,23.306
knowm-jspice,1.629,20.085,18.456,12.329
koendeschacht-bow-utils,5.916,33.54,27.624,5.669
koen-serneels-ws-proxy,2.097,19.357,17.26,9.23
kohsuke-wordnet-random-name,2.329,7.093,4.764,3.045
kolchagov-java-crud-api,1.868,10.684,8.816,5.719
konsolas-ConditionalCommands,1.379,3.593,2.214,2.605
koraktor-steam-condenser-java,9.629,800.158,790.529,83.098
KosherJava-zmanim,1.483,4.921,3.438,3.318
kravchik-jcommon,1.423,7.012,5.589,4.927
kristofa-mock-http-server,1.95,25.215,23.265,12.93
kristofa-wicket-tagcloud,1.522,12.189,10.667,8.008
krpors-delver,1.385,3.771,2.386,2.722
krullert-universe,5.31,41.099,35.789,7.739
ksprojects-zkcopy,1.879,52.644,50.765,28.017
Kuangcp-NettyBook2,2.97,13.64,10.67,4.592
Kugin-data-reconciliation,16.482,24.534,8.052,1.488
kungfoo-geohash-java,2.798,9.382,6.584,3.353
Kurento-kurento-module-creator,2.097,33.599,31.502,16.022
kwart-demo-kerberos-in-java,1.771,14.232,12.461,8.036
Labs64-swid-generator,1.988,13.502,11.514,6.791
lafaspot-ja3_4java,2.403,13.077,10.674,5.441
lamarios-sherdog-parser,13.676,50.892,37.216,3.721
LarryDpk-Google-Bard,3.137,135.175,132.038,43.09
lastaflute-lastaflute,2.156,52.448,50.292,24.326
lastfm-coverartarchive-api,1.944,40.853,38.909,21.014
LatencyUtils-LatencyUtils,16.554,19.72,3.166,1.191
lazee-freemarker-java-8,1.965,41.117,39.152,20.924
lbehnke-hierarchical-clustering-java,2.787,21.255,18.468,7.626
Lcry-java-png-compress-util,2.213,5.11,2.897,2.309
lemire-externalsortinginjava,1.96,7.582,5.622,3.868
leonbloy-pngj,3.35,15.474,12.124,4.619
leonhad-paradoxdriver,3.937,37.613,33.676,9.553
leonliao-wechat-app-pay-java-sdk,3.936,42.587,38.651,10.819
lerndevops-samplejavaapp,1.771,5.096,3.325,2.877
lettuce-io-lettuce-core,6.328,249.469,243.141,39.423
levigo-jbig2-imageio,5.268,10.235,4.967,1.942
lexburner-consistent-hash-algorithm,5.169,85.371,80.202,16.515
lexburner-kdio,1.462,5.429,3.967,3.713
lfkdsk-bnf-ast,1.41,6.486,5.076,4.6
liangbaika-validate,1.655,3.982,2.327,2.406
LianjiaTech-json-diff,1.456,9.807,8.351,6.735
libcoolsocket-java,3.425,8.397,4.972,2.451
LibrePDF-OpenRTF,1.75,9.374,7.624,5.356
lightningMan-flash-netty,1.455,19.832,18.377,13.63
lightoze-gwt-i18n-server,1.468,11.308,9.84,7.702
lingyejun-tick-authenticator,1.411,3.754,2.343,2.66
linked-solutions-jarql,1.948,54.966,53.018,28.216
linux-china-plantuml-gist,2.163,76.142,73.979,35.202
linux-china-rocker-template-demo,1.758,10.51,8.752,5.978
linux-china-toolchains-maven-plugin,6.478,28.017,21.539,4.324
liqpay-sdk-java,1.392,4.832,3.44,3.471
liuanxin-api-document,1.482,30.339,28.857,20.471
liudongdong0909-mybatis-generator-core-fix,1.415,16.954,15.539,11.981
LiveRamp-HyperMinHash-java,111.328,240.911,129.583,2.163
lizard-framework-lizard-spi,1.434,3.539,2.105,2.467
llatinov-sample-dropwizard-rest-stub,1.592,5.88,4.288,3.693
locationtech-spatial4j,5.02,71.457,66.437,14.234
loehndorf-scengen,1.499,4.696,3.197,3.132
LogisticsCraft-OcclusionCulling,3.934,11.948,8.014,3.037
logpresso-CVE-2021-44228-Scanner,1.507,8.775,7.268,5.822
loong0306-commutils4j,1.763,9.337,7.574,5.296
L-PLUM-ContractDetection,4.942,259.116,254.174,52.431
lrozenblyum-chess,8.144,439.365,431.221,53.949
lucaspouzac-contiperf,39.424,45.4,5.976,1.151
lucidworks-spark-solr,49.89,819.649,769.759,16.429
luigiselmi-flink-kafka-consumer,2.169,8.787,6.618,4.051
lujinfeifly-jsoncode,1.733,4.113,2.38,2.373
lukas-vlcek-elasticsearch.demo,3.031,152.681,149.65,50.373
lukfor-pgs-calc,88.313,249.289,160.976,2.822
lyg5623-lightgbm_predict4j,4.154,17.177,13.023,4.135
lzgabel-camunda-cloud-bpmn-converter,2.461,54.957,52.496,22.331
m09-syllable-counter,1.46,3.134,1.674,2.146
macacajs-wd.java,2.295,76.346,74.051,33.266
magdel-MapNav,2.545,8.413,5.868,3.305
MagicTheGathering-mtg-sdk-java,10.187,94.486,84.299,9.275
mahjong4j-mahjong4j,1.797,18.04,16.243,10.038
mailjet-mailjet-apiv3-java,2.169,43.91,41.741,20.244
makersoft-mybatis-shards,5.334,69.438,64.104,13.017
mambu-gmbh-Mambu-APIs-Java,2.469,56.58,54.111,22.916
ManuelB-facebook-recommender-demo,1.857,12.513,10.656,6.738
maping-java-maven-calculator-web-app,1.566,3.464,1.898,2.212
marcosvidolin-doco,1.612,70.81,69.198,43.926
mariazevedo88-json-formatter-validator,2.166,26.832,24.666,12.387
MarkShen1992-Mashibing_High_Concurrency,1.402,3.16,1.758,2.253
marschall-path-classloader,1.528,8.764,7.236,5.735
marschall-svn-diffstat,1.486,7.809,6.323,5.255
martincooper-java-datatable,1.598,10.561,8.963,6.608
martin-g-wicket-jquery-selectors,1.752,49.043,47.291,27.992
marwin1991-keep-changelog-maven-plugin,1.635,7.056,5.421,4.315
marzn-telegrambot-japi,1.667,28.932,27.265,17.355
Maschell-JNUSLib,3.677,7.249,3.572,1.971
massigerardi-ta4j-strategy-parser,1.566,16.846,15.28,10.757
Mastercard-client-encryption-java,5.591,158.334,152.743,28.319
Mastercard-oauth1-signer-java,4.486,50.181,45.695,11.186
mastodon-sc-mastodon,5.91,948.573,942.663,160.503
mateiw-littlebasic,1.45,11.424,9.974,7.878
mattdavey-EuronextClone,1.827,34.171,32.344,18.703
matthewhorridge-mdock,1.688,4.311,2.623,2.553
matthewhorridge-owlexplanation,2.491,84.589,82.098,33.957
matthiaszimmermann-ethereum-paper-wallet,5.938,46.951,41.013,7.906
mattsheppard-gethostname4j,1.7,3.719,2.019,2.187
maven-nar-nar-maven-plugin,2.147,26.538,24.391,12.36
maxmind-geoip-api-java,1.808,5.085,3.277,2.812
maxtomin-decimal,20.929,23.941,3.012,1.143
mbizhani-Adroit,2.947,96.464,93.517,32.732
mbronshteyn-quarkus-jdbi-project,5.325,321.182,315.857,60.315
mdeanda-lorem,1.745,3.79,2.045,2.171
mdewilde-opml-parser,1.935,86.946,85.011,44.933
mdewilde-podcast-parser,2.208,49.174,46.966,22.27
mduerig-json-jerk,32.941,36.868,3.927,1.119
medmes-keycloak-monitoring-spi,1.529,8.846,7.317,5.785
meixuesong-aggregate-persistence,1.512,7.59,6.078,5.019
meltmedia-jgroups-aws,2.016,61.804,59.788,30.656
mercadopago-sdk-java,3.035,30.634,27.599,10.093
mesosphere-marathon-client,2.213,52.606,50.393,23.771
messai-engineering-Yuga,2.075,28.827,26.752,13.892
messenger4j-messenger4j,2.71,78.639,75.929,29.018
metamug-java-jwt,1.402,4.053,2.651,2.89
meteoinfo-wContour,1.445,14.139,12.694,9.784
MezereonXP-AnomalyDetectTool,11.99,52.627,40.637,4.389
mfathi91-persian-date-time,1.758,4.515,2.757,2.568
mguymon-model-citizen,2.418,81.647,79.229,33.766
mhshams-jnbis,9.982,22.707,12.725,2.274
michaeltandy-log4j-json,1.444,9.442,7.998,6.538
michaelwittig-java-q,1.449,4.83,3.381,3.333
microsoft-AppCenter-Test-Appium-Java-Extensions,3.948,46.52,42.572,11.783
MieskeB-json-api-spring-boot,1.985,6.015,4.03,3.03
mike10004-common-helper,5.615,132.096,126.481,23.525
mike706574-java-map-support,1.413,9.47,8.057,6.702
mikera-enlight,2.186,47.039,44.853,21.518
mikera-mikera,2.1,13.544,11.444,6.449
mikera-randomz,1.425,3.387,1.962,2.376
mileshenrichs-QuiFFT,4.958,10.838,5.88,2.185
mincloud1501-DevOps,1.397,3.046,1.649,2.18
mirabeau-nl-ceddl4j,1.577,26.745,25.168,16.959
MitchTalmadge-ASCII-Data,1.408,3.287,1.879,2.334
mixer-beam-client-java,1.743,21.332,19.589,12.238
Mixermachine-base-test,1.853,5.322,3.469,2.872
mixpanel-mixpanel-java,1.595,5.471,3.876,3.43
mjsalerno-UnoBot,1.383,6.653,5.27,4.81
mlaccetti-rocksaw,1.749,5.021,3.272,2.87
mlieshoff-jcrapi,2.94,67.718,64.778,23.033
mmastrac-nanojson,2.539,6.357,3.818,2.503
mocnik-science-geogrid,15.517,97.45,81.933,6.28
mokiat-java-data-front,1.812,68.952,67.14,38.052
momosecurity-mosec-maven-plugin,4.952,277.106,272.154,55.958
monitorjbl-excel-streaming-reader,2.752,77.118,74.366,28.022
monkeymq-jgossip,2.806,51.276,48.47,18.273
MottoX-BeanUtils,1.561,5.157,3.596,3.303
MottoX-TAOMP,13.465,23.723,10.258,1.761
MountCloud-graphql-client,1.46,22.847,21.387,15.648
moznion-java-random-string,1.772,5.99,4.218,3.38
mpatric-mp3agic,1.924,41.644,39.72,21.644
MPriess-GeoJSON-POJO,1.578,29.82,28.242,18.897
mraible-jhipster6-demo,3.297,171.693,168.396,52.075
MRPanyu-excel-imp-exp,2.53,77.632,75.102,30.684
msanez-sonar-branch-community,2.469,85.008,82.539,34.43
msarhan-ummalqura-calendar,1.345,3.72,2.375,2.765
msemys-esjc,2.718,22.049,19.331,8.112
msigwart-fakeload,67.738,203.865,136.127,3.009
msojocs-OmenChallengeHelper,1.421,3.241,1.82,2.28
mulesoft-catalyst-mule-sonarqube-plugin,2.088,41.429,39.341,19.841
mulesoft-labs-rhinodo,7.422,41.533,34.111,5.595
murfffi-zebra4j,4.186,35.699,31.513,8.528
murreIsCoding-auth,1.41,3.195,1.785,2.265
MutabilityDetector-MutabilityDetector,8.918,155.798,146.88,17.47
mvallim-emv-qrcode,1.701,20.069,18.368,11.798
mvel-mvel,9.326,304.469,295.143,32.647
mvpjava-springboot-JUnit5-tutorial,1.929,46.245,44.316,23.973
mwanji-toml4j,1.935,18.885,16.95,9.759
mybatis-mapper-provider,1.927,55.29,53.363,28.692
myui-btree4j,53.451,145.095,91.644,2.714
named-data-jndn,2.089,15.707,13.618,7.518
naosense-markdown-preview-sync,1.47,10.791,9.321,7.34
narupley-not-going-to-be-commons-ssl,12.037,105.811,93.774,8.79
naver-lucy-xss-servlet-filter,1.566,16.427,14.861,10.489
NawaMan-NullableJ,1.821,5.794,3.973,3.181
neil-justice-louvain,1.816,28.815,26.999,15.867
neilswainston-FragGenie,2.056,26.664,24.608,12.968
Neop-mudmap2,1.674,12.176,10.502,7.273
neo-search-multiple-string-searcher,1.964,7.177,5.213,3.654
netarchivesuite-heritrix3-wrapper,1.601,9.027,7.426,5.638
netceteragroup-trema-core,2.65,124.697,122.047,47.055
NetherlandsForensicInstitute-kafka-spout,2.679,96.362,93.683,35.969
neuland-jade4j,2.446,46.494,44.048,19.008
ngallagher-simplexml,13.079,2811.1,2798.021,214.932
nicolas-raoul-jakaroma,7.934,12.48,4.546,1.572
nicoulaj-checksum-maven-plugin,1.932,16.351,14.419,8.463
niesfisch-java-code-tracer,1.453,15.497,14.044,10.665
NightFlightCaptain-ssm,1.564,4.27,2.706,2.73
Nilhcem-FakeSMTP,1.85,15.936,14.086,8.614
ning-compress,3.744,11.752,8.008,3.138
ning-tr13,1.712,4.638,2.926,2.709
NishkarshRaj-Maven-Using-CMD,1.402,3.074,1.672,2.192
nla-outbackcdx,2.992,82.214,79.222,27.477
NLP2RDF-NIF-lib,4.893,91.897,87.004,18.781
NLPchina-ansj_seg,9.413,54.26,44.847,5.764
noelherrick-jell,1.861,7.4,5.539,3.976
noophq-subtitle,1.663,5.725,4.062,3.442
Nordstrom-nifi_terraform_generator,1.58,11.949,10.369,7.562
nothingax-micro-DB,7.921,17.714,9.793,2.236
NovatecConsulting-BeanTest,4.897,219.778,214.881,44.88
novotnyradek-fred-client,1.802,18.453,16.651,10.24
npathai-hamcrest-optional,1.867,4.032,2.165,2.159
NTTDATA-EMEA-QAT-cherry,1.908,49.75,47.842,26.074
nurkiewicz-typeof,1.643,9.337,7.694,5.682
nutzam-nutzwx,4.993,35.894,30.901,7.188
nuxeo-onedrive-java-client,2.537,36.795,34.258,14.503
o19s-RankyMcRankFace,3.085,16.067,12.982,5.208
ocaffe-numero-por-extenso,1.377,3.54,2.163,2.57
ocpsoft-common,1.644,4.033,2.389,2.453
octavian-h-time-series-math,14.785,143.385,128.6,9.698
odiszapc-nginx-java-parser,1.393,12.719,11.326,9.13
offbynull-kademlia,1.432,7.335,5.903,5.122
offbynull-portmapper,3.888,16.862,12.974,4.336
ogrodnek-java_fathom,1.411,3.121,1.71,2.211
ohioit-rundeck-http-plugin,8.342,106.953,98.611,12.821
olcaytaner-201-DataStructures-Java,1.361,3.18,1.819,2.336
OnlineCodex-OnlineCodex,5.451,45.646,40.195,8.373
ooxi-jdatauri,1.366,3.627,2.261,2.655
openapi-tools-swagger-maven-plugin,1.865,5.374,3.509,2.881
opendatalab-de-geojson-jackson,1.828,28.597,26.769,15.643
open-dis-open-dis-java,3.651,23.535,19.884,6.446
open-eid-cdoc4j,15.829,62.696,46.867,3.96
OpenGamma-ElSql,1.854,7.011,5.157,3.781
opengeospatial-ets-ogcapi-features10,31.813,234.326,202.513,7.365
openhkr-hkr-si,3.305,26.422,23.117,7.994
OpenLiberty-ci.common,3.609,52.585,48.976,14.57
openshift-openshift-restclient-java,3.434,142.233,138.799,41.419
openskynetwork-java-adsb,1.415,4.607,3.192,3.255
opentimestamps-java-opentimestamps,14.376,36.565,22.189,2.543
opentracing-contrib-java-concurrent,3.747,7.791,4.044,2.079
optimaize-command4j,6.226,19.947,13.721,3.203
OrderLab-OKLib,1.88,18.501,16.621,9.84
OrhanKupusoglu-bazelize-maven-plugin,1.938,8.302,6.364,4.283
orientechnologies-orientdb-jdbc,36.314,827.815,791.501,22.796
orphan-oss-launch4j-maven-plugin,2.95,132.845,129.895,45.032
os72-protobuf-dynamic,1.621,22.199,20.578,13.694
osglworks-java-tool,3.053,62.987,59.934,20.631
oskopek-javaanpr,1.946,53.072,51.126,27.272
outbrain-GomJabbar,1.777,22.257,20.48,12.525
OWASP-json-sanitizer,2.293,5.117,2.824,2.231
OWASP-OWASP-WebScarab,1.881,22.526,20.645,11.975
Pablissimo-SonarTsPlugin,2.679,74.382,71.703,27.764
pablobastidasv-kc_security,1.613,25.971,24.358,16.101
package-url-packageurl-java,1.598,6.072,4.474,3.799
PacktPublishing--Learn-Algorithms-and-Data-Structures-in-Java-for-Day-to-Day-Applications,84.794,98.589,13.795,1.162
pagehelper-Mybatis-PageHelper,5.89,101.609,95.719,17.251
palatable-lambda,15.345,260.877,245.532,17
palatable-shoki,1.868,24.163,22.295,12.935
palindromicity-simple-syslog,2.137,40.385,38.248,18.897
parship-roperty,2.499,62.374,59.875,24.959
pascalgn-jiracli,2.737,64.896,62.159,23.71
patrickfav-uber-adb-tools,1.645,7.886,6.241,4.793
patriques82-alphavantage4j,1.508,15.458,13.95,10.25
pawandubey-griffin,1.438,4.324,2.886,3.006
PawelGorny-lostword,7.278,22.079,14.801,3.033
Payment-Components-demo-sepa,1.722,7.582,5.86,4.403
paypal-Gibberish-Detector-Java,2.322,10.535,8.213,4.537
pedrovgs-Algorithms,1.539,7.552,6.013,4.907
peterbencze-serritor,3.058,75.583,72.525,24.716
PeterisP-morphology,14.49,447.673,433.183,30.895
peter-lawrey-admin-Chronicle-Ticker,15.763,18.61,2.847,1.18
petterobam-mds2index.html,1.64,24.941,23.301,15.207
PhantomThief-thrift-pool-client,1.766,9.004,7.238,5.098
phax-as2-server,1.754,31.824,30.07,18.143
phax-ph-events,2.374,20.356,17.982,8.574
pheerathach-promptpay,1.498,9.95,8.452,6.642
philihp-weblabora,1.764,17.394,15.63,9.86
phylogeography-spread,7.708,550.426,542.718,71.409
pierredavidbelanger-logback-awslogs-appender,4.614,58.358,53.744,12.648
pingcap-tidb-loadbalance,1.497,6.149,4.652,4.107
pizihao-crow,24.106,37.436,13.33,1.552
pk8est-table-printer,1.446,14.483,13.037,10.015
PlayPen-playpen-core,1.617,5.851,4.234,3.618
plutext-docx4j-export-FO,5.511,178.146,172.635,32.325
pmckeown-dependency-track-maven-plugin,8.697,280.217,271.52,32.219
pmlopes-aws-lambda-native-vertx,1.903,20.308,18.405,10.671
PoslavskySV-libdivide4j,2.148,4.805,2.657,2.236
pouyaesm-signed-community-detection,1.789,6.121,4.332,3.421
ppke-nlpg-purepos,11.733,30.37,18.637,2.588
prat-man-unique4j,1.454,9.41,7.956,6.471
printingin3d-javascad,16.546,63.787,47.241,3.855
profesorfalken-jPowerShell,1.382,5.057,3.675,3.659
profesorfalken-jSensors,1.569,6.104,4.535,3.89
Progether-JAdventure,1.529,22.683,21.154,14.835
Proteus1989-Air-Explorer-Decrypter,1.82,3.729,1.909,2.048
prpatel-serverless-java-mini-workshop,1.457,3.414,1.957,2.343
psjava-psjava,2.289,15.75,13.461,6.88
purcell-jargs,1.484,3.889,2.405,2.62
purecloudlabs-elasticsearch-lambda,3.656,54.17,50.514,14.816
PureMVC-puremvc-java-standard-framework,1.891,4.611,2.72,2.438
PvdBerg1998-PNet,2.156,5.755,3.599,2.669
pvto-konte-art,1.474,16.69,15.216,11.322
qala-io-java-beginner-course,1.405,5.022,3.617,3.574
qiurunze123-Designpattern,3.029,147.656,144.627,48.747
qmx-jitescript,1.474,7.974,6.5,5.409
qoomon-banking-swift-messages-java,2.502,89.938,87.436,35.946
qqilihq-property-editor,1.942,4.492,2.55,2.313
qubole-qds-sdk-java,26.398,87.93,61.532,3.33
qwhai-algorithms-sort,1.365,5.388,4.023,3.947
qzw1210-JustAuth,3.072,28.043,24.971,9.128
radkovo-Pdf2Dom,3.294,61.876,58.582,18.784
RagedUnicorn-github-release-maven-plugin,2.222,44.405,42.183,19.984
RakhmedovRS-DataStructuresAndAlgorithmsInJava2ndEdition,1.527,5.949,4.422,3.895
ralscha-bsoncodec,1.511,13.774,12.263,9.115
random-maven-profile-activator-extension,2.764,64.073,61.309,23.181
raydac-java-binary-block-parser,83.847,911.677,827.83,10.873
RayDeCampo-java-xirr,1.729,59.849,58.12,34.614
raymanrt-orientqb,1.778,8.952,7.174,5.034
razorpay-razorpay-java,2.895,66.879,63.984,23.101
reactiverse-vertx-maven-plugin,3.368,135.247,131.879,40.156
realexpayments-rxp-hpp-java,1.953,46.542,44.589,23.831
RealZimboGuy-ewelink-api-java,1.852,11.324,9.472,6.114
reckart-tt4j,7.052,17.51,10.458,2.482
redlink-gmbh-redlink-java-sdk,1.845,34.23,32.385,18.552
reecetech-bamboo-specs,2.992,201.262,198.27,67.266
reggert-reb4j,2.066,9.12,7.054,4.414
reinert-JJSchema,2.156,26.588,24.432,12.332
renfei-ik-analyzer,8.38,106.724,98.344,12.735
resourcepool-ssdp-client,21.799,24.558,2.759,1.126
RestComm-jasn,1.906,4.528,2.622,2.375
RestExpress-PluginExpress,5.62,142.803,137.183,25.409
resurfaceio-logger-java,5.709,18.702,12.993,3.275
RetailMeNot-TestRailSDK,1.776,28.195,26.419,15.875
retest-recheck.cli,2.12,46.109,43.989,21.749
retog-wymiwyg-commons-core,1.842,5.987,4.145,3.25
retomerz-mosquito,1.867,4.672,2.805,2.502
revdotcom-revai-java-sdk,24.941,119.497,94.556,4.791
rex-soft-rexdb,13.126,24.35,11.224,1.855
ricksbrown-jgenhtml,29.096,45.824,16.728,1.574
righettod-pst-digger,1.583,15.707,14.124,9.922
RIGS-IT-sonar-xanitizer,3.537,26.197,22.66,7.406
ripreal-V8LogScanner,2.132,74.402,72.27,34.897
riversun-bigdoc,3.958,6.758,2.8,1.707
riversun-java-promise,14.51,18.652,4.142,1.285
rjohnsondev-java-libpst,1.513,5.323,3.81,3.518
rjstanford-spreedly-java,1.963,5.344,3.381,2.722
rjwut-ian,1.657,16.889,15.232,10.192
RKumsher-utils,1.551,11.827,10.276,7.625
rnorth-duct-tape,16.049,23.651,7.602,1.473
rnorth-visible-assertions,1.856,4.79,2.934,2.58
robert-bor-aho-corasick,3.003,12.424,9.421,4.137
RobertStewart-privateer,1.402,3.54,2.138,2.524
robshep-logback-logdna,3.498,19.58,16.082,5.597
rockt-SETH,4.441,38.851,34.41,8.748
rohanpadhye-vasco,7.382,419.334,411.952,56.804
romanb-JPA-NestedSet,2.155,140.891,138.736,65.378
rombert-desktop-maven-notifier,1.462,5.424,3.962,3.709
romix-java-concurrent-hash-trie-map,5.03,36.013,30.983,7.159
ronmamo-reflections,1.973,45.807,43.834,23.216
roskart-dropwizard-jaxws,3.429,103.091,99.662,30.064
rovats-java-utils,1.375,3.556,2.181,2.586
rpau-javalang,1.612,20.536,18.924,12.739
rponte-dbunitmanager,1.499,5.883,4.384,3.924
rponte-pin-decrypter,1.453,3.535,2.082,2.432
rpuch-xremoting,4.095,40.621,36.526,9.919
rrice-java-string-similarity,1.69,6.405,4.715,3.789
rsatrio-Keycloak-Federation-ExistingDB,2.943,95.361,92.418,32.402
rstoyanchev-spring-mvc-chat,1.836,67.966,66.13,37.018
rstoyanchev-spring-websocket-portfolio,12.844,240.827,227.983,18.75
RTBHOUSE-avro-fastserde,5.127,75.642,70.515,14.753
rtyley-animated-gif-lib-for-java,1.995,5.959,3.964,2.986
ruddell-jhipster-chat-example,3.962,207.469,203.507,52.364
rusakovichma-DocsReporter,3.118,314.528,311.41,100.874
rweather-noise-java,4.02,7.341,3.321,1.826
ryenus-rop,1.368,4.063,2.695,2.97
rynr-launchpad,1.793,4.778,2.985,2.664
saalfeldlab-stitching-spark,36.936,389.253,352.317,10.538
sabomichal-liquibase-mssql,1.565,47.906,46.341,30.61
sachin-handiekar-jInstagram,3.637,46.908,43.271,12.897
sagiegurari-fax4j,4.108,158.426,154.318,38.565
sailthru-sailthru-java-client,2.362,79.894,77.532,33.824
sambatriste-sql-formatter,1.431,5.343,3.912,3.733
sandflow-regxmllib,3.382,19.733,16.351,5.834
sangkeon-java-opa-wasm,2.069,9.468,7.399,4.576
sangupta-bloomfilter,10.091,25.649,15.558,2.541
sangupta-gather,1.498,8.475,6.977,5.657
sangupta-murmur,5.172,15.681,10.509,3.031
saoj-mentabean,1.969,18.061,16.092,9.172
SAP-archive-cloud-paulpredicts,4.176,192.55,188.374,46.108
sarojaba-prettytable4j,1.999,28.938,26.939,14.476
savantly-net-log4j2-extended-jsonlayout,1.765,44.88,43.115,25.427
Sayi-swagger-diff,1.948,57.531,55.583,29.533
sbesada-java.math.expression.parser,12.204,318.556,306.352,26.102
sbesada-java.math.numerical.library,2.322,21.113,18.791,9.092
sblendorio-petscii-bbs,2.544,97.939,95.395,38.498
schnatterer-musicbrainzws2-java,35.574,58.179,22.605,1.635
SchweizerischeBundesbahnen-springboot-graceful-shutdown,4.927,17.652,12.725,3.582
scijava-scripting-clojure,2.167,54.583,52.416,25.188
scipr-lab-dizk,98.848,550.143,451.295,5.565
Scout24-illegal-transitive-dependency-check,1.766,9.693,7.927,5.488
Scout24-spring-boot-rpm-maven-plugin,1.714,22.773,21.059,13.286
scoutant-polyline-decoder,1.416,3.381,1.965,2.387
scouter-contrib-scouter-plugin-server-alert-slack,1.497,6.52,5.023,4.355
scubajorgen-FitReader,4.14,79.486,75.346,19.199
scylladb-kafka-connect-scylladb,3.574,40.608,37.034,11.362
sd4324530-JTuple,1.63,16.192,14.562,9.933
sdorra-shiro-unit,1.909,69.262,67.353,36.281
seahen-maven-s3-wagon,2.074,9.617,7.543,4.636
seansegal-tincisnotcatan,1.612,19.23,17.618,11.929
seaswalker-netty-wheel,19.401,26.377,6.976,1.359
SecureSkyTechnology-burpextender-proxyhistory-webui,2.068,46.842,44.774,22.65
secure-software-engineering-sootdiff,2.369,62.064,59.695,26.198
sedran-moment4j,1.603,4.045,2.442,2.523
seintur-jmixer,1.703,39.289,37.586,23.07
semuxproject-evm,3.291,89.439,86.148,27.176
seregamorph-hamcrest-more-matchers,1.744,10.231,8.487,5.866
serg472-htmlcompressor,2.136,75.141,73.005,35.178
sevntu-checkstyle-dsm-maven-plugin,1.95,35.244,33.294,18.073
sgoertzen-sonar-break-maven-plugin,1.92,22.638,20.718,11.79
sgoeschl-freemarker-cli,2.979,128.585,125.606,43.163
sgreben-regex-builder,1.742,7.531,5.789,4.323
shapesecurity-salvation,1.657,9.378,7.721,5.659
shazam-shazamcrest,1.734,25.851,24.117,14.908
shibing624-crf-seg,1.635,29.292,27.657,17.915
shipilev-jdk-backports-monitor,1.601,3.588,1.987,2.241
shred-commons-xml,1.739,58.878,57.139,33.857
shreyasht-java8-validator,1.362,3.221,1.859,2.364
Shunshun94-discord-bcdicebot,91.85,139.136,47.286,1.514
SiftScience-kafka-assigner,1.41,9.146,7.736,6.486
sigopt-sigopt-java,3.083,171.594,168.511,55.658
silentsoft-oss-notice-file-generator,1.546,4.877,3.331,3.154
simbo1905-root-objects,3.218,196.157,192.939,60.956
simonnagl-netdata-java-orchestrator,4.091,181.022,176.931,44.248
SimpleAstronomy-simple-astronomy-lib,4.168,7.333,3.165,1.759
SimpleFinance-kafka-dropwizard-reporter,1.478,7.593,6.115,5.137
simplenlg-simplenlg,8.164,111.049,102.885,13.602
simplesteph-kafka-connect-github-source,1.805,25.142,23.337,13.929
simplymequeeny-json-string-schema-generator,1.811,29.369,27.558,16.217
sinrimin-netty-socketio-client,35.84,52.105,16.265,1.453
sjbutler-idtk-j,1.475,5.362,3.887,3.635
skayvanfar-cheetah,1.532,3.726,2.194,2.432
skyscreamer-JSONassert,1.595,5.848,4.253,3.666
slub-urnlib,1.569,4.933,3.364,3.144
smacke-jaydio,1.638,4.573,2.935,2.791
smallnest-fastjson-jaxrs-json-provider,23.185,86.515,63.33,3.731
smartics-smartics-jboss-modules-maven-plugin,1.637,15.651,14.014,9.56
smartrics-RestFixture,2.491,32.183,29.692,12.919
smartsheet-platform-smartsheet-java-sdk,4.325,75.362,71.037,17.424
smartystreets-smartystreets-java-sdk,2.601,121.895,119.294,46.864
smitajit-es-rest-mock,2.003,39.07,37.067,19.505
smola-galimatias,2.205,17.682,15.477,8.019
smsapi-smsapi-java-client,1.535,4.273,2.738,2.783
sndyuk-logback-more-appenders,6.196,55.076,48.88,8.888
sofastack-sofa-hessian,21.85,603.049,581.199,27.599
softlayer-softlayer-java,2.283,84.357,82.074,36.95
solita-functional-utils,1.953,401.808,399.855,205.738
Sonal0409-DevOpsCodeDemo,1.488,4.712,3.224,3.166
SonarSource-sonar-auth-bitbucket,1.934,64.49,62.556,33.345
SonarSource-sonar-auth-github,1.802,25.933,24.131,14.391
sonatype-heuristic-version,2.629,35.364,32.735,13.451
sonian-elasticsearch-jetty,6.094,214.144,208.05,35.14
soot-oss-heros,2.105,73.393,71.288,34.866
sorra-TraceSonar,1.395,3.54,2.145,2.537
sparkapi-SparkJava,2.848,38.574,35.726,13.544
spdx-Spdx-Java-Library,6.374,56.88,50.506,8.923
spinscale-elasticsearch-graphite-plugin,36.34,236.278,199.938,6.501
spoofzu-DeepViolet,1.548,27.263,25.715,17.611
SpoonLabs-CoCoSpoon,3.026,87.251,84.225,28.833
SpoonLabs-spooet,2.331,70.086,67.755,30.066
spotify-annoy-java,1.721,4.031,2.31,2.342
spotify-async-datastore-client,2.148,49.369,47.221,22.983
spotify-futures-extra,1.97,76.02,74.05,38.588
spotify-hdfs2cass,1.9,34.252,32.352,18.027
spotify-netty-zmtp,6.06,53.375,47.315,8.807
spotify-simple-bigtable,1.987,23.764,21.777,11.959
spotify-ssh-agent-proxy,1.506,11.345,9.839,7.533
spriet2000-vertx-handlers-http,2.449,39.688,37.239,16.205
springml-salesforce-wave-api,2.57,61.086,58.516,23.768
SpringStudent-GyJdbc,1.728,10.549,8.821,6.104
spullara-cli-parser,1.436,4.227,2.791,2.943
spyhunter99-installcert,1.545,6.044,4.499,3.911
square-burst,1.956,13.083,11.127,6.688
square-gifencoder,1.421,7.782,6.361,5.476
square-jna-gmp,2.542,7.958,5.416,3.13
square-osstrich,1.61,5.845,4.235,3.63
square-pagerduty-incidents,1.57,15.004,13.434,9.556
sranka-jdbcimage,1.545,4.729,3.184,3.06
srikanth-lingala-zip4j,2.552,70.789,68.237,27.738
sritejakv-splitwise-java,2.017,62.035,60.018,30.756
ssedano-jump-consistent-hash,1.419,3.071,1.652,2.164
stackify-stackify-metrics,4.333,141.75,137.417,32.714
starkbank-ecdsa-java,1.498,4.056,2.558,2.707
StarlangSoftware-Corpus,2.916,10.875,7.959,3.729
StarlangSoftware-TurkishPropBank,2.342,51.237,48.895,21.877
StarlangSoftware-TurkishSentiNet,2.865,61.075,58.21,21.317
StaticBeagle-ETK4J,1.548,8.004,6.456,5.17
stefanbirkner-fake-sftp-server-rule,56.041,61.245,5.204,1.092
STEMLab-JIneditor,1.466,8.705,7.239,5.937
steveash-jopenfst,1.598,17.965,16.367,11.242
stevespringett-CPE-Parser,1.475,14.671,13.196,9.946
stevespringett-cvss-calculator,1.428,4.772,3.344,3.341
stevespringett-owasp-risk-rating-calculator,1.448,3.898,2.45,2.691
stevespringett-threatmodel-sdk,1.717,6.645,4.928,3.87
stoicflame-ofx4j,2.224,26.326,24.102,11.837
str4d-ed25519-java,6.684,11.151,4.467,1.668
streamx-co-ExTree,1.6,7.823,6.223,4.889
stripe-interview-java-interview-prep,1.379,5.613,4.234,4.07
studerw-td-ameritrade-client,2.824,79.898,77.074,28.292
stupid1t-poi-excel,2.109,59.719,57.61,28.316
SumoLogic-sumologic-kinesis-connector,4.267,74.167,69.9,17.381
Supera-Inovacao-Tecnologia-PS-Java,2.16,103.291,101.131,47.819
supercargo-guice-persist-jooq,2.292,89.297,87.005,38.96
SValentyn-Payment-Management-System,1.459,9.106,7.647,6.241
SvenEwald-xmlbeam,3.616,25.866,22.25,7.153
svenkubiak-jBCrypt,14.584,16.416,1.832,1.125
swagger-api-swaggerhub-maven-plugin,7.085,255.308,248.223,36.035
Sweetiee-yi-Jaba,5.6,113.613,108.013,20.288
swri-robotics-bag-reader-java,1.973,16.225,14.252,8.223
swtcpro-jingtum-lib-java,1.76,37.024,35.264,21.036
sysco-middleware-kafka-client-collector,1.71,36.736,35.026,21.483
szagriichuk-search-api,1.894,8.391,6.497,4.43
tabulapdf-tabula-java,57.538,1278.462,1220.924,22.219
tacitknowledge-jcr-mock,1.821,12.062,10.241,6.623
TakahikoKawasaki-nv-i18n,1.99,17.295,15.305,8.69
TakahikoKawasaki-nv-websocket-client,2.002,4.323,2.321,2.159
takari-directory-watcher,7.051,12.888,5.837,1.827
takari-maven-profiler,1.748,33.703,31.955,19.28
takari-takari-local-repository,9.413,21.217,11.804,2.254
takashi-ishio-selogger,4.364,68.85,64.486,15.776
talios-coffee-maven-plugin,5.04,484.518,479.478,96.134
tarql-tarql,2.164,66.924,64.76,30.926
tauris-io-expression,1.951,16.158,14.207,8.281
taxjar-taxjar-java,5.065,28.159,23.094,5.559
tbuktu-ntru,7.476,11.82,4.344,1.581
tchristofferson-Config-Updater,1.615,18.612,16.997,11.524
tcurdt-hadoop-lzo-java,1.356,3.768,2.412,2.778
tcurdt-jdeb,3.122,106.874,103.752,34.232
tcurdt-jdependency,2.145,10.642,8.497,4.961
tdebatty-java-LSH,2.257,8.271,6.014,3.664
tdebatty-java-string-similarity,2.303,6.326,4.023,2.746
tdunning-anomaly-detection,1.733,5.662,3.929,3.267
tdunning-bandit-ranking,5.467,33.327,27.86,6.096
tdunning-open-json,1.45,5.82,4.37,4.013
teaey-apns4j,1.402,3.489,2.087,2.488
tecsinapse-tecsinapse-data-io,5.003,104.927,99.924,20.972
telefonicaid-netphony-network-protocols,1.84,17.591,15.751,9.56
tencentyun-cos-java-sdk-v4,1.578,5.651,4.073,3.581
tenlee2012-elasticsearch-analysis-demo,1.75,38.192,36.442,21.824
terrestris-shogun-legacy,1.797,26.396,24.599,14.688
tfredrich-DateAdapterJ,1.452,3.469,2.017,2.389
ThangLeQuoc-aqi-calculator,2.252,25.942,23.69,11.519
Thare-Lam-fast-elasticsearch-query-builder,1.67,34.261,32.591,20.515
TheBlackChamber-commons-encryption,21.336,39.772,18.436,1.864
theborakompanioni-thymeleaf-extras-shiro,2.286,54.471,52.185,23.828
TheCookieLab-poloniex-api-java,1.848,35.087,33.239,18.986
thegedge-java-radix-tree,1.744,12.445,10.701,7.135
TheHolyWaffle-TeamSpeak-3-Java-API,1.474,4.096,2.622,2.778
ThinkingDataAnalytics-java-sdk,1.622,27.95,26.328,17.231
thomasmueller-minperf,5.433,26.099,20.666,4.803
thomasmueller-tinyStats,11.916,32.84,20.924,2.755
ThoughtWire-hazelcast-locks,61.789,98.782,36.993,1.598
thrau-jarchivelib,3.258,17.857,14.599,5.48
threedr3am-dubbo-exp,1.563,5.67,4.107,3.627
threefish-nutz-sqltpl,2.059,34.83,32.771,16.915
threerings-react,1.847,9.55,7.703,5.17
ThreeTen-threetenbp,6.133,55.874,49.741,9.11
thundra-io-thundra-lambda-warmup,9.019,89.921,80.902,9.97
thymeleaf-thymeleaf-itutorial,1.608,32.848,31.24,20.427
TiBeN-ia-rcade,1.971,13.091,11.12,6.641
tking-JSTUN,1.468,3.798,2.33,2.587
tkutcher-jgrade,3.643,8.298,4.655,2.277
TNG-property-loader,2.967,85.737,82.77,28.896
tobyweston-Refactoring-Chapter-1,1.418,5.555,4.137,3.917
tommyettinger-BlazingChain,1.465,3.575,2.11,2.44
tommyettinger-RegExodus,2.502,8.099,5.597,3.237
tomsik68-mclauncher-api,1.397,5.875,4.478,4.205
tomwhite-set-game,260.386,293.95,33.564,1.128
TongxiJi-shadowsocks-java,1.833,28.846,27.013,15.737
tonikolaba-BatBat-Game,2.333,8.893,6.56,3.811
tony19-named-regexp,1.958,5.631,3.673,2.875
tonydeng-fmj,1.931,14.033,12.102,7.267
tonysparks-leola,2.343,21.533,19.19,9.19
toolbox4minecraft-amidst,2.299,17.377,15.078,7.558
toolfactory-narcissus,1.852,9.659,7.807,5.215
topwingo-zeroFlow,3.273,28.359,25.086,8.664
ToryZhou-design-pattern,1.471,6.039,4.568,4.105
traiana-kafka-spiffe-principal,1.898,44.49,42.592,23.44
trekawek-coffee-gb,1.53,8.384,6.854,5.479
trganda-yaml2http,1.69,42.017,40.327,24.862
Trigary-AdvancementCreator,2.064,22.319,20.255,10.813
triologygmbh-reCAPTCHA-V2-java,2.248,67.684,65.436,30.108
tripluo-jrouter,2.712,71.271,68.559,26.279
trystan-AsciiPanel,2.397,21.038,18.641,8.776
Tsovak-selenium-wrapper-framework,3.537,43.101,39.564,12.185
tud-fop-j-Algo,1.43,3.393,1.963,2.372
tupilabs-tap4j,2.101,15.639,13.538,7.443
tv2norge-collab-java-serf-client,1.462,5.438,3.976,3.719
tvesalainen-bcc,1.659,8.417,6.758,5.073
Twasi-twasi-core,1.872,7.203,5.331,3.847
twitter-joauth,2.418,78.709,76.291,32.551
twitter-netty-http2,1.664,21.265,19.601,12.779
twitter-nodes,1.809,36.481,34.672,20.166
twitter-sbf,2.844,24.158,21.314,8.494
twitter-twitter-korean-text,15.039,126.169,111.13,8.389
typesafehub-netty-http-pipelining,12.539,21.053,8.514,1.679
uber-common-jvm-profiler,4.413,45.04,40.627,10.206
udger-udger-java,2.252,7.63,5.378,3.388
uia4j-uia-sim,1.799,27.705,25.906,15.4
uklimaschewski-JMXWrapper,1.615,4.486,2.871,2.777
ukman-kolobok,1.452,9.305,7.853,6.408
undera-perfmon-agent,6.417,18.769,12.352,2.924
unitsofmeasurement-unit-ri,1.901,8.683,6.782,4.567
unitsofmeasurement-uom-se,1.924,11.109,9.185,5.773
unruly-control,2.054,45.885,43.831,22.339
unruly-java-8-matchers,1.782,5.927,4.145,3.326
uPortal-Project-portlet-utils,2.182,46.075,43.893,21.115
uPortal-Project-WebproxyPortlet,2.753,122.884,120.131,44.636
uprotocol-platform-java,22.375,54.797,32.422,2.449
upyun-java-sdk,55.931,74.863,18.932,1.338
urbanairship-datacube,540.841,832.934,292.093,1.54
usingsky-KoreanLunarCalendar,1.45,3.091,1.641,2.131
usnistgov-Lineage-Mapper,2.038,18.289,16.251,8.973
uwolfer-gerrit-rest-java-client,3.94,86.639,82.699,21.989
valery1707-kaitai-maven-plugin,13.927,31.364,17.437,2.252
valfirst-jbehave-junit-runner,3.247,114.144,110.897,35.153
vangj-jbayes,1.917,38.796,36.879,20.237
vashishthask-eclipse-to-maven,1.536,15.983,14.447,10.405
vasia-gelly-streaming,8.198,207.754,199.556,25.342
VaughnVernon-mockroservices-java,4.163,15.22,11.057,3.656
vaulttec-sonar-auth-oidc,2.283,130.081,127.798,56.978
vdurmont-emoji-java,2.211,6.431,4.22,2.908
vdurmont-etaprinter,1.403,6.868,5.465,4.895
vdurmont-semver4j,1.586,6.889,5.303,4.343
venushka-jmxeval,2.451,75.436,72.985,30.777
VerbalExpressions-JavaVerbalExpressions,1.928,4.627,2.699,2.399
verilylifesciences-genomewarp,2.291,54.44,52.149,23.762
vert-x3-vertx-docgen,2.848,21.565,18.717,7.571
vert-x3-vertx-maven-starter,1.8,40.917,39.117,22.731
vert-x3-vertx-service-factory,2.174,30.453,28.279,14.007
vibur-vibur-object-pool,2.959,5.164,2.205,1.745
victor-porcar-delayed-batch-executor,33.772,49.718,15.946,1.472
victorrentea-clean-code-dive,1.401,3.113,1.712,2.221
vidageek-crawler,8.957,25.352,16.395,2.83
vidstige-jadb,1.748,50.004,48.256,28.606
vincentrussell-java-ini-parser,1.55,12.885,11.335,8.312
vinhkhuc-lbfgs4j,1.57,3.789,2.219,2.413
vinta-pangu.java,1.735,4.419,2.684,2.546
visenze-visearch-sdk-java,2.698,78.671,75.973,29.159
vitalidze-chromecast-java-api-v2,2.697,40.463,37.766,15.002
vivekragunathan-JINQ,1.381,4.887,3.506,3.538
viz-centric-flair-commons,1.605,5.993,4.388,3.733
vizor-games-infraworld-cornerstone,1.46,5.024,3.564,3.441
vlingo-xoom-auth,17.509,68.488,50.979,3.911
vlingo-xoom-cluster,9.688,130.683,120.995,13.489
vlingo-xoom-streams,3.793,16.726,12.933,4.409
vmware-vrops-export,2.274,117.185,114.911,51.532
vmzakharov-dataframe-ec,2.587,73.473,70.886,28.4
volkodavs-secret-santa,1.341,8.472,7.131,6.317
volodya-lombrozo-hg-revision-plugin,1.628,7.279,5.651,4.471
w3blogfr-zebra-zpl,1.436,3.711,2.275,2.584
walmartlabs-gozer,2.105,82.327,80.222,39.11
wang007-vertx-start,1.921,17.207,15.286,8.957
warmuuh-libsass-maven-plugin,1.681,7.668,5.987,4.561
wavefrontHQ-wavefront-fdb-tailer,1.668,40.566,38.898,24.32
wavefrontHQ-wftop,2.269,28.502,26.233,12.561
waynedyck-gwt-gantt,1.365,4.019,2.654,2.944
wcnwyx-gm-encryption,1.596,15.957,14.361,9.998
wdtinc-mapbox-vector-tile-java,1.793,21.798,20.005,12.157
wealthfront-thompson-sampling,1.656,58.365,56.709,35.244
weaverj-erserver,1.433,4.989,3.556,3.481
webbynet-protostuff-runtime-proto,1.538,19.867,18.329,12.917
webjars-webjars-locator,3.975,54.98,51.005,13.831
weblyzard-nilsimsa,1.424,4.193,2.769,2.944
webmate-io-webmate-sdk-java,1.89,43.193,41.303,22.853
WebThingsIO-webthing-java,1.515,9.36,7.845,6.178
wechatpay-apiv3-CertificateDownloader,1.487,23.25,21.763,15.635
Wedjaa-JavaAnsibleVault,2.696,35.328,32.632,13.103
weibocom-yar-java,1.663,30.141,28.478,18.124
welk1n-ReverseShell-Java,1.825,11.443,9.618,6.27
wepay-WePay-Java-SDK,1.365,8.18,6.815,5.992
weswilliams-GivWenZen,2.529,111.421,108.892,44.057
whizzosoftware-WZWave,2.342,72.039,69.697,30.759
william-ferguson-au-asymmetric-crypto,1.41,3.694,2.284,2.619
wiqer-ef-redis,5.768,86.544,80.776,15.004
wmixvideo-bradesco-boleto-registro,1.397,9.404,8.007,6.731
wnameless-workbook-accessor,3.089,93.781,90.692,30.359
wolf-yuan-6115-flowermoon,2.012,4.153,2.141,2.064
woodpecker-appstore-yonyou-nc-decrypter,1.408,3.049,1.641,2.165
Workday-timeseries-forecast,3.088,5.14,2.052,1.664
wso2-config-mapper,2.297,65.171,62.874,28.372
wstrange-GoogleAuth,1.587,5.585,3.998,3.519
wttech-Maven-CRX-Plugin,1.631,16.233,14.602,9.952
wuba-LPA-Detector,5.954,217.614,211.66,36.549
wxynihao-book118-downloader,86.675,128.903,42.228,1.487
xcbeyond-ConferenceTrackManagement,1.474,4.151,2.677,2.816
Xchuanshuo-LiteNESEmulator,1.458,7.672,6.214,5.262
xcsp3team-XCSP3-Java-Tools,3.584,21.057,17.473,5.875
xdwangwei-atguigu_ssm_crud,2.198,53.03,50.832,24.126
xebia-Xebium,2.558,77.578,75.02,30.327
xianfengyi-ExprEngine,1.476,13.057,11.581,8.846
xiangbohua-scales-bridge,1.376,3.451,2.075,2.507
xingePush-xinge-api-java,21.817,50.869,29.052,2.331
xjodoin-torpedoquery,2.229,68.865,66.636,30.895
xnnyygn-dynamic-log-level,1.544,4.749,3.205,3.075
xspec-xspec-maven-plugin-1,7.816,324.726,316.91,41.546
xuanbo-dag-executor,17.361,25.864,8.503,1.489
xuminwlt-j360-tools,1.422,7.581,6.159,5.331
XUranus-lightsocks-java,1.469,7.549,6.08,5.138
yagarea-java-chat,1.607,6.096,4.489,3.793
yanceyZhang-wx-chatbot,8.081,46.301,38.22,5.729
yawkat-reflect,1.745,3.606,1.861,2.066
ycdtbs-Face-recognition-login,4.224,169.172,164.948,40.05
yegor256-cactoos,12.491,39.383,26.892,3.152
yfpeng-pengyifan-leetcode,1.555,7.778,6.223,5.001
yichen0831-OpenCC-Java,1.629,10.541,8.912,6.47
yinlou-mltk,1.902,11.958,10.056,6.287
yomorun-hashids-java,2.469,16.379,13.91,6.633
ysc-word,20.9,356.208,335.308,17.043
Yubico-yubico-j,1.334,4.134,2.8,3.098
YuboLong-MyLive,1.583,24.569,22.986,15.52
yuqi1129-calcite-test,1.722,56.549,54.827,32.839
yurelle-Base45Encoder,2.935,10.371,7.436,3.533
zafarkhaja-jsemver,2.439,7.862,5.423,3.223
zalandoresearch-zap,38.829,242.342,203.513,6.241
zalando-stups-java-sproc-wrapper,1.934,72.598,70.664,37.537
zencoder-zencoder-java,29.713,61.074,31.361,2.055
zeroturnaround-maven-jrebel-plugin,1.533,5.397,3.864,3.52
zeroturnaround-zt-process-killer,62.45,79.471,17.021,1.272
zerouwar-Octopus,2.285,76.965,74.68,33.682
Zettelkasten-Team-Zettelkasten,1.889,23.614,21.725,12.5
zhanyeye-DesSim,1.578,30.014,28.436,19.02
zhaolihe-useragent-parser,1.667,34.567,32.9,20.736
zheng93775-mysql-lock,5.308,33.713,28.405,6.351
zhining-lu-netty-websocket-proxy,1.717,33.787,32.07,19.677
zhixiangli-code-similarity,1.437,6.22,4.783,4.328
ZhongAnTech-dmds,1.633,30.688,29.055,18.792
zhongxunking-sync,21.647,7.193,-14.454,0.332
zhoujianling-PointCloudUtilities,6.15,63.345,57.195,10.3
zhuweitung-banana-helper,1.659,31.158,29.499,18.781
zihluwang-opensource-core,1.487,13.613,12.126,9.154
Zlika-reproducible-build-maven-plugin,1.77,15.914,14.144,8.99
zman2013-scuttlebutt,2.167,67.57,65.403,31.181
ZsBT-mrz-java,1.592,7.588,5.996,4.766
ztelur-consistent-hash-algorithm,1.669,4.093,2.424,2.452
spullara-java-future-jdk8,104.549,4586.226,4481.677,43.866
StarlangSoftware-TurkishDeasciifier,3.141,5343.182,5340.041,1701.108
StarlangSoftware-TurkishSpellChecker,29.549,16651.334,16621.785,563.515
finmath-finmath-lib,1561.881,18101.907,16540.026,11.589
stanfordnlp-CoreNLP,32.185,23224.43,23192.245,721.591
ipeirotis-Get-Another-Label,8.693,10361.119,10352.426,1191.892
santanusinha-json-rules,3.826,10321.65,10317.824,2697.765
orientechnologies-orientdb-etl,14.309,71586.621,71572.312,5002.908
StarlangSoftware-TurkishMorphologicalAnalysis,46.842,103536.15,103489.308,2210.327
StarlangSoftware-TurkishWordNet,176.266,1513.392,1337.126,8.585
red6-pdfcompare,10.44,2738.213,2727.773,262.28
StarlangSoftware-TurkishMorphologicalDisambiguation,46.946,8560.935,8513.989,182.357
opennars-opennars,278.048,5402.779,5124.731,19.431
dakusui-jcunit,10.611,626.765,616.154,59.067
asterisk-java-asterisk-java,33.044,311.536,278.492,9.428
DiUS-java-faker,36.591,16045.817,16009.226,438.518